tarih,gun,gun_adi,tc,sicil,kart,ad_soyad,bolum,lokasyon,raw_g_saat,raw_c_saat,effective_g,effective_c,all_punches,gross_hours,break_hours,fiili_sure,base_hours,overtime_hours,bonus_hours,final_hours,status_type,is_exception,audit_note
1.09.2026,1,Salı,18655664102,00011,00011,ADVİYE YARICI,BALIK TEMİZLEME,HALİL DİĞRENCİ,08:00,17:10,08:00,17:10,"08:00, 17:10",9.17,1.5,7.5,7.5,0.0,0.0,7.5,NORMAL,False,
1.09.2026,1,Salı,23527501454,00583,00583,AHMET BEYHAN,BAKIM,KARACABEY,08:00,18:01,08:00,18:01,"08:00, 18:01",10.02,1.5,8.5,7.5,1.0,0.0,8.5,NORMAL,False,
1.09.2026,1,Salı,21925456598,00830,00830,AHMET ÇÇAYLAK,AMBAR,BALIKESİR,19:56,05:37,20:00,05:37,"19:56, 05:37",9.68,0.5,9.0,3.5,5.5,0.0,9.0,NORMAL,False,
1.09.2026,1,Salı,28123249472,00207,00207,AHMET ŞŞENER,MEYDAN,SUSURLUK,07:38,17:02,08:00,17:02,"07:38, 17:02",9.4,1.5,7.5,7.5,0.0,0.0,7.5,NORMAL,False,
1.09.2026,1,Salı,16510742668,01154,01154,AKİF TÜRKÇÜ,BALIK TEMİZLİK,MKP,-,17:12,08:00,17:12,17:12,9.2,1.5,7.5,7.5,0.0,0.0,7.5,GİRİŞ_YOK_AKŞAM,True,"Çıkış: 17:12 | Giriş Basılmadı (08:00 başı ile 7,5s korundu)"
1.09.2026,1,Salı,13183506030,01102,01102,ALİ EŞREF AKIN,ÜRETİM,HALİL DİĞRENCİ,07:58,17:01,08:00,17:01,"07:58, 17:01",9.05,1.5,7.5,7.5,0.0,0.0,7.5,NORMAL,False,
1.09.2026,1,Salı,18394573482,00208,00208,ANIL DEMİRTAŞ,KONSERVE ÜRETİM ELEMANI,GÖBEL,15:56,23:59,15:56,23:59,"15:56, 23:59",8.05,0.5,7.5,7.5,0.0,0.0,7.5,NORMAL,False,
1.09.2026,1,Salı,99320980932,00247,00247,ANUD ELMEAŞİ,BALIK TEMİZLEME,GÜVEN TURİZM,07:37,17:07,08:00,17:07,"07:37, 17:07",9.5,1.5,7.5,7.5,0.0,0.0,7.5,NORMAL,False,
1.09.2026,1,Salı,28336192374,00308,00308,ARZU KILA,AMBAR,BİGADİÇ,07:37,17:09,08:00,17:09,"07:37, 17:09",9.53,1.5,7.5,7.5,0.0,0.0,7.5,NORMAL,False,
1.09.2026,1,Salı,28033351500,01357,01357,ARZU ÖZTÜRK,BALIK TEMİZLEME,GÜVEN MUSTAFAKEMALPAŞA,07:52,17:12,08:00,17:12,"07:52, 17:12",9.33,1.5,7.5,7.5,0.0,0.0,7.5,NORMAL,False,
1.09.2026,1,Salı,12572550074,00209,00209,ASYA TİLKİ,BALIK TEMİZLEME,KARACABEY,07:42,17:10,08:00,17:10,"07:42, 17:10",9.47,1.5,7.5,7.5,0.0,0.0,7.5,NORMAL,False,
1.09.2026,1,Salı,22426711476,00754,00754,AYNUR DEMİRCAN,BALIK TEMİZLEME,HALİL DİĞRENCİ,08:00,17:06,08:00,17:06,"08:00, 17:06",9.1,1.5,7.5,7.5,0.0,0.0,7.5,NORMAL,False,
1.09.2026,1,Salı,21089727848,00870,00870,AYSEL YILMAZ,BALIK TEMİZLEME,HALİL DİĞRENCİ,08:00,17:02,08:00,17:02,"08:00, 17:02",9.03,1.5,7.5,7.5,0.0,0.0,7.5,NORMAL,False,
1.09.2026,1,Salı,13543834438,01145,01145,AYSEL ÇETİNTAŞ,ÜRETİM,HALİL DİĞRENCİ,07:58,17:07,08:00,17:07,"07:58, 17:07",9.15,1.5,7.5,7.5,0.0,0.0,7.5,NORMAL,False,
1.09.2026,1,Salı,25567503092,00211,00211,AYÇA SEZER,KALİTE,BANDIRMA,07:40,17:07,08:00,17:07,"07:40, 17:07",9.45,1.5,7.5,7.5,0.0,0.0,7.5,NORMAL,False,
1.09.2026,1,Salı,24280352994,00214,00214,AYŞE KARAMAN,BALIK TEMİZLEME,BALIKESİR,07:49,17:00,08:00,17:00,"07:49, 17:00",9.18,1.5,7.5,7.5,0.0,0.0,7.5,NORMAL,False,
1.09.2026,1,Salı,33253033204,00021,00021,AYŞE KURT,ÜRETİM,BİGADİÇ,16:03,00:06,16:00,00:06,"16:03, 00:06",8.05,0.5,7.5,7.5,0.0,0.0,7.5,NORMAL,False,
1.09.2026,1,Salı,34120156552,00215,00215,AYŞE YILMAZ,BALIK DOLUM,MKP,07:53,19:05,08:00,19:05,"07:53, 19:05",11.2,1.5,9.5,7.5,4.0,2.0,11.5,BÖLÜM_PRİMLİ,False,"Balık Dolum ve Kesim Primi: Fiili 9,5s -> Bonuslu 11,5s (+2,0s Prim)"
1.09.2026,1,Salı,11284759850,00018,00018,AYŞE ÇENECİOĞLU,AMBAR,BİGADİÇ,07:36,17:09,08:00,17:09,"07:36, 17:09",9.55,1.5,7.5,7.5,0.0,0.0,7.5,NORMAL,False,
1.09.2026,1,Salı,25610607388,01353,01353,BAHAR FİDAN,ÜRETİM,SÇEVİKAT ÇELİK,07:59,17:02,08:00,17:02,"07:59, 17:02",9.05,1.5,7.5,7.5,0.0,0.0,7.5,NORMAL,False,
1.09.2026,1,Salı,12496719380,01139,01139,BEDİA KAYMAZ,AMBAR,BİGADİÇ,07:37,17:14,08:00,17:14,"07:37, 17:14",9.62,1.5,7.5,7.5,0.0,0.0,7.5,NORMAL,False,
1.09.2026,1,Salı,14725695762,00025,00025,BEHİCE YALMAN,BALIK DOLUM,GÖBEL,07:39,18:57,08:00,18:57,"07:39, 18:57",11.3,1.5,9.5,7.5,4.0,2.0,11.5,BÖLÜM_PRİMLİ,False,"Balık Dolum ve Kesim Primi: Fiili 9,5s -> Bonuslu 11,5s (+2,0s Prim)"
1.09.2026,1,Salı,11206757414,00902,00902,BERK BERBER,ÇEVRE MÜHENDİSİ,BANDIRMA,09:24,19:32,09:30,19:32,"09:24, 19:32",10.13,1.5,8.5,6.0,2.5,0.0,8.5,NORMAL,False,
1.09.2026,1,Salı,25297298992,00216,00216,BETÜL TUNÇ,BALIK TEMİZLEME,BANDIRMA,07:40,17:10,08:00,17:10,"07:40, 17:10",9.5,1.5,7.5,7.5,0.0,0.0,7.5,NORMAL,False,
1.09.2026,1,Salı,10201948476,01170,01170,BUKET DÖNMEZ,KALİTE,HALİL DİĞRENCİ,08:00,17:10,08:00,17:10,"08:00, 17:10",9.17,1.5,7.5,7.5,0.0,0.0,7.5,NORMAL,False,
1.09.2026,1,Salı,36388061296,01284,01284,BUKET SARİBAL,BALIK TEMİZLEME,GÜVEN TURİZM,07:37,17:02,08:00,17:02,"07:37, 17:02",9.42,1.5,7.5,7.5,0.0,0.0,7.5,NORMAL,False,
1.09.2026,1,Salı,28103495080,01336,01336,BÜŞRA YAVRUTÜRK,ÜRETİM,SÇEVİKAT ÇELİK,07:59,17:06,08:00,17:06,"07:59, 17:06",9.12,1.5,7.5,7.5,0.0,0.0,7.5,NORMAL,False,
1.09.2026,1,Salı,33316051664,01339,01339,BİLGİNUR SÜMER,BALIK TEMİZLEME,BALIKESİR,07:51,17:06,08:00,17:06,"07:51, 17:06",9.25,1.5,7.5,7.5,0.0,0.0,7.5,NORMAL,False,
1.09.2026,1,Salı,11950763822,01348,01348,BİLGİYE TOPAL,BALIK TEMİZLEME,GÜVEN MUSTAFAKEMALPAŞA,07:52,17:12,08:00,17:12,"07:52, 17:12",9.33,1.5,7.5,7.5,0.0,0.0,7.5,NORMAL,False,
1.09.2026,1,Salı,31678238334,00922,00922,CANSEL AKCAN,BALIK TEMİZLEME,GÜVEN MUSTAFAKEMALPAŞA,07:51,17:08,08:00,17:08,"07:51, 17:08",9.28,1.5,7.5,7.5,0.0,0.0,7.5,NORMAL,False,
1.09.2026,1,Salı,16933572286,00030,00030,CANSEVER ÇÇAKMAK,AMBAR,BİGADİÇ,07:37,17:11,08:00,17:11,"07:37, 17:11",9.57,1.5,7.5,7.5,0.0,0.0,7.5,NORMAL,False,
1.09.2026,1,Salı,33154180038,00031,00031,CEMALETTİN BEDİZCİ,BAKIM,KARACABEY,07:46,18:57,08:00,18:57,"07:46, 18:57",11.18,1.5,9.5,7.5,2.0,0.0,9.5,NORMAL,False,
1.09.2026,1,Salı,23083367440,00320,00320,CEYDA ÖZ,KALİTE,BİGADİÇ,16:02,00:01,16:00,00:01,"16:02, 00:01",7.98,0.5,7.5,7.5,0.0,0.0,7.5,NORMAL,False,
1.09.2026,1,Salı,16699736366,01330,01330,CEYLAN BATAN,BALIK TEMİZLEME,GÜVEN MUSTAFAKEMALPAŞA,07:52,17:12,08:00,17:12,"07:52, 17:12",9.33,1.5,7.5,7.5,0.0,0.0,7.5,NORMAL,False,
1.09.2026,1,Salı,19313787324,00943,00943,CİHAN YILMAZ,BALIK,HALİL DİĞRENCİ,08:01,17:01,08:00,17:01,"08:01, 17:01",9.0,1.5,7.5,7.5,0.0,0.0,7.5,NORMAL,False,
1.09.2026,1,Salı,22634353154,01083,01083,DAİMİLA GÖKÇE,ÜRETİM,HALİL DİĞRENCİ,07:58,17:09,08:00,17:09,"07:58, 17:09",9.18,1.5,7.5,7.5,0.0,0.0,7.5,NORMAL,False,
1.09.2026,1,Salı,37525041782,00218,00218,DERYA SEVİNÇ,FORMEN,MKP,07:49,17:11,08:00,17:11,"07:49, 17:11",9.37,1.5,7.5,7.5,0.0,0.0,7.5,NORMAL,False,
1.09.2026,1,Salı,99848635024,00283,00283,DUHA EL MUFADDİ,BALIK TEMİZLEME,MKP,07:53,17:10,08:00,17:10,"07:53, 17:10",9.28,1.5,7.5,7.5,0.0,0.0,7.5,NORMAL,False,
1.09.2026,1,Salı,23509358892,00386,00386,DÖNDÜ ŞAHİN,KALİTE,BANDIRMA,07:40,17:07,08:00,17:07,"07:40, 17:07",9.45,1.5,7.5,7.5,0.0,0.0,7.5,NORMAL,False,
1.09.2026,1,Salı,17329708456,01285,01285,DİLEK ÇEKİN,BALIK TEMİZLEME,GÜVEN TURİZM,07:35,17:07,08:00,17:07,"07:35, 17:07",9.53,1.5,7.5,7.5,0.0,0.0,7.5,NORMAL,False,
1.09.2026,1,Salı,10456937386,01362,01362,DİLEK ÇETİN,,HALİL DİĞRENCİ,08:03,17:07,08:00,17:07,"08:03, 17:07",9.07,1.5,7.5,7.5,0.0,0.0,7.5,NORMAL,False,
1.09.2026,1,Salı,12562741222,00872,00872,EBRU ÖÖZALP,BALIK TEMİZLEME,BALIKESİR,07:50,17:03,08:00,17:03,"07:50, 17:03",9.22,1.5,7.5,7.5,0.0,0.0,7.5,NORMAL,False,
1.09.2026,1,Salı,29563469352,00563,00563,EDİP EKİNCİ,KAZAN,SUSURLUK,19:56,07:50,20:00,07:50,"19:56, 07:50",11.9,0.5,11.5,3.5,8.0,0.0,11.5,NORMAL,False,
1.09.2026,1,Salı,10066843626,00374,00374,EFE EVİM,AMBAR,BİGADİÇ,07:37,17:11,08:00,17:11,"07:37, 17:11",9.57,1.5,7.5,7.5,0.0,0.0,7.5,NORMAL,False,
1.09.2026,1,Salı,14266711334,00037,00037,EFRAİM DUMAN,AMBAR,SUSURLUK,19:56,07:51,20:00,07:51,"19:56, 07:51",11.92,0.5,11.5,3.5,8.0,0.0,11.5,NORMAL,False,
1.09.2026,1,Salı,20036722080,00039,00039,ELMAS OMAY,AMBAR,BALIKESİR,07:51,17:07,08:00,17:07,"07:51, 17:07",9.27,1.5,7.5,7.5,0.0,0.0,7.5,NORMAL,False,
1.09.2026,1,Salı,16591633060,00038,00038,ELİF TUNÇ,KALİTE,BANDIRMA,08:36,-,08:36,17:00,08:36,7.5,1.5,7.5,7.5,0.0,0.0,7.5,ÇIKIŞ_YOK_SABAH,True,"Giriş: 08:36 | Çıkış Basılmadı (Tam Gün 7,5s yazıldı)"
1.09.2026,1,Salı,20266511430,00002,00002,ELİF YAVAŞ,MUHASEBE,SUSURLUK,08:02,17:16,08:00,17:16,"08:02, 17:16",9.23,1.5,7.5,7.5,0.0,0.0,7.5,NORMAL,False,
1.09.2026,1,Salı,31009103096,00204,00204,EMEL SANAN,AMBAR,BİGADİÇ,07:36,17:14,08:00,17:14,"07:36, 17:14",9.63,1.5,7.5,7.5,0.0,0.0,7.5,NORMAL,False,
1.09.2026,1,Salı,20584476770,00219,00219,EMİNE ATEŞ,BALIK TEMİZLEME,BALIKESİR,07:50,17:01,08:00,17:01,"07:50, 17:01",9.18,1.5,7.5,7.5,0.0,0.0,7.5,NORMAL,False,
1.09.2026,1,Salı,12523718256,00043,00043,EMİNE BAYER,AMBAR,BİGADİÇ,07:37,17:10,08:00,17:10,"07:37, 17:10",9.55,1.5,7.5,7.5,0.0,0.0,7.5,NORMAL,False,
1.09.2026,1,Salı,16111749134,01300,01300,EMİNE KARAMAN,BALIK TEMİZLEME,HALİL DİĞRENCİ,08:00,17:11,08:00,17:11,"08:00, 17:11",9.18,1.5,7.5,7.5,0.0,0.0,7.5,NORMAL,False,
1.09.2026,1,Salı,12379749978,00197,00197,EMİNE SARI,YEMEKHANE,BALIKESİR,07:55,17:05,08:00,17:05,"07:55, 17:05",9.17,1.5,7.5,7.5,0.0,0.0,7.5,NORMAL,False,
1.09.2026,1,Salı,45328882280,00859,00859,EMİNE YAVUZ,BALIK TEMİZLEME,GÜVEN TURİZM,07:36,17:08,08:00,17:08,"07:36, 17:08",9.53,1.5,7.5,7.5,0.0,0.0,7.5,NORMAL,False,
1.09.2026,1,Salı,20503503198,00045,00045,EMİNE ÇAPAR,YEMEKHANE,GÖBEL,18:25,04:04,18:30,04:04,"18:25, 04:04",9.65,0.5,9.0,5.0,4.0,0.0,9.0,NORMAL,False,
1.09.2026,1,Salı,37030668238,01180,01180,EMİNE ŞENTÜRK CİNGÖZ,BALIK TEMİZLEME,GÜVEN TURİZM,07:36,17:08,08:00,17:08,"07:36, 17:08",9.53,1.5,7.5,7.5,0.0,0.0,7.5,NORMAL,False,
1.09.2026,1,Salı,10036852948,00046,00046,EMİRHAN MUTLU,BAKIM,GÖBEL,08:08,17:05,08:00,17:05,"08:08, 17:05",8.95,1.5,7.5,7.5,0.0,0.0,7.5,NORMAL,False,
1.09.2026,1,Salı,29470204244,00007,00007,ENDER BİLBAY,KAPI GÖREVLİSİ,GÖBEL,15:56,00:00,15:56,00:00,"15:56, 00:00",8.07,0.5,7.5,7.5,0.0,0.0,7.5,NORMAL,False,
1.09.2026,1,Salı,98284188514,00293,00293,ENES ABDE,BALIK TEMİZLEME,MKP,07:53,17:11,08:00,17:11,"07:53, 17:11",9.3,1.5,7.5,7.5,0.0,0.0,7.5,NORMAL,False,
1.09.2026,1,Salı,34795126850,01351,01351,ERCAN POLAT,BİLGİSAYAR MÜHENDİSİ,KARACABEY,07:42,17:17,08:00,17:17,"07:42, 17:17",9.58,1.5,7.5,7.5,0.0,0.0,7.5,NORMAL,False,
1.09.2026,1,Salı,35581001238,00481,00481,ERCÜMENT AYGÜL,AMBAR,SUSURLUK,19:56,05:37,20:00,05:37,"19:56, 05:37",9.68,0.5,9.0,3.5,5.5,0.0,9.0,NORMAL,False,
1.09.2026,1,Salı,23131415628,00047,00047,ERDİN TETİK,MEYDAN,SUSURLUK,23:46,-,23:46,08:00,23:46,7.5,0.5,7.5,7.5,0.0,0.0,7.5,GECE_TEK_BASIM,True,"Gece Basımı: 23:46 | Tek Basım (7,5s yazıldı)"
1.09.2026,1,Salı,22260441248,00198,00198,ERSİN ESER,BAKIM,GÖBEL,07:59,17:04,08:00,17:04,"07:59, 17:04",9.08,1.5,7.5,7.5,0.0,0.0,7.5,NORMAL,False,
1.09.2026,1,Salı,32372355358,01081,01081,ESMER BİÇER,ÜRETİM,HALİL DİĞRENCİ,07:58,17:09,08:00,17:09,"07:58, 17:09",9.18,1.5,7.5,7.5,0.0,0.0,7.5,NORMAL,False,
1.09.2026,1,Salı,10177848602,00381,00381,EYÜP EKİNCİ,ELEKTRİK,SUSURLUK,07:38,17:06,08:00,17:06,"07:38, 17:06",9.47,1.5,7.5,7.5,0.0,0.0,7.5,NORMAL,False,
1.09.2026,1,Salı,35183294274,00926,00926,FATMA DEMİRER,BALIK TEMİZLEME,GÜVEN MUSTAFAKEMALPAŞA,07:51,17:09,08:00,17:09,"07:51, 17:09",9.3,1.5,7.5,7.5,0.0,0.0,7.5,NORMAL,False,
1.09.2026,1,Salı,31594082608,00057,00057,FATMA ÖZÇAM,ÜRETİM,BİGADİÇ,16:01,00:06,16:00,00:06,"16:01, 00:06",8.08,0.5,7.5,7.5,0.0,0.0,7.5,NORMAL,False,
1.09.2026,1,Salı,11890896888,00223,00223,FATMAGÜL ÇEKİ,BALIK DOLUM,MKP,07:53,19:05,08:00,19:05,"07:53, 19:05",11.2,1.5,9.5,7.5,4.0,2.0,11.5,BÖLÜM_PRİMLİ,False,"Balık Dolum ve Kesim Primi: Fiili 9,5s -> Bonuslu 11,5s (+2,0s Prim)"
1.09.2026,1,Salı,21898406446,01065,01065,FERUDUN BAKAN,ÜRETİM,BİGADİÇ,16:01,00:10,16:00,00:10,"16:01, 00:10",8.15,0.5,7.5,7.5,0.0,0.0,7.5,NORMAL,False,
1.09.2026,1,Salı,17431713232,00927,00927,FİSUN ETİLER,,GÜVEN MUSTAFAKEMALPAŞA,07:51,17:04,08:00,17:04,"07:51, 17:04",9.22,1.5,7.5,7.5,0.0,0.0,7.5,NORMAL,False,
1.09.2026,1,Salı,33739783340,00739,00739,GURBET DUMAN,BALIK TEMİZLEME,HALİL DİĞRENCİ,08:00,17:05,08:00,17:05,"08:00, 17:05",9.08,1.5,7.5,7.5,0.0,0.0,7.5,NORMAL,False,
1.09.2026,1,Salı,24541318660,00065,00065,GÜLCAN BİLGİÇ,AMBAR,BİGADİÇ,07:37,17:10,08:00,17:10,"07:37, 17:10",9.55,1.5,7.5,7.5,0.0,0.0,7.5,NORMAL,False,
1.09.2026,1,Salı,33211034366,00225,00225,GÜLER ÇAPKIN,BALIK TEMİZLEME,KARACABEY,07:42,17:07,08:00,17:07,"07:42, 17:07",9.42,1.5,7.5,7.5,0.0,0.0,7.5,NORMAL,False,
1.09.2026,1,Salı,53689106020,00073,00073,GÜLSÜM GÖRGÜLÜ,AMBAR,BİGADİÇ,07:37,17:09,08:00,17:09,"07:37, 17:09",9.53,1.5,7.5,7.5,0.0,0.0,7.5,NORMAL,False,
1.09.2026,1,Salı,45184908278,00226,00226,GÜLTEN DURMAZ,BALIK DOLUM,GÖBEL,07:39,18:58,08:00,18:58,"07:39, 18:58",11.32,1.5,9.5,7.5,4.0,2.0,11.5,BÖLÜM_PRİMLİ,False,"Balık Dolum ve Kesim Primi: Fiili 9,5s -> Bonuslu 11,5s (+2,0s Prim)"
1.09.2026,1,Salı,10996768938,00071,00071,GÜLTEN GİDER,AMBAR,BİGADİÇ,07:37,17:11,08:00,17:11,"07:37, 17:11",9.57,1.5,7.5,7.5,0.0,0.0,7.5,NORMAL,False,
1.09.2026,1,Salı,11257940650,01202,01202,GÜLŞEN YAĞMUR YÜKSEL,ÜRETİM,GÜVEN MUSTAFAKEMALPAŞA,07:54,17:08,08:00,17:08,"07:54, 17:08",9.23,1.5,7.5,7.5,0.0,0.0,7.5,NORMAL,False,
1.09.2026,1,Salı,11593899780,00773,00773,GÜRAY PALA,BALIK KESİM,HALİL DİĞRENCİ,21:49,08:01,00:00,08:01,"21:49, 08:01",10.2,0.5,7.5,7.5,2.0,2.0,9.5,BÖLÜM_PRİMLİ,False,"Balık Dolum ve Kesim Primi: Fiili 7,5s -> Bonuslu 9,5s (+2,0s Prim)"
1.09.2026,1,Salı,22639531168,01078,01078,HAFİZE AVCIOĞLU,BALIK TEMİZLEME,GÜVEN TURİZM,07:36,17:05,08:00,17:05,"07:36, 17:05",9.48,1.5,7.5,7.5,0.0,0.0,7.5,NORMAL,False,
1.09.2026,1,Salı,13708835836,01159,01159,HAMİT GİRGİN,BALIK TEMİZLEME,GÜVEN MUSTAFAKEMALPAŞA,07:52,18:57,08:00,18:57,"07:52, 18:57",11.08,1.5,9.5,7.5,2.0,0.0,9.5,NORMAL,False,
1.09.2026,1,Salı,14779989510,00080,00080,HARUN YAHYA DURSUN,BALIK DOLUM,GÖBEL,08:15,22:03,08:00,22:03,"08:15, 22:03",13.8,1.5,12.5,7.5,7.0,2.0,14.5,BÖLÜM_PRİMLİ,False,"Balık Dolum ve Kesim Primi: Fiili 12,5s -> Bonuslu 14,5s (+2,0s Prim)"
1.09.2026,1,Salı,45823635220,01148,01148,HATİCE GÖLBAŞ,ÜRETİM,HALİL DİĞRENCİ,08:02,17:07,08:00,17:07,"08:02, 17:07",9.08,1.5,7.5,7.5,0.0,0.0,7.5,NORMAL,False,
1.09.2026,1,Salı,31324091924,00084,00084,HATİCE KURT,ÜRETİM,BİGADİÇ,16:01,00:08,16:00,00:08,"00:08, 16:01, 00:08",8.12,0.5,7.5,7.5,0.0,0.0,7.5,ÇOKLU_BASIM_MIN_MAX,True,"Çoklu Basım: İlk Giriş 16:01, Son Çıkış 00:08 (7,5s)"
1.09.2026,1,Salı,10817807990,01096,01096,HATİCE ONUK,ÜRETİM,HALİL DİĞRENCİ,07:58,17:12,08:00,17:12,"07:58, 17:12",9.23,1.5,7.5,7.5,0.0,0.0,7.5,NORMAL,False,
1.09.2026,1,Salı,33850041688,00577,00577,HATİCE SAVAŞÇI,BALIK TEMİZLEME,BALIKESİR,07:50,17:02,08:00,17:02,"07:50, 17:02",9.2,1.5,7.5,7.5,0.0,0.0,7.5,NORMAL,False,
1.09.2026,1,Salı,26002427744,00227,00227,HAVVA ALPER,BALIK DOLUM,MKP,07:53,19:05,08:00,19:05,"07:53, 19:05",11.2,1.5,9.5,7.5,4.0,2.0,11.5,BÖLÜM_PRİMLİ,False,"Balık Dolum ve Kesim Primi: Fiili 9,5s -> Bonuslu 11,5s (+2,0s Prim)"
1.09.2026,1,Salı,26653281238,00228,00228,HAVVA BAYRAM,BALIK TEMİZLEME,BALIKESİR,07:49,17:00,08:00,17:00,"07:49, 17:00",9.18,1.5,7.5,7.5,0.0,0.0,7.5,NORMAL,False,
1.09.2026,1,Salı,30367150308,00852,00852,HAYRULLAH TOPRAK,AMBAR,GÜVEN TURİZM,07:56,17:13,08:00,17:13,"07:56, 17:13",9.28,1.5,7.5,7.5,0.0,0.0,7.5,NORMAL,False,
1.09.2026,1,Salı,11284916406,01143,01143,HÜLYA TANIŞ,BALIK TEMİZLEME,GÜVEN MUSTAFAKEMALPAŞA,07:51,17:06,08:00,17:06,"07:51, 17:06",9.25,1.5,7.5,7.5,0.0,0.0,7.5,NORMAL,False,
1.09.2026,1,Salı,33289026430,00480,00480,HÜLYA TOPAL,AMBAR,BİGADİÇ,07:36,17:14,08:00,17:14,"07:36, 17:14",9.63,1.5,7.5,7.5,0.0,0.0,7.5,NORMAL,False,
1.09.2026,1,Salı,30856107820,00091,00091,HÜLYA ÜÜNAL,AMBAR,BİGADİÇ,07:36,17:14,08:00,17:14,"07:36, 17:14",9.63,1.5,7.5,7.5,0.0,0.0,7.5,NORMAL,False,
1.09.2026,1,Salı,23524501518,00231,00231,KADRİYE BEYHAN,BALIK TEMİZLEME,HALİL DİĞRENCİ,08:00,17:06,08:00,17:06,"08:00, 17:06",9.1,1.5,7.5,7.5,0.0,0.0,7.5,NORMAL,False,
1.09.2026,1,Salı,49981303052,00093,00093,KADİR AZAR,AMBAR,KARACABEY,07:42,17:09,08:00,17:09,"07:42, 17:09",9.45,1.5,7.5,7.5,0.0,0.0,7.5,NORMAL,False,
1.09.2026,1,Salı,27448226656,00095,00095,KAMİLE DAĞDÇELEN,AMBAR,BİGADİÇ,07:36,17:08,08:00,17:08,"07:36, 17:08",9.53,1.5,7.5,7.5,0.0,0.0,7.5,NORMAL,False,
1.09.2026,1,Salı,99656887974,00294,00294,KEFA EL HUDUR,BALIK TEMİZLEME,MKP,07:53,17:10,08:00,17:10,"07:53, 17:10",9.28,1.5,7.5,7.5,0.0,0.0,7.5,NORMAL,False,
1.09.2026,1,Salı,33067084584,00097,00097,KEMAL DURMUŞ,İŞLETME,SUSURLUK,10:23,17:09,10:30,17:09,"10:23, 17:09",6.77,1.5,5.0,5.0,0.0,0.0,5.0,NORMAL,False,
1.09.2026,1,Salı,33397029286,01327,01327,KÜBÜŞRA ALTAY,SATIN ALMA,BANDIRMA,07:40,17:11,08:00,17:11,"07:40, 17:11",9.52,1.5,7.5,7.5,0.0,0.0,7.5,NORMAL,False,
1.09.2026,1,Salı,25657430024,00199,00199,KÜRŞAT TÜRKAN,BAKIM,KARACABEY,08:03,18:12,08:00,18:12,"08:03, 18:12",10.15,1.5,8.5,7.5,1.0,0.0,8.5,NORMAL,False,
1.09.2026,1,Salı,11840814962,01079,01079,LEYLA KOYUN,ÜRETİM,HALİL DİĞRENCİ,07:58,17:09,08:00,17:09,"07:58, 17:09",9.18,1.5,7.5,7.5,0.0,0.0,7.5,NORMAL,False,
1.09.2026,1,Salı,99959615564,00200,00200,MAHMOUD ALZALEK,ELEKTRİK,SUSURLUK,19:58,07:50,20:00,07:50,"19:58, 07:50",11.87,0.5,11.5,3.5,8.0,0.0,11.5,NORMAL,False,
1.09.2026,1,Salı,20458603738,00528,00528,MAHMURE ESEN,BALIK TEMİZLEME,HALİL DİĞRENCİ,08:00,17:06,08:00,17:06,"08:00, 17:06",9.1,1.5,7.5,7.5,0.0,0.0,7.5,NORMAL,False,
1.09.2026,1,Salı,29749160806,00104,00104,MAHİR HİLMİ ULUKÖK,YENİ BALIK HATTI,SUSURLUK,08:50,17:09,08:30,17:09,"08:50, 17:09",8.32,1.5,7.0,7.0,0.0,0.0,7.0,NORMAL,False,
1.09.2026,1,Salı,13876724772,00500,00500,MEHMET KARTAL,AMBAR,SUSURLUK,07:38,19:28,08:00,19:28,"07:38, 19:28",11.83,1.5,10.0,7.5,2.5,0.0,10.0,NORMAL,False,
1.09.2026,1,Salı,40483844500,01126,01126,MELİSA YILMAZ,ÜRETİM,HALİL DİĞRENCİ,08:02,17:07,08:00,17:07,"08:02, 17:07",9.08,1.5,7.5,7.5,0.0,0.0,7.5,NORMAL,False,
1.09.2026,1,Salı,30181166332,00233,00233,MEMNUNE KARAMAN,BALIK TEMİZLEME,BALIKESİR,07:49,17:05,08:00,17:05,"07:49, 17:05",9.27,1.5,7.5,7.5,0.0,0.0,7.5,NORMAL,False,
1.09.2026,1,Salı,28027546004,00112,00112,MESUT ERDEL,BAKIM,SUSURLUK,08:00,18:01,08:00,18:01,"08:00, 18:01",10.02,1.5,8.5,7.5,1.0,0.0,8.5,NORMAL,False,
1.09.2026,1,Salı,99248627704,00005,00005,MHD BASSEL ALZALEK,ELEKTRİK,SUSURLUK,07:33,-,07:33,17:00,07:33,7.5,1.5,7.5,7.5,0.0,0.0,7.5,ÇIKIŞ_YOK_SABAH,True,"Giriş: 07:33 | Çıkış Basılmadı (Tam Gün 7,5s yazıldı)"
1.09.2026,1,Salı,99347757876,00116,00116,MUHAMMED SAMİH SERHAN,AMBAR,GÖBEL,08:18,20:04,08:00,20:04,"08:18, 20:04",11.77,1.5,10.5,7.5,3.0,0.0,10.5,NORMAL,False,
1.09.2026,1,Salı,23329391024,00514,00514,MUKATDES KARAMANOĞLU,BALIK TEMİZLEME,BALIKESİR,07:50,17:01,08:00,17:01,"07:50, 17:01",9.18,1.5,7.5,7.5,0.0,0.0,7.5,NORMAL,False,
1.09.2026,1,Salı,15205679746,00572,00572,MURAT YONSUL,AMBAR,GÖBEL,07:56,19:32,08:00,19:32,"07:56, 19:32",11.6,1.5,10.0,7.5,2.5,0.0,10.0,NORMAL,False,
1.09.2026,1,Salı,25621221832,00118,00118,MUSTAFA KAYA,İŞLETME,MKP,07:52,17:06,08:00,17:06,"07:52, 17:06",9.23,1.5,7.5,7.5,0.0,0.0,7.5,NORMAL,False,
1.09.2026,1,Salı,21976553468,00234,00234,MÜCAHİT ÇOLAK,BALIK TEMİZLEME,KARACABEY,07:42,17:08,08:00,17:08,"07:42, 17:08",9.43,1.5,7.5,7.5,0.0,0.0,7.5,NORMAL,False,
1.09.2026,1,Salı,31195265912,01056,01056,MÜRVET ÇAKAN,BALIK TEMİZLEME,HALİL DİĞRENCİ,08:00,17:05,08:00,17:05,"08:00, 17:05",9.08,1.5,7.5,7.5,0.0,0.0,7.5,NORMAL,False,
1.09.2026,1,Salı,33124024560,00120,00120,MÜZEYYEN ERDİNÇ,BALIK TEMİZLEME,BALIKESİR,07:49,17:08,08:00,17:08,"07:49, 17:08",9.32,1.5,7.5,7.5,0.0,0.0,7.5,NORMAL,False,
1.09.2026,1,Salı,12556753194,00235,00235,NACİYE KARABULUT,BALIK TEMİZLEME,BALIKESİR,07:50,17:02,08:00,17:02,"07:50, 17:02",9.2,1.5,7.5,7.5,0.0,0.0,7.5,NORMAL,False,
1.09.2026,1,Salı,16324748870,01178,01178,NAZMİYE ÇELİK,BALIK TEMİZLEME,GÜVEN MUSTAFAKEMALPAŞA,07:52,17:11,08:00,17:11,"07:52, 17:11",9.32,1.5,7.5,7.5,0.0,0.0,7.5,NORMAL,False,
1.09.2026,1,Salı,28510235804,00121,00121,NAİL AKSOY,ŞÖFÖR,SUSURLUK,23:46,07:51,00:00,07:51,"23:46, 07:51",8.08,0.5,7.5,7.5,0.0,0.0,7.5,NORMAL,False,
1.09.2026,1,Salı,38710924712,00887,00887,NECLA ABİ,BALIK TEMİZLEME,GÜVEN TURİZM,07:36,17:11,08:00,17:11,"07:36, 17:11",9.58,1.5,7.5,7.5,0.0,0.0,7.5,NORMAL,False,
1.09.2026,1,Salı,24031385950,00380,00380,NECMİ SEVER,MEYDAN,GÖBEL,08:12,17:13,08:00,17:13,"08:12, 17:13",9.02,1.5,7.5,7.5,0.0,0.0,7.5,NORMAL,False,
1.09.2026,1,Salı,21991561554,00930,00930,NECMİYE ÜÜLKER,BALIK TEMİZLEME,GÜVEN MUSTAFAKEMALPAŞA,07:52,17:02,08:00,17:02,"07:52, 17:02",9.17,1.5,7.5,7.5,0.0,0.0,7.5,NORMAL,False,
1.09.2026,1,Salı,54874132756,00974,00974,NECİFE BAĞ,BALIK TEMİZLEME,KARACABEY,07:42,17:11,08:00,17:11,"07:42, 17:11",9.48,1.5,7.5,7.5,0.0,0.0,7.5,NORMAL,False,
1.09.2026,1,Salı,15842906410,01080,01080,NERMİN BİÇER,ÜRETİM,HALİL DİĞRENCİ,07:58,17:09,08:00,17:09,"07:58, 17:09",9.18,1.5,7.5,7.5,0.0,0.0,7.5,NORMAL,False,
1.09.2026,1,Salı,14452686422,00371,00371,NESRİN GÜZEL,BALIK TEMİZLEME,BALIKESİR,07:50,17:01,08:00,17:01,"07:50, 17:01",9.18,1.5,7.5,7.5,0.0,0.0,7.5,NORMAL,False,
1.09.2026,1,Salı,17902565544,00128,00128,NURAY AVCI,YEMEKHANE,BALIKESİR,07:51,17:00,08:00,17:00,"07:51, 17:00",9.15,1.5,7.5,7.5,0.0,0.0,7.5,NORMAL,False,
1.09.2026,1,Salı,25970637896,00129,00129,NURAY ELİSÇIKIŞ,AMBAR,BALIKESİR,07:51,17:05,08:00,17:05,"07:51, 17:05",9.23,1.5,7.5,7.5,0.0,0.0,7.5,NORMAL,False,
1.09.2026,1,Salı,38449011448,01040,01040,NURAY LAÇİN,ÜRETİM,GÜVEN MUSTAFAKEMALPAŞA,07:53,17:03,08:00,17:03,"07:53, 17:03",9.17,1.5,7.5,7.5,0.0,0.0,7.5,NORMAL,False,
1.09.2026,1,Salı,21478446602,00236,00236,NURCAN EREN,BALIK TEMİZLEME,BALIKESİR,07:50,17:01,08:00,17:01,"07:50, 17:01",9.18,1.5,7.5,7.5,0.0,0.0,7.5,NORMAL,False,
1.09.2026,1,Salı,15736612786,01352,01352,NURGÜL ADIGÜL,ÜRETİM,BİGADİÇ,16:01,00:07,16:00,00:07,"16:01, 00:07",8.1,0.5,7.5,7.5,0.0,0.0,7.5,NORMAL,False,
1.09.2026,1,Salı,13318692676,01064,01064,NURGÜL PARLAS,ÜRETİM,BİGADİÇ,16:02,00:07,16:00,00:07,"16:02, 00:07",8.08,0.5,7.5,7.5,0.0,0.0,7.5,NORMAL,False,
1.09.2026,1,Salı,22186447318,00137,00137,NURTEN CAN,ÜRETİM,SUSURLUK TUR-REŞAT,07:38,17:15,08:00,17:15,"07:38, 17:15",9.62,1.5,7.5,7.5,0.0,0.0,7.5,NORMAL,False,
1.09.2026,1,Salı,27289383990,00931,00931,NURTEN ERDEM,BALIK TEMİZLEME,GÜVEN MUSTAFAKEMALPAŞA,07:52,17:10,08:00,17:10,"07:52, 17:10",9.3,1.5,7.5,7.5,0.0,0.0,7.5,NORMAL,False,
1.09.2026,1,Salı,13420739290,00003,00003,NURİ GÜLSER,KAPI GÖREVLİSİ,GÖBEL,07:46,16:00,08:00,16:00,"07:46, 16:00",8.23,0.5,7.5,7.5,0.0,0.0,7.5,NORMAL,False,
1.09.2026,1,Salı,52996654668,00237,00237,NURİYE AKKUŞ,BALIK TEMİZLEME,BANDIRMA,07:40,17:07,08:00,17:07,"07:40, 17:07",9.45,1.5,7.5,7.5,0.0,0.0,7.5,NORMAL,False,
1.09.2026,1,Salı,13189854302,00006,00006,OZAN BUĞA,BAKIM,MKP,07:37,17:55,08:00,17:55,"07:37, 17:55",10.3,1.5,8.5,7.5,1.0,0.0,8.5,NORMAL,False,
1.09.2026,1,Salı,29677146866,00238,00238,RABİYE ÇENECİOĞLU,BALIK TEMİZLEME,BALIKESİR,07:50,17:04,08:00,17:04,"07:50, 17:04",9.23,1.5,7.5,7.5,0.0,0.0,7.5,NORMAL,False,
1.09.2026,1,Salı,29359208356,00145,00145,RAMAZAN KÜÇÜKÇÇAKIR,ŞÖFÖR,SUSURLUK,08:07,16:55,08:00,16:55,"08:07, 16:55",8.8,1.5,7.5,7.5,0.0,0.0,7.5,NORMAL,False,
1.09.2026,1,Salı,24022385860,01316,01316,RECEP İÇÖZ,MEYDAN,GÖBEL,07:31,17:00,08:00,17:00,"07:31, 17:00",9.48,1.5,7.5,7.5,0.0,0.0,7.5,NORMAL,False,
1.09.2026,1,Salı,28108249688,00146,00146,RIDVAN DEMİRDAK,ŞÖFÖR,GÖBEL,23:58,-,23:58,08:00,23:58,7.5,0.5,7.5,7.5,0.0,0.0,7.5,GECE_TEK_BASIM,True,"Gece Basımı: 23:58 | Tek Basım (7,5s yazıldı)"
1.09.2026,1,Salı,16561742068,00842,00842,RUKİYE UZUN,BALIK TEMİZLEME,GÜVEN TURİZM,07:36,17:08,08:00,17:08,"07:36, 17:08",9.53,1.5,7.5,7.5,0.0,0.0,7.5,NORMAL,False,
1.09.2026,1,Salı,34807027090,00536,00536,SABRİ ACAR,YENİ BALIK HATTI,SUSURLUK,23:58,07:53,00:00,07:53,"23:58, 07:53",7.92,0.5,7.5,7.5,0.0,0.0,7.5,NORMAL,False,
1.09.2026,1,Salı,17335367982,01021,01021,SABİHA AKIN,ÜRETİM,HALİL DİĞRENCİ,07:58,17:09,08:00,17:09,"07:58, 17:09",9.18,1.5,7.5,7.5,0.0,0.0,7.5,NORMAL,False,
1.09.2026,1,Salı,33640164108,01130,01130,SAMET YUMİTKEN,ÜRETİM,HALİL DİĞRENCİ,08:05,17:00,08:00,17:00,"08:05, 17:00",8.92,1.5,7.5,7.5,0.0,0.0,7.5,NORMAL,False,
1.09.2026,1,Salı,30373124058,00149,00149,SANİYE CEYLAN,AMBAR,BİGADİÇ,07:36,17:10,08:00,17:10,"07:36, 17:10",9.57,1.5,7.5,7.5,0.0,0.0,7.5,NORMAL,False,
1.09.2026,1,Salı,14164714154,00150,00150,SARA EROĞLU,AMBAR,BALIKESİR,07:49,17:06,08:00,17:06,"07:49, 17:06",9.28,1.5,7.5,7.5,0.0,0.0,7.5,NORMAL,False,
1.09.2026,1,Salı,24178356332,00153,00153,SEHER ÖZDEN,YEMEKHANE,BALIKESİR,07:50,17:01,08:00,17:01,"07:50, 17:01",9.18,1.5,7.5,7.5,0.0,0.0,7.5,NORMAL,False,
1.09.2026,1,Salı,11248811624,00009,00009,SELAHATTİN SÖĞÜT,ŞÖFÖR,GÖBEL,08:56,20:07,09:00,20:07,"08:56, 20:07",11.18,1.5,9.5,6.5,3.0,0.0,9.5,NORMAL,False,
1.09.2026,1,Salı,19723478966,01069,01069,SELMA AYHAN,ÜRETİM,BİGADİÇ,16:01,00:06,16:00,00:06,"00:04, 16:01, 00:06",8.08,0.5,7.5,7.5,0.0,0.0,7.5,ÇOKLU_BASIM_MIN_MAX,True,"Çoklu Basım: İlk Giriş 16:01, Son Çıkış 00:06 (7,5s)"
1.09.2026,1,Salı,49369567458,00559,00559,SELMA TUNÇ,BALIK TEMİZLEME,BALIKESİR,07:50,17:04,08:00,17:04,"07:50, 17:04",9.23,1.5,7.5,7.5,0.0,0.0,7.5,NORMAL,False,
1.09.2026,1,Salı,33451458564,01227,01227,SELMATA ANIK,ÜRETİM,HALİL DİĞRENCİ,07:58,17:05,08:00,17:05,"07:58, 17:05",9.12,1.5,7.5,7.5,0.0,0.0,7.5,NORMAL,False,
1.09.2026,1,Salı,46825626414,00724,00724,SEMANUR GÜLIŞIK,FORMEN,KARACABEY,07:53,17:17,08:00,17:17,"07:53, 17:17",9.4,1.5,7.5,7.5,0.0,0.0,7.5,NORMAL,False,
1.09.2026,1,Salı,24136488860,01007,01007,SEREN BURHAN,BALIK TEMİZLEME,GÜVEN MUSTAFAKEMALPAŞA,07:52,17:12,08:00,17:12,"07:52, 17:12",9.33,1.5,7.5,7.5,0.0,0.0,7.5,NORMAL,False,
1.09.2026,1,Salı,16231745504,01129,01129,SERKAN YUMİTKEN,ÜRETİM,HALİL DİĞRENCİ,08:05,11:10,08:00,11:10,"08:05, 11:10",3.08,0.0,3.0,3.0,0.0,0.0,3.0,NORMAL,False,
1.09.2026,1,Salı,13696829374,01361,01361,SERPİL İİPEK,,HALİL DİĞRENCİ,08:03,17:06,08:00,17:06,"08:03, 17:06",9.05,1.5,7.5,7.5,0.0,0.0,7.5,NORMAL,False,
1.09.2026,1,Salı,13498698468,00165,00165,SEVGİ AYCAN,BALIK TEMİZLEME,BANDIRMA,07:40,17:10,08:00,17:10,"07:40, 17:10",9.5,1.5,7.5,7.5,0.0,0.0,7.5,NORMAL,False,
1.09.2026,1,Salı,17611699134,00884,00884,SEVİLAY DÖNMEZ,BALIK TEMİZLEME,GÜVEN TURİZM,07:36,17:11,08:00,17:11,"07:36, 17:11",9.58,1.5,7.5,7.5,0.0,0.0,7.5,NORMAL,False,
1.09.2026,1,Salı,15250777510,01063,01063,SEZAİ ÇELİK,BALIK,HALİL DİĞRENCİ,08:00,17:01,08:00,17:01,"08:00, 17:01",9.02,1.5,7.5,7.5,0.0,0.0,7.5,NORMAL,False,
1.09.2026,1,Salı,29200163070,01066,01066,SEZGİN YILDIRIM,ÜRETİM,BİGADİÇ,16:01,00:09,16:00,00:09,"16:01, 00:09",8.13,0.5,7.5,7.5,0.0,0.0,7.5,NORMAL,False,
1.09.2026,1,Salı,18847656960,00740,00740,SEÇİL ARIBOĞA,ÜRETİM,HALİL DİĞRENCİ,07:58,17:05,08:00,17:05,"07:58, 17:05",9.12,1.5,7.5,7.5,0.0,0.0,7.5,NORMAL,False,
1.09.2026,1,Salı,55963096430,00240,00240,SULTAN BAĞ,BALIK TEMİZLEME,KARACABEY,07:42,17:11,08:00,17:11,"07:42, 17:11",9.48,1.5,7.5,7.5,0.0,0.0,7.5,NORMAL,False,
1.09.2026,1,Salı,10582783284,00170,00170,SİBEL ÇÇAKIR,ÜRETİM,BİGADİÇ,16:01,00:06,16:00,00:06,"16:01, 00:06",8.08,0.5,7.5,7.5,0.0,0.0,7.5,NORMAL,False,
1.09.2026,1,Salı,10780950730,01037,01037,SİBEL ÇİFTÇİ,BALIK TEMİZLEME,MKP,07:53,17:10,08:00,17:10,"07:53, 17:10",9.28,1.5,7.5,7.5,0.0,0.0,7.5,NORMAL,False,
1.09.2026,1,Salı,29761139378,01038,01038,TALHA YAVAŞ,KALİTE,BANDIRMA,07:40,19:07,08:00,19:07,"07:40, 19:07",11.45,1.5,9.5,7.5,2.0,0.0,9.5,NORMAL,False,
1.09.2026,1,Salı,10705928394,00976,00976,TAYFUN GÜNCÜ,BALIK TEMİZLEME,HALİL DİĞRENCİ,08:01,17:00,08:00,17:00,"08:01, 17:00",8.98,1.5,7.5,7.5,0.0,0.0,7.5,NORMAL,False,
1.09.2026,1,Salı,13252843738,00243,00243,TAYFUN TIĞRAK,FORMEN,KARACABEY,07:46,18:57,08:00,18:57,"07:46, 18:57",11.18,1.5,9.5,7.5,2.0,0.0,9.5,NORMAL,False,
1.09.2026,1,Salı,32938871292,00183,00183,TAYFUN ÇELİK,MEYDAN,MKP,07:51,17:11,08:00,17:11,"07:51, 17:11",9.33,1.5,7.5,7.5,0.0,0.0,7.5,NORMAL,False,
1.09.2026,1,Salı,30925156292,00501,00501,TUNCAY METİN,KAPI GÖREVLİSİ,SUSURLUK,23:46,07:52,00:00,07:52,"23:46, 07:52",8.1,0.5,7.5,7.5,0.0,0.0,7.5,NORMAL,False,
1.09.2026,1,Salı,23077372900,01116,01116,VAHİDE YAŞAR,ÜRETİM,BİGADİÇ,16:02,00:07,16:00,00:07,"16:02, 00:07",8.08,0.5,7.5,7.5,0.0,0.0,7.5,NORMAL,False,
1.09.2026,1,Salı,17096459292,01198,01198,YURDANUR ÇELİK,BALIK TEMİZLEME,HALİL DİĞRENCİ,08:02,17:09,08:00,17:09,"08:02, 17:09",9.12,1.5,7.5,7.5,0.0,0.0,7.5,NORMAL,False,
1.09.2026,1,Salı,14701796544,00582,00582,YUSUF SAMAR,MUHASEBE,KARACABEY,07:42,17:16,08:00,17:16,"07:42, 17:16",9.57,1.5,7.5,7.5,0.0,0.0,7.5,NORMAL,False,
1.09.2026,1,Salı,10528936408,01364,01364,YUSUF ÇETİN,,HALİL DİĞRENCİ,08:03,17:06,08:00,17:06,"08:03, 17:06",9.05,1.5,7.5,7.5,0.0,0.0,7.5,NORMAL,False,
1.09.2026,1,Salı,31861120316,00191,00191,ZAHİDE GÜRBÜZ,BALIK TEMİZLEME,BALIKESİR,07:50,17:05,08:00,17:05,"07:50, 17:05",9.25,1.5,7.5,7.5,0.0,0.0,7.5,NORMAL,False,
1.09.2026,1,Salı,27560597764,01048,01048,ZAHİDE HAĞİ,BALIK TEMİZLEME,HALİL DİĞRENCİ,08:00,17:11,08:00,17:11,"08:00, 17:11",9.18,1.5,7.5,7.5,0.0,0.0,7.5,NORMAL,False,
1.09.2026,1,Salı,31552110794,00935,00935,ZAHİDE KALDEMİR,BALIK TEMİZLEME,GÜVEN MUSTAFAKEMALPAŞA,07:52,17:11,08:00,17:11,"07:52, 17:11",9.32,1.5,7.5,7.5,0.0,0.0,7.5,NORMAL,False,
1.09.2026,1,Salı,22249543988,00192,00192,ZAHİDE NEDİRLİ,KALİTE,KARACABEY,07:42,17:07,08:00,17:07,"07:42, 17:07",9.42,1.5,7.5,7.5,0.0,0.0,7.5,NORMAL,False,
1.09.2026,1,Salı,10820807680,01097,01097,ZEHRA ONUK,ÜRETİM,HALİL DİĞRENCİ,07:58,17:05,08:00,17:05,"07:58, 17:05",9.12,1.5,7.5,7.5,0.0,0.0,7.5,NORMAL,False,
1.09.2026,1,Salı,28729335166,00936,00936,ZELİHA KEİREMETÇİ,BALIK TEMİZLEME,GÜVEN MUSTAFAKEMALPAŞA,07:52,17:12,08:00,17:12,"07:52, 17:12",9.33,1.5,7.5,7.5,0.0,0.0,7.5,NORMAL,False,
1.09.2026,1,Salı,14047825472,00937,00937,ZELİHA ORUÇ,BALIK TEMİZLEME,GÜVEN MUSTAFAKEMALPAŞA,07:52,17:08,08:00,17:08,"07:52, 17:08",9.27,1.5,7.5,7.5,0.0,0.0,7.5,NORMAL,False,
1.09.2026,1,Salı,24289352612,00244,00244,ZEYNEP KARAMAN,BALIK TEMİZLEME,BALIKESİR,07:49,17:01,08:00,17:01,"07:49, 17:01",9.2,1.5,7.5,7.5,0.0,0.0,7.5,NORMAL,False,
1.09.2026,1,Salı,33742169780,00246,00246,ZEYNEP KURT,BALIK DOLUM,MKP,07:53,19:05,08:00,19:05,"07:53, 19:05",11.2,1.5,9.5,7.5,4.0,2.0,11.5,BÖLÜM_PRİMLİ,False,"Balık Dolum ve Kesim Primi: Fiili 9,5s -> Bonuslu 11,5s (+2,0s Prim)"
1.09.2026,1,Salı,22498412394,00765,00765,ZEYNEP ONBAŞI,YEMEKHANE,BALIKESİR,07:51,17:00,08:00,17:00,"07:51, 17:00",9.15,1.5,7.5,7.5,0.0,0.0,7.5,NORMAL,False,
1.09.2026,1,Salı,22319750032,00782,00782,ÇİDEM FİDAN,BALIK TEMİZLEME,BANDIRMA,07:40,17:07,08:00,17:07,"07:40, 17:07",9.45,1.5,7.5,7.5,0.0,0.0,7.5,NORMAL,False,
1.09.2026,1,Salı,17749594400,00033,00033,ÇİSEM BÇAKIR,KALİTE,SUSURLUK,15:56,23:55,15:56,23:55,"15:56, 23:55",7.98,0.5,7.5,7.5,0.0,0.0,7.5,NORMAL,False,
1.09.2026,1,Salı,33037193346,01349,01349,ÖMÜR SEPETÇİ,ÜRETİM,GÜVEN MUSTAFAKEMALPAŞA,07:54,17:12,08:00,17:12,"07:54, 17:12",9.3,1.5,7.5,7.5,0.0,0.0,7.5,NORMAL,False,
1.09.2026,1,Salı,27235386938,00139,00139,ÖMÜRLÜ FERİK,KAZAN,MKP,07:52,20:04,08:00,20:04,"07:52, 20:04",12.2,1.5,10.5,7.5,3.0,0.0,10.5,NORMAL,False,
1.09.2026,1,Salı,12268777280,00185,00185,ÜMMÜ AYDOĞAN,ÜRETİM,SUSURLUK TUR-REŞAT,07:38,17:15,08:00,17:15,"07:38, 17:15",9.62,1.5,7.5,7.5,0.0,0.0,7.5,NORMAL,False,
1.09.2026,1,Salı,57541044000,01195,01195,ÜMMÜGÜLSÜM BAĞ,BALIK TEMİZLEME,KARACABEY,07:42,17:11,08:00,17:11,"07:42, 17:11",9.48,1.5,7.5,7.5,0.0,0.0,7.5,NORMAL,False,
1.09.2026,1,Salı,10198947728,00410,00410,ÜMİT BATIN TÜRKAN,BAKIM,KARACABEY,08:03,18:12,08:00,18:12,"08:03, 18:12",10.15,1.5,8.5,7.5,1.0,0.0,8.5,NORMAL,False,
1.09.2026,1,Salı,37075059770,01350,01350,ÜVEYS SEPETÇİ,ÜRETİM,GÜVEN MUSTAFAKEMALPAŞA,07:54,17:12,08:00,17:12,"07:54, 17:12",9.3,1.5,7.5,7.5,0.0,0.0,7.5,NORMAL,False,
1.09.2026,1,Salı,29515203096,00092,00092,İBÜŞRAHİM YILDIRIM,MEYDAN,MKP,07:37,18:09,08:00,18:09,"07:37, 18:09",10.53,1.5,8.5,7.5,1.0,0.0,8.5,NORMAL,False,
1.09.2026,1,Salı,42844787082,00783,00783,İSMAİL BARAK,BALIK KESİM,HALİL DİĞRENCİ,21:50,08:01,00:00,08:01,"21:50, 08:01",10.18,0.5,7.5,7.5,2.0,2.0,9.5,BÖLÜM_PRİMLİ,False,"Balık Dolum ve Kesim Primi: Fiili 7,5s -> Bonuslu 9,5s (+2,0s Prim)"
1.09.2026,1,Salı,25060351046,00230,00230,İSMAİL İMİR,OTOKLAV OPERATÖRÜ,SUSURLUK,08:50,17:19,08:30,17:19,"08:50, 17:19",8.48,1.5,7.0,7.0,0.0,0.0,7.0,NORMAL,False,
1.09.2026,1,Salı,13720827796,00176,00176,ŞADİ BAŞARICI,BAKIM,KARACABEY,07:46,18:12,08:00,18:12,"07:46, 18:12",10.43,1.5,8.5,7.5,1.0,0.0,8.5,NORMAL,False,
1.09.2026,1,Salı,38233180558,00178,00178,ŞAKİR KARAKAŞ,AMBAR,BANDIRMA,07:44,17:04,08:00,17:04,"07:44, 17:04",9.33,1.5,7.5,7.5,0.0,0.0,7.5,NORMAL,False,
1.09.2026,1,Salı,25192322242,00179,00179,ŞAYİKA KOPARAN,AMBAR,BİGADİÇ,07:37,17:10,08:00,17:10,"07:37, 17:10",9.55,1.5,7.5,7.5,0.0,0.0,7.5,NORMAL,False,
1.09.2026,1,Salı,10255820520,00242,00242,ŞERBANE SARAN,BALIK TEMİZLEME,BALIKESİR,07:56,17:04,08:00,17:04,"07:56, 17:04",9.13,1.5,7.5,7.5,0.0,0.0,7.5,NORMAL,False,
2.09.2026,2,Çarşamba,20437654348,00206,00206,ADALET KALAYCI,BALIK TEMİZLEME,BANDIRMA,07:39,18:14,08:00,18:14,"07:39, 18:14",10.58,1.5,8.5,7.5,1.0,0.0,8.5,NORMAL,False,
2.09.2026,2,Çarşamba,18655664102,00011,00011,ADVİYE YARICI,BALIK TEMİZLEME,HALİL DİĞRENCİ,08:02,18:14,08:00,18:14,"08:02, 18:14",10.2,1.5,8.5,7.5,1.0,0.0,8.5,NORMAL,False,
2.09.2026,2,Çarşamba,23527501454,00583,00583,AHMET BEYHAN,BAKIM,KARACABEY,08:00,18:12,08:00,18:12,"08:00, 18:12",10.2,1.5,8.5,7.5,1.0,0.0,8.5,NORMAL,False,
2.09.2026,2,Çarşamba,21925456598,00830,00830,AHMET ÇÇAYLAK,AMBAR,BALIKESİR,20:13,05:03,00:00,05:03,"20:13, 05:03",8.83,0.5,4.5,4.5,0.0,0.0,4.5,NORMAL,False,
2.09.2026,2,Çarşamba,16510742668,01154,01154,AKİF TÜRKÇÜ,BALIK TEMİZLİK,MKP,-,18:12,08:00,18:12,18:12,10.2,1.5,8.5,7.5,1.0,0.0,8.5,GİRİŞ_YOK_AKŞAM,True,"Çıkış: 18:12 | Giriş Basılmadı (08:00 başı ile 8,5s korundu)"
2.09.2026,2,Çarşamba,13183506030,01102,01102,ALİ EŞREF AKIN,ÜRETİM,HALİL DİĞRENCİ,07:57,17:01,08:00,17:01,"07:57, 17:01",9.07,1.5,7.5,7.5,0.0,0.0,7.5,NORMAL,False,
2.09.2026,2,Çarşamba,18394573482,00208,00208,ANIL DEMİRTAŞ,KONSERVE ÜRETİM ELEMANI,GÖBEL,15:58,23:59,15:58,23:59,"15:58, 23:59",8.02,0.5,7.5,7.5,0.0,0.0,7.5,NORMAL,False,
2.09.2026,2,Çarşamba,99320980932,00247,00247,ANUD ELMEAŞİ,BALIK TEMİZLEME,GÜVEN TURİZM,07:38,18:13,08:00,18:13,"07:38, 18:13",10.58,1.5,8.5,7.5,1.0,0.0,8.5,NORMAL,False,
2.09.2026,2,Çarşamba,28336192374,00308,00308,ARZU KILA,AMBAR,BİGADİÇ,07:42,17:12,08:00,17:12,"07:42, 17:12",9.5,1.5,7.5,7.5,0.0,0.0,7.5,NORMAL,False,
2.09.2026,2,Çarşamba,28033351500,01357,01357,ARZU ÖZTÜRK,BALIK TEMİZLEME,GÜVEN MUSTAFAKEMALPAŞA,07:59,18:06,08:00,18:06,"07:59, 18:06",10.12,1.5,8.5,7.5,1.0,0.0,8.5,NORMAL,False,
2.09.2026,2,Çarşamba,24709461474,00894,00894,ASLI BAYRAKTAR,BALIK DOLUM,GÜVEN TURİZM,07:38,18:14,08:00,18:14,"07:38, 18:14",10.6,1.5,8.5,7.5,3.0,2.0,10.5,BÖLÜM_PRİMLİ,False,"Balık Dolum ve Kesim Primi: Fiili 8,5s -> Bonuslu 10,5s (+2,0s Prim)"
2.09.2026,2,Çarşamba,12572550074,00209,00209,ASYA TİLKİ,BALIK TEMİZLEME,KARACABEY,07:41,18:16,08:00,18:16,"07:41, 18:16",10.58,1.5,8.5,7.5,1.0,0.0,8.5,NORMAL,False,
2.09.2026,2,Çarşamba,22426711476,00754,00754,AYNUR DEMİRCAN,BALIK TEMİZLEME,HALİL DİĞRENCİ,07:57,18:13,08:00,18:13,"07:57, 18:13",10.27,1.5,8.5,7.5,1.0,0.0,8.5,NORMAL,False,
2.09.2026,2,Çarşamba,21089727848,00870,00870,AYSEL YILMAZ,BALIK TEMİZLEME,HALİL DİĞRENCİ,07:57,18:12,08:00,18:12,"07:57, 18:12",10.25,1.5,8.5,7.5,1.0,0.0,8.5,NORMAL,False,
2.09.2026,2,Çarşamba,13543834438,01145,01145,AYSEL ÇETİNTAŞ,ÜRETİM,HALİL DİĞRENCİ,07:56,17:05,08:00,17:05,"07:56, 17:05",9.15,1.5,7.5,7.5,0.0,0.0,7.5,NORMAL,False,
2.09.2026,2,Çarşamba,24280352994,00214,00214,AYŞE KARAMAN,BALIK TEMİZLEME,BALIKESİR,07:48,18:05,08:00,18:05,"07:48, 18:05",10.28,1.5,8.5,7.5,1.0,0.0,8.5,NORMAL,False,
2.09.2026,2,Çarşamba,33253033204,00021,00021,AYŞE KURT,ÜRETİM,BİGADİÇ,15:50,00:02,15:50,00:02,"15:50, 00:02",8.2,0.5,7.5,7.5,0.0,0.0,7.5,NORMAL,False,
2.09.2026,2,Çarşamba,34120156552,00215,00215,AYŞE YILMAZ,BALIK DOLUM,MKP,09:39,19:11,09:30,19:11,"09:39, 19:11",9.53,1.5,8.0,6.0,4.0,2.0,10.0,BÖLÜM_PRİMLİ,False,"Balık Dolum ve Kesim Primi: Fiili 8,0s -> Bonuslu 10,0s (+2,0s Prim)"
2.09.2026,2,Çarşamba,11284759850,00018,00018,AYŞE ÇENECİOĞLU,AMBAR,BİGADİÇ,07:42,17:07,08:00,17:07,"07:42, 17:07",9.42,1.5,7.5,7.5,0.0,0.0,7.5,NORMAL,False,
2.09.2026,2,Çarşamba,25610607388,01353,01353,BAHAR FİDAN,ÜRETİM,SÇEVİKAT ÇELİK,07:59,17:05,08:00,17:05,"07:59, 17:05",9.1,1.5,7.5,7.5,0.0,0.0,7.5,NORMAL,False,
2.09.2026,2,Çarşamba,12496719380,01139,01139,BEDİA KAYMAZ,AMBAR,BİGADİÇ,07:42,17:12,08:00,17:12,"07:42, 17:12",9.5,1.5,7.5,7.5,0.0,0.0,7.5,NORMAL,False,
2.09.2026,2,Çarşamba,14725695762,00025,00025,BEHİCE YALMAN,BALIK DOLUM,GÖBEL,09:38,19:05,09:30,19:05,"09:38, 19:05",9.45,1.5,8.0,6.0,4.0,2.0,10.0,BÖLÜM_PRİMLİ,False,"Balık Dolum ve Kesim Primi: Fiili 8,0s -> Bonuslu 10,0s (+2,0s Prim)"
2.09.2026,2,Çarşamba,11206757414,00902,00902,BERK BERBER,ÇEVRE MÜHENDİSİ,BANDIRMA,09:20,19:22,09:00,19:22,"09:20, 19:22",10.03,1.5,8.5,6.5,2.0,0.0,8.5,NORMAL,False,
2.09.2026,2,Çarşamba,10201948476,01170,01170,BUKET DÖNMEZ,KALİTE,HALİL DİĞRENCİ,07:56,17:11,08:00,17:11,"07:56, 17:11",9.25,1.5,7.5,7.5,0.0,0.0,7.5,NORMAL,False,
2.09.2026,2,Çarşamba,33316051664,01339,01339,BİLGİNUR SÜMER,BALIK TEMİZLEME,BALIKESİR,07:49,18:12,08:00,18:12,"07:49, 18:12",10.38,1.5,8.5,7.5,1.0,0.0,8.5,NORMAL,False,
2.09.2026,2,Çarşamba,11950763822,01348,01348,BİLGİYE TOPAL,BALIK TEMİZLEME,GÜVEN MUSTAFAKEMALPAŞA,08:01,17:13,08:00,17:13,"08:01, 17:13",9.2,1.5,7.5,7.5,0.0,0.0,7.5,NORMAL,False,
2.09.2026,2,Çarşamba,31678238334,00922,00922,CANSEL AKCAN,BALIK TEMİZLEME,GÜVEN MUSTAFAKEMALPAŞA,07:57,18:06,08:00,18:06,"07:57, 18:06",10.15,1.5,8.5,7.5,1.0,0.0,8.5,NORMAL,False,
2.09.2026,2,Çarşamba,16933572286,00030,00030,CANSEVER ÇÇAKMAK,AMBAR,BİGADİÇ,07:42,17:11,08:00,17:11,"07:42, 17:11",9.48,1.5,7.5,7.5,0.0,0.0,7.5,NORMAL,False,
2.09.2026,2,Çarşamba,33154180038,00031,00031,CEMALETTİN BEDİZCİ,BAKIM,KARACABEY,07:46,19:11,08:00,19:11,"07:46, 19:11",11.42,1.5,9.5,7.5,2.0,0.0,9.5,NORMAL,False,
2.09.2026,2,Çarşamba,23083367440,00320,00320,CEYDA ÖZ,KALİTE,BİGADİÇ,15:50,00:00,15:50,00:00,"15:50, 00:00",8.17,0.5,7.5,7.5,0.0,0.0,7.5,NORMAL,False,
2.09.2026,2,Çarşamba,16699736366,01330,01330,CEYLAN BATAN,BALIK TEMİZLEME,GÜVEN MUSTAFAKEMALPAŞA,08:01,18:12,08:00,18:12,"08:01, 18:12",10.18,1.5,8.5,7.5,1.0,0.0,8.5,NORMAL,False,
2.09.2026,2,Çarşamba,19313787324,00943,00943,CİHAN YILMAZ,BALIK,HALİL DİĞRENCİ,07:58,17:07,08:00,17:07,"07:58, 17:07",9.15,1.5,7.5,7.5,0.0,0.0,7.5,NORMAL,False,
2.09.2026,2,Çarşamba,22634353154,01083,01083,DAİMİLA GÖKÇE,ÜRETİM,HALİL DİĞRENCİ,07:56,17:04,08:00,17:04,"07:56, 17:04",9.13,1.5,7.5,7.5,0.0,0.0,7.5,NORMAL,False,
2.09.2026,2,Çarşamba,37525041782,00218,00218,DERYA SEVİNÇ,FORMEN,MKP,07:41,18:15,08:00,18:15,"07:41, 18:15",10.57,1.5,8.5,7.5,1.0,0.0,8.5,NORMAL,False,
2.09.2026,2,Çarşamba,99848635024,00283,00283,DUHA EL MUFADDİ,BALIK TEMİZLEME,MKP,07:40,18:15,08:00,18:15,"07:40, 18:15",10.58,1.5,8.5,7.5,1.0,0.0,8.5,NORMAL,False,
2.09.2026,2,Çarşamba,23509358892,00386,00386,DÖNDÜ ŞAHİN,KALİTE,BANDIRMA,07:39,17:06,08:00,17:06,"07:39, 17:06",9.45,1.5,7.5,7.5,0.0,0.0,7.5,NORMAL,False,
2.09.2026,2,Çarşamba,17329708456,01285,01285,DİLEK ÇEKİN,BALIK TEMİZLEME,GÜVEN TURİZM,07:37,18:12,08:00,18:12,"07:37, 18:12",10.58,1.5,8.5,7.5,1.0,0.0,8.5,NORMAL,False,
2.09.2026,2,Çarşamba,10456937386,01362,01362,DİLEK ÇETİN,,HALİL DİĞRENCİ,08:03,17:06,08:00,17:06,"08:03, 17:06",9.05,1.5,7.5,7.5,0.0,0.0,7.5,NORMAL,False,
2.09.2026,2,Çarşamba,12562741222,00872,00872,EBRU ÖÖZALP,BALIK TEMİZLEME,BALIKESİR,07:48,18:09,08:00,18:09,"07:48, 18:09",10.35,1.5,8.5,7.5,1.0,0.0,8.5,NORMAL,False,
2.09.2026,2,Çarşamba,29563469352,00563,00563,EDİP EKİNCİ,KAZAN,SUSURLUK,20:12,07:56,00:00,07:56,"20:12, 07:56",11.73,0.5,7.5,7.5,0.0,0.0,7.5,NORMAL,False,
2.09.2026,2,Çarşamba,10066843626,00374,00374,EFE EVİM,AMBAR,BİGADİÇ,07:43,17:09,08:00,17:09,"07:43, 17:09",9.43,1.5,7.5,7.5,0.0,0.0,7.5,NORMAL,False,
2.09.2026,2,Çarşamba,14266711334,00037,00037,EFRAİM DUMAN,AMBAR,SUSURLUK,20:12,07:55,00:00,07:55,"20:12, 07:55",11.72,0.5,7.5,7.5,0.0,0.0,7.5,NORMAL,False,
2.09.2026,2,Çarşamba,20036722080,00039,00039,ELMAS OMAY,AMBAR,BALIKESİR,07:48,18:05,08:00,18:05,"07:48, 18:05",10.28,1.5,8.5,7.5,1.0,0.0,8.5,NORMAL,False,
2.09.2026,2,Çarşamba,16591633060,00038,00038,ELİF TUNÇ,KALİTE,BANDIRMA,08:30,19:18,08:30,19:18,"08:30, 19:18",10.8,1.5,9.0,7.0,2.0,0.0,9.0,NORMAL,False,
2.09.2026,2,Çarşamba,20266511430,00002,00002,ELİF YAVAŞ,MUHASEBE,SUSURLUK,07:59,17:01,08:00,17:01,"07:59, 17:01",9.03,1.5,7.5,7.5,0.0,0.0,7.5,NORMAL,False,
2.09.2026,2,Çarşamba,31009103096,00204,00204,EMEL SANAN,AMBAR,BİGADİÇ,07:42,17:12,08:00,17:12,"07:42, 17:12",9.5,1.5,7.5,7.5,0.0,0.0,7.5,NORMAL,False,
2.09.2026,2,Çarşamba,20584476770,00219,00219,EMİNE ATEŞ,BALIK TEMİZLEME,BALIKESİR,07:49,18:07,08:00,18:07,"07:49, 18:07",10.3,1.5,8.5,7.5,1.0,0.0,8.5,NORMAL,False,
2.09.2026,2,Çarşamba,12523718256,00043,00043,EMİNE BAYER,AMBAR,BİGADİÇ,07:42,17:08,08:00,17:08,"07:42, 17:08",9.43,1.5,7.5,7.5,0.0,0.0,7.5,NORMAL,False,
2.09.2026,2,Çarşamba,16111749134,01300,01300,EMİNE KARAMAN,BALIK TEMİZLEME,HALİL DİĞRENCİ,08:02,18:12,08:00,18:12,"08:02, 18:12",10.17,1.5,8.5,7.5,1.0,0.0,8.5,NORMAL,False,
2.09.2026,2,Çarşamba,45328882280,00859,00859,EMİNE YAVUZ,BALIK TEMİZLEME,GÜVEN TURİZM,07:37,18:12,08:00,18:12,"07:37, 18:12",10.58,1.5,8.5,7.5,1.0,0.0,8.5,NORMAL,False,
2.09.2026,2,Çarşamba,20503503198,00045,00045,EMİNE ÇAPAR,YEMEKHANE,GÖBEL,18:51,03:55,19:00,03:55,"18:51, 03:55",9.07,0.5,8.5,4.5,4.0,0.0,8.5,NORMAL,False,
2.09.2026,2,Çarşamba,37030668238,01180,01180,EMİNE ŞENTÜRK CİNGÖZ,BALIK TEMİZLEME,GÜVEN TURİZM,07:37,18:14,08:00,18:14,"07:37, 18:14",10.62,1.5,8.5,7.5,1.0,0.0,8.5,NORMAL,False,
2.09.2026,2,Çarşamba,10036852948,00046,00046,EMİRHAN MUTLU,BAKIM,GÖBEL,08:12,23:22,08:00,23:22,"08:12, 17:05, 22:07, 23:22",15.17,1.5,13.5,7.5,6.0,0.0,13.5,ÇOKLU_BASIM_MIN_MAX,True,"Çoklu Basım: İlk Giriş 08:12, Son Çıkış 23:22 (13,5s)"
2.09.2026,2,Çarşamba,29470204244,00007,00007,ENDER BİLBAY,KAPI GÖREVLİSİ,GÖBEL,15:58,23:51,15:58,23:51,"15:58, 23:51",7.88,0.5,7.5,7.5,0.0,0.0,7.5,NORMAL,False,
2.09.2026,2,Çarşamba,34795126850,01351,01351,ERCAN POLAT,BİLGİSAYAR MÜHENDİSİ,KARACABEY,07:46,18:15,08:00,18:15,"07:46, 18:15",10.48,1.5,8.5,7.5,1.0,0.0,8.5,NORMAL,False,
2.09.2026,2,Çarşamba,35581001238,00481,00481,ERCÜMENT AYGÜL,AMBAR,SUSURLUK,20:18,05:03,00:00,05:03,"20:18, 05:03",8.75,0.5,4.5,4.5,0.0,0.0,4.5,NORMAL,False,
2.09.2026,2,Çarşamba,23131415628,00047,00047,ERDİN TETİK,MEYDAN,SUSURLUK,23:26,07:57,00:00,07:57,"23:26, 07:57",8.52,0.5,7.5,7.5,0.0,0.0,7.5,NORMAL,False,
2.09.2026,2,Çarşamba,22260441248,00198,00198,ERSİN ESER,BAKIM,GÖBEL,07:57,17:01,08:00,17:01,"07:57, 17:01",9.07,1.5,7.5,7.5,0.0,0.0,7.5,NORMAL,False,
2.09.2026,2,Çarşamba,32372355358,01081,01081,ESMER BİÇER,ÜRETİM,HALİL DİĞRENCİ,07:56,17:04,08:00,17:04,"07:56, 17:04",9.13,1.5,7.5,7.5,0.0,0.0,7.5,NORMAL,False,
2.09.2026,2,Çarşamba,10177848602,00381,00381,EYÜP EKİNCİ,ELEKTRİK,SUSURLUK,09:00,16:21,09:00,16:21,"09:00, 09:01, 16:21",7.35,0.5,7.5,7.5,0.0,0.0,7.5,ÇOKLU_BASIM_MIN_MAX,True,"Çoklu Basım: İlk Giriş 09:00, Son Çıkış 16:21 (7,5s)"
2.09.2026,2,Çarşamba,35183294274,00926,00926,FATMA DEMİRER,BALIK TEMİZLEME,GÜVEN MUSTAFAKEMALPAŞA,07:56,18:06,08:00,18:06,"07:56, 18:06",10.17,1.5,8.5,7.5,1.0,0.0,8.5,NORMAL,False,
2.09.2026,2,Çarşamba,32986036254,00056,00056,FATMA ÇAM,ÜRETİM,BİGADİÇ,15:50,00:01,15:50,00:01,"15:50, 00:01",8.18,0.5,7.5,7.5,0.0,0.0,7.5,NORMAL,False,
2.09.2026,2,Çarşamba,31594082608,00057,00057,FATMA ÖZÇAM,ÜRETİM,BİGADİÇ,15:50,00:00,15:50,00:00,"15:50, 00:00",8.17,0.5,7.5,7.5,0.0,0.0,7.5,NORMAL,False,
2.09.2026,2,Çarşamba,11890896888,00223,00223,FATMAGÜL ÇEKİ,BALIK DOLUM,MKP,09:38,19:11,09:30,19:11,"09:38, 19:11",9.55,1.5,8.0,6.0,4.0,2.0,10.0,BÖLÜM_PRİMLİ,False,"Balık Dolum ve Kesim Primi: Fiili 8,0s -> Bonuslu 10,0s (+2,0s Prim)"
2.09.2026,2,Çarşamba,21898406446,01065,01065,FERUDUN BAKAN,ÜRETİM,BİGADİÇ,15:50,00:02,15:50,00:02,"15:50, 00:02",8.2,0.5,7.5,7.5,0.0,0.0,7.5,NORMAL,False,
2.09.2026,2,Çarşamba,31933222184,00224,00224,FEVZİYE EREL,BALIK TEMİZLEME,HALİL DİĞRENCİ,08:02,18:08,08:00,18:08,"08:02, 18:08",10.1,1.5,8.5,7.5,1.0,0.0,8.5,NORMAL,False,
2.09.2026,2,Çarşamba,17431713232,00927,00927,FİSUN ETİLER,,GÜVEN MUSTAFAKEMALPAŞA,08:01,18:08,08:00,18:08,"08:01, 18:08",10.12,1.5,8.5,7.5,1.0,0.0,8.5,NORMAL,False,
2.09.2026,2,Çarşamba,33739783340,00739,00739,GURBET DUMAN,BALIK TEMİZLEME,HALİL DİĞRENCİ,07:57,18:11,08:00,18:11,"07:57, 18:11",10.23,1.5,8.5,7.5,1.0,0.0,8.5,NORMAL,False,
2.09.2026,2,Çarşamba,33379057108,00423,00423,GÜLAY GÜNDOĞDU,BALIK TEMİZLEME,BALIKESİR,07:48,18:08,08:00,18:08,"07:48, 18:08",10.33,1.5,8.5,7.5,1.0,0.0,8.5,NORMAL,False,
2.09.2026,2,Çarşamba,24541318660,00065,00065,GÜLCAN BİLGİÇ,AMBAR,BİGADİÇ,07:42,17:08,08:00,17:08,"07:42, 17:08",9.43,1.5,7.5,7.5,0.0,0.0,7.5,NORMAL,False,
2.09.2026,2,Çarşamba,33211034366,00225,00225,GÜLER ÇAPKIN,BALIK TEMİZLEME,KARACABEY,07:41,18:14,08:00,18:14,"07:41, 18:14",10.55,1.5,8.5,7.5,1.0,0.0,8.5,NORMAL,False,
2.09.2026,2,Çarşamba,15041774032,00882,00882,GÜLPERİ KALENDER,BALIK TEMİZLEME,BANDIRMA,07:39,18:14,08:00,18:14,"07:39, 18:14",10.58,1.5,8.5,7.5,1.0,0.0,8.5,NORMAL,False,
2.09.2026,2,Çarşamba,53689106020,00073,00073,GÜLSÜM GÖRGÜLÜ,AMBAR,BİGADİÇ,07:42,17:08,08:00,17:08,"07:42, 17:08",9.43,1.5,7.5,7.5,0.0,0.0,7.5,NORMAL,False,
2.09.2026,2,Çarşamba,45184908278,00226,00226,GÜLTEN DURMAZ,BALIK DOLUM,GÖBEL,09:38,19:06,09:30,19:06,"09:38, 19:06",9.47,1.5,8.0,6.0,4.0,2.0,10.0,BÖLÜM_PRİMLİ,False,"Balık Dolum ve Kesim Primi: Fiili 8,0s -> Bonuslu 10,0s (+2,0s Prim)"
2.09.2026,2,Çarşamba,10996768938,00071,00071,GÜLTEN GİDER,AMBAR,BİGADİÇ,07:43,17:09,08:00,17:09,"07:43, 17:09",9.43,1.5,7.5,7.5,0.0,0.0,7.5,NORMAL,False,
2.09.2026,2,Çarşamba,21010592606,01022,01022,GÜLÜMSER KARABIYIK,BALIK TEMİZLEME,GÜVEN MUSTAFAKEMALPAŞA,08:02,17:06,08:00,17:06,"08:02, 17:06",9.07,1.5,7.5,7.5,0.0,0.0,7.5,NORMAL,False,
2.09.2026,2,Çarşamba,11257940650,01202,01202,GÜLŞEN YAĞMUR YÜKSEL,ÜRETİM,GÜVEN MUSTAFAKEMALPAŞA,08:02,17:05,08:00,17:05,"08:02, 17:05",9.05,1.5,7.5,7.5,0.0,0.0,7.5,NORMAL,False,
2.09.2026,2,Çarşamba,11593899780,00773,00773,GÜRAY PALA,BALIK KESİM,HALİL DİĞRENCİ,21:53,08:03,00:00,08:03,"21:53, 08:03",10.17,0.5,7.5,7.5,2.0,2.0,9.5,BÖLÜM_PRİMLİ,False,"Balık Dolum ve Kesim Primi: Fiili 7,5s -> Bonuslu 9,5s (+2,0s Prim)"
2.09.2026,2,Çarşamba,22639531168,01078,01078,HAFİZE AVCIOĞLU,BALIK TEMİZLEME,GÜVEN TURİZM,07:37,18:10,08:00,18:10,"07:37, 18:10",10.55,1.5,8.5,7.5,1.0,0.0,8.5,NORMAL,False,
2.09.2026,2,Çarşamba,13708835836,01159,01159,HAMİT GİRGİN,BALIK TEMİZLEME,GÜVEN MUSTAFAKEMALPAŞA,08:00,18:15,08:00,18:15,"08:00, 18:15",10.25,1.5,8.5,7.5,1.0,0.0,8.5,NORMAL,False,
2.09.2026,2,Çarşamba,14779989510,00080,00080,HARUN YAHYA DURSUN,BALIK DOLUM,GÖBEL,09:33,20:34,09:30,20:34,"09:33, 20:34",11.02,1.5,9.5,6.0,5.5,2.0,11.5,BÖLÜM_PRİMLİ,False,"Balık Dolum ve Kesim Primi: Fiili 9,5s -> Bonuslu 11,5s (+2,0s Prim)"
2.09.2026,2,Çarşamba,31324091924,00084,00084,HATİCE KURT,ÜRETİM,BİGADİÇ,15:50,00:03,15:50,00:03,"15:50, 00:03",8.22,0.5,7.5,7.5,0.0,0.0,7.5,NORMAL,False,
2.09.2026,2,Çarşamba,10817807990,01096,01096,HATİCE ONUK,ÜRETİM,HALİL DİĞRENCİ,07:57,17:07,08:00,17:07,"07:57, 17:07",9.17,1.5,7.5,7.5,0.0,0.0,7.5,NORMAL,False,
2.09.2026,2,Çarşamba,33850041688,00577,00577,HATİCE SAVAŞÇI,BALIK TEMİZLEME,BALIKESİR,07:48,18:08,08:00,18:08,"07:48, 18:08",10.33,1.5,8.5,7.5,1.0,0.0,8.5,NORMAL,False,
2.09.2026,2,Çarşamba,26002427744,00227,00227,HAVVA ALPER,BALIK DOLUM,MKP,09:38,19:11,09:30,19:11,"09:38, 19:11",9.55,1.5,8.0,6.0,4.0,2.0,10.0,BÖLÜM_PRİMLİ,False,"Balık Dolum ve Kesim Primi: Fiili 8,0s -> Bonuslu 10,0s (+2,0s Prim)"
2.09.2026,2,Çarşamba,26653281238,00228,00228,HAVVA BAYRAM,BALIK TEMİZLEME,BALIKESİR,07:48,18:06,08:00,18:06,"07:48, 18:06",10.3,1.5,8.5,7.5,1.0,0.0,8.5,NORMAL,False,
2.09.2026,2,Çarşamba,30367150308,00852,00852,HAYRULLAH TOPRAK,AMBAR,GÜVEN TURİZM,07:46,17:07,08:00,17:07,"07:46, 17:07",9.35,1.5,7.5,7.5,0.0,0.0,7.5,NORMAL,False,
2.09.2026,2,Çarşamba,10156949566,01270,01270,HAYRİYE BEYİRKEN,ÜRETİM,HALİL DİĞRENCİ,08:05,17:02,08:00,17:02,"08:05, 17:02",8.95,1.5,7.5,7.5,0.0,0.0,7.5,NORMAL,False,
2.09.2026,2,Çarşamba,11284916406,01143,01143,HÜLYA TANIŞ,BALIK TEMİZLEME,GÜVEN MUSTAFAKEMALPAŞA,07:57,18:07,08:00,18:07,"07:57, 18:07",10.17,1.5,8.5,7.5,1.0,0.0,8.5,NORMAL,False,
2.09.2026,2,Çarşamba,33289026430,00480,00480,HÜLYA TOPAL,AMBAR,BİGADİÇ,07:42,17:12,08:00,17:12,"07:42, 17:12",9.5,1.5,7.5,7.5,0.0,0.0,7.5,NORMAL,False,
2.09.2026,2,Çarşamba,30856107820,00091,00091,HÜLYA ÜÜNAL,AMBAR,BİGADİÇ,07:42,17:12,08:00,17:12,"07:42, 17:12",9.5,1.5,7.5,7.5,0.0,0.0,7.5,NORMAL,False,
2.09.2026,2,Çarşamba,23524501518,00231,00231,KADRİYE BEYHAN,BALIK TEMİZLEME,HALİL DİĞRENCİ,08:03,18:13,08:00,18:13,"08:03, 18:13",10.17,1.5,8.5,7.5,1.0,0.0,8.5,NORMAL,False,
2.09.2026,2,Çarşamba,49981303052,00093,00093,KADİR AZAR,AMBAR,KARACABEY,07:41,18:07,08:00,18:07,"07:41, 18:07",10.43,1.5,8.5,7.5,1.0,0.0,8.5,NORMAL,False,
2.09.2026,2,Çarşamba,27448226656,00095,00095,KAMİLE DAĞDÇELEN,AMBAR,BİGADİÇ,07:42,17:07,08:00,17:07,"07:42, 17:07",9.42,1.5,7.5,7.5,0.0,0.0,7.5,NORMAL,False,
2.09.2026,2,Çarşamba,99656887974,00294,00294,KEFA EL HUDUR,BALIK TEMİZLEME,MKP,07:40,18:15,08:00,18:15,"07:40, 18:15",10.58,1.5,8.5,7.5,1.0,0.0,8.5,NORMAL,False,
2.09.2026,2,Çarşamba,33067084584,00097,00097,KEMAL DURMUŞ,İŞLETME,SUSURLUK,05:05,22:57,00:00,22:57,"05:05, 22:57",17.87,0.5,22.5,7.5,15.0,0.0,22.5,NORMAL,False,
2.09.2026,2,Çarşamba,33397029286,01327,01327,KÜBÜŞRA ALTAY,SATIN ALMA,BANDIRMA,07:39,18:06,08:00,18:06,"07:39, 18:06",10.45,1.5,8.5,7.5,1.0,0.0,8.5,NORMAL,False,
2.09.2026,2,Çarşamba,25657430024,00199,00199,KÜRŞAT TÜRKAN,BAKIM,KARACABEY,08:08,18:12,08:00,18:12,"08:08, 18:12",10.07,1.5,8.5,7.5,1.0,0.0,8.5,NORMAL,False,
2.09.2026,2,Çarşamba,11840814962,01079,01079,LEYLA KOYUN,ÜRETİM,HALİL DİĞRENCİ,07:56,17:04,08:00,17:04,"07:56, 17:04",9.13,1.5,7.5,7.5,0.0,0.0,7.5,NORMAL,False,
2.09.2026,2,Çarşamba,19783626574,00103,00103,MACİDE PIRLAK,BALIK TEMİZLEME,KARACABEY,07:41,18:10,08:00,18:10,"07:41, 18:10",10.48,1.5,8.5,7.5,1.0,0.0,8.5,NORMAL,False,
2.09.2026,2,Çarşamba,99959615564,00200,00200,MAHMOUD ALZALEK,ELEKTRİK,SUSURLUK,20:12,07:57,00:00,07:57,"20:12, 07:57",11.75,0.5,7.5,7.5,0.0,0.0,7.5,NORMAL,False,
2.09.2026,2,Çarşamba,20458603738,00528,00528,MAHMURE ESEN,BALIK TEMİZLEME,HALİL DİĞRENCİ,08:03,18:12,08:00,18:12,"08:03, 18:12",10.15,1.5,8.5,7.5,1.0,0.0,8.5,NORMAL,False,
2.09.2026,2,Çarşamba,29749160806,00104,00104,MAHİR HİLMİ ULUKÖK,YENİ BALIK HATTI,SUSURLUK,08:08,17:05,08:00,17:05,"08:08, 17:05",8.95,1.5,7.5,7.5,0.0,0.0,7.5,NORMAL,False,
2.09.2026,2,Çarşamba,13876724772,00500,00500,MEHMET KARTAL,AMBAR,SUSURLUK,07:31,-,07:31,17:00,07:31,7.5,1.5,7.5,7.5,0.0,0.0,7.5,ÇIKIŞ_YOK_SABAH,True,"Giriş: 07:31 | Çıkış Basılmadı (Tam Gün 7,5s yazıldı)"
2.09.2026,2,Çarşamba,40483844500,01126,01126,MELİSA YILMAZ,ÜRETİM,HALİL DİĞRENCİ,07:58,17:07,08:00,17:07,"07:58, 17:07",9.15,1.5,7.5,7.5,0.0,0.0,7.5,NORMAL,False,
2.09.2026,2,Çarşamba,30181166332,00233,00233,MEMNUNE KARAMAN,BALIK TEMİZLEME,BALIKESİR,07:48,18:10,08:00,18:10,"07:48, 18:10",10.37,1.5,8.5,7.5,1.0,0.0,8.5,NORMAL,False,
2.09.2026,2,Çarşamba,28027546004,00112,00112,MESUT ERDEL,BAKIM,SUSURLUK,08:20,17:05,08:00,17:05,"08:20, 17:05",8.75,1.5,7.5,7.5,0.0,0.0,7.5,NORMAL,False,
2.09.2026,2,Çarşamba,99248627704,00005,00005,MHD BASSEL ALZALEK,ELEKTRİK,SUSURLUK,07:30,-,07:30,17:00,07:30,7.5,1.5,7.5,7.5,0.0,0.0,7.5,ÇIKIŞ_YOK_SABAH,True,"Giriş: 07:30 | Çıkış Basılmadı (Tam Gün 7,5s yazıldı)"
2.09.2026,2,Çarşamba,99347757876,00116,00116,MUHAMMED SAMİH SERHAN,AMBAR,GÖBEL,08:45,16:01,08:30,16:01,"08:45, 16:01",7.27,0.5,7.5,7.5,0.0,0.0,7.5,NORMAL,False,
2.09.2026,2,Çarşamba,15205679746,00572,00572,MURAT YONSUL,AMBAR,GÖBEL,07:45,17:06,08:00,17:06,"07:45, 17:06",9.35,1.5,7.5,7.5,0.0,0.0,7.5,NORMAL,False,
2.09.2026,2,Çarşamba,25621221832,00118,00118,MUSTAFA KAYA,İŞLETME,MKP,07:40,17:30,08:00,17:30,"07:40, 17:30",9.83,1.5,8.0,7.5,0.5,0.0,8.0,NORMAL,False,
2.09.2026,2,Çarşamba,21976553468,00234,00234,MÜCAHİT ÇOLAK,BALIK TEMİZLEME,KARACABEY,07:41,18:15,08:00,18:15,"07:41, 18:15",10.57,1.5,8.5,7.5,1.0,0.0,8.5,NORMAL,False,
2.09.2026,2,Çarşamba,31195265912,01056,01056,MÜRVET ÇAKAN,BALIK TEMİZLEME,HALİL DİĞRENCİ,08:03,18:10,08:00,18:10,"08:03, 18:10",10.12,1.5,8.5,7.5,1.0,0.0,8.5,NORMAL,False,
2.09.2026,2,Çarşamba,23539402008,00716,00716,MÜRVET ŞAFAK,ÜRETİM,SUSURLUK TUR-REŞAT,07:30,18:13,08:00,18:13,"07:30, 18:13",10.72,1.5,8.5,7.5,1.0,0.0,8.5,NORMAL,False,
2.09.2026,2,Çarşamba,33124024560,00120,00120,MÜZEYYEN ERDİNÇ,BALIK TEMİZLEME,BALIKESİR,07:48,18:12,08:00,18:12,"07:48, 18:12",10.4,1.5,8.5,7.5,1.0,0.0,8.5,NORMAL,False,
2.09.2026,2,Çarşamba,12556753194,00235,00235,NACİYE KARABULUT,BALIK TEMİZLEME,BALIKESİR,07:48,18:08,08:00,18:08,"07:48, 18:08",10.33,1.5,8.5,7.5,1.0,0.0,8.5,NORMAL,False,
2.09.2026,2,Çarşamba,16324748870,01178,01178,NAZMİYE ÇELİK,BALIK TEMİZLEME,GÜVEN MUSTAFAKEMALPAŞA,08:01,18:12,08:00,18:12,"08:01, 18:12",10.18,1.5,8.5,7.5,1.0,0.0,8.5,NORMAL,False,
2.09.2026,2,Çarşamba,28510235804,00121,00121,NAİL AKSOY,ŞÖFÖR,SUSURLUK,23:26,07:56,00:00,07:56,"23:26, 07:56",8.5,0.5,7.5,7.5,0.0,0.0,7.5,NORMAL,False,
2.09.2026,2,Çarşamba,38710924712,00887,00887,NECLA ABİ,BALIK TEMİZLEME,GÜVEN TURİZM,07:38,18:13,08:00,18:13,"07:38, 18:13",10.58,1.5,8.5,7.5,1.0,0.0,8.5,NORMAL,False,
2.09.2026,2,Çarşamba,24031385950,00380,00380,NECMİ SEVER,MEYDAN,GÖBEL,07:53,17:00,08:00,17:00,"07:53, 17:00",9.12,1.5,7.5,7.5,0.0,0.0,7.5,NORMAL,False,
2.09.2026,2,Çarşamba,21991561554,00930,00930,NECMİYE ÜÜLKER,BALIK TEMİZLEME,GÜVEN MUSTAFAKEMALPAŞA,08:01,18:08,08:00,18:08,"08:01, 18:08",10.12,1.5,8.5,7.5,1.0,0.0,8.5,NORMAL,False,
2.09.2026,2,Çarşamba,54874132756,00974,00974,NECİFE BAĞ,BALIK TEMİZLEME,KARACABEY,07:41,18:15,08:00,18:15,"07:41, 18:15",10.57,1.5,8.5,7.5,1.0,0.0,8.5,NORMAL,False,
2.09.2026,2,Çarşamba,15842906410,01080,01080,NERMİN BİÇER,ÜRETİM,HALİL DİĞRENCİ,07:56,17:04,08:00,17:04,"07:56, 17:04",9.13,1.5,7.5,7.5,0.0,0.0,7.5,NORMAL,False,
2.09.2026,2,Çarşamba,14452686422,00371,00371,NESRİN GÜZEL,BALIK TEMİZLEME,BALIKESİR,07:49,18:08,08:00,18:08,"07:49, 18:08",10.32,1.5,8.5,7.5,1.0,0.0,8.5,NORMAL,False,
2.09.2026,2,Çarşamba,17902565544,00128,00128,NURAY AVCI,YEMEKHANE,BALIKESİR,07:49,18:05,08:00,18:05,"07:49, 18:05",10.27,1.5,8.5,7.5,1.0,0.0,8.5,NORMAL,False,
2.09.2026,2,Çarşamba,25970637896,00129,00129,NURAY ELİSÇIKIŞ,AMBAR,BALIKESİR,07:49,18:05,08:00,18:05,"07:49, 18:05",10.27,1.5,8.5,7.5,1.0,0.0,8.5,NORMAL,False,
2.09.2026,2,Çarşamba,38449011448,01040,01040,NURAY LAÇİN,ÜRETİM,GÜVEN MUSTAFAKEMALPAŞA,08:02,17:03,08:00,17:03,"08:02, 17:03",9.02,1.5,7.5,7.5,0.0,0.0,7.5,NORMAL,False,
2.09.2026,2,Çarşamba,21478446602,00236,00236,NURCAN EREN,BALIK TEMİZLEME,BALIKESİR,07:49,18:06,08:00,18:06,"07:49, 18:06",10.28,1.5,8.5,7.5,1.0,0.0,8.5,NORMAL,False,
2.09.2026,2,Çarşamba,15736612786,01352,01352,NURGÜL ADIGÜL,ÜRETİM,BİGADİÇ,15:50,00:01,15:50,00:01,"15:50, 00:01",8.18,0.5,7.5,7.5,0.0,0.0,7.5,NORMAL,False,
2.09.2026,2,Çarşamba,13318692676,01064,01064,NURGÜL PARLAS,ÜRETİM,BİGADİÇ,15:50,00:01,15:50,00:01,"15:50, 00:01",8.18,0.5,7.5,7.5,0.0,0.0,7.5,NORMAL,False,
2.09.2026,2,Çarşamba,22186447318,00137,00137,NURTEN CAN,ÜRETİM,SUSURLUK TUR-REŞAT,07:31,18:14,08:00,18:14,"07:31, 18:14",10.72,1.5,8.5,7.5,1.0,0.0,8.5,NORMAL,False,
2.09.2026,2,Çarşamba,27289383990,00931,00931,NURTEN ERDEM,BALIK TEMİZLEME,GÜVEN MUSTAFAKEMALPAŞA,07:57,18:07,08:00,18:07,"07:57, 18:07",10.17,1.5,8.5,7.5,1.0,0.0,8.5,NORMAL,False,
2.09.2026,2,Çarşamba,13420739290,00003,00003,NURİ GÜLSER,KAPI GÖREVLİSİ,GÖBEL,07:45,16:04,08:00,16:04,"07:45, 16:04",8.32,0.5,7.5,7.5,0.0,0.0,7.5,NORMAL,False,
2.09.2026,2,Çarşamba,52996654668,00237,00237,NURİYE AKKUŞ,BALIK TEMİZLEME,BANDIRMA,07:39,18:14,08:00,18:14,"07:39, 18:14",10.58,1.5,8.5,7.5,1.0,0.0,8.5,NORMAL,False,
2.09.2026,2,Çarşamba,13189854302,00006,00006,OZAN BUĞA,BAKIM,MKP,07:39,17:00,08:00,17:00,"07:39, 17:00",9.35,1.5,7.5,7.5,0.0,0.0,7.5,NORMAL,False,
2.09.2026,2,Çarşamba,29677146866,00238,00238,RABİYE ÇENECİOĞLU,BALIK TEMİZLEME,BALIKESİR,07:49,18:10,08:00,18:10,"07:49, 18:10",10.35,1.5,8.5,7.5,1.0,0.0,8.5,NORMAL,False,
2.09.2026,2,Çarşamba,29359208356,00145,00145,RAMAZAN KÜÇÜKÇÇAKIR,ŞÖFÖR,SUSURLUK,07:59,17:00,08:00,17:00,"07:59, 17:00",9.02,1.5,7.5,7.5,0.0,0.0,7.5,NORMAL,False,
2.09.2026,2,Çarşamba,28108249688,00146,00146,RIDVAN DEMİRDAK,ŞÖFÖR,GÖBEL,15:58,23:36,15:58,23:36,"15:58, 23:36",7.63,0.5,7.0,7.0,0.0,0.0,7.0,NORMAL,False,
2.09.2026,2,Çarşamba,16561742068,00842,00842,RUKİYE UZUN,BALIK TEMİZLEME,GÜVEN TURİZM,07:38,18:13,08:00,18:13,"07:38, 18:13",10.58,1.5,8.5,7.5,1.0,0.0,8.5,NORMAL,False,
2.09.2026,2,Çarşamba,34807027090,00536,00536,SABRİ ACAR,YENİ BALIK HATTI,SUSURLUK,23:47,08:02,00:00,08:02,"23:47, 08:02",8.25,0.5,7.5,7.5,0.0,0.0,7.5,NORMAL,False,
2.09.2026,2,Çarşamba,31027151864,00147,00147,SABİHA GİRGİN,ÜRETİM,SUSURLUK TUR-REŞAT,07:31,18:13,08:00,18:13,"07:31, 18:13",10.7,1.5,8.5,7.5,1.0,0.0,8.5,NORMAL,False,
2.09.2026,2,Çarşamba,33640164108,01130,01130,SAMET YUMİTKEN,ÜRETİM,HALİL DİĞRENCİ,08:04,17:01,08:00,17:01,"08:04, 17:01",8.95,1.5,7.5,7.5,0.0,0.0,7.5,NORMAL,False,
2.09.2026,2,Çarşamba,30373124058,00149,00149,SANİYE CEYLAN,AMBAR,BİGADİÇ,07:42,17:12,08:00,17:12,"07:42, 17:12",9.5,1.5,7.5,7.5,0.0,0.0,7.5,NORMAL,False,
2.09.2026,2,Çarşamba,14164714154,00150,00150,SARA EROĞLU,AMBAR,BALIKESİR,07:48,18:05,08:00,18:05,"07:48, 17:07, 18:05",10.28,1.5,8.5,7.5,1.0,0.0,8.5,ÇOKLU_BASIM_MIN_MAX,True,"Çoklu Basım: İlk Giriş 07:48, Son Çıkış 18:05 (8,5s)"
2.09.2026,2,Çarşamba,24178356332,00153,00153,SEHER ÖZDEN,YEMEKHANE,BALIKESİR,07:49,18:05,08:00,18:05,"07:49, 18:05",10.27,1.5,8.5,7.5,1.0,0.0,8.5,NORMAL,False,
2.09.2026,2,Çarşamba,11248811624,00009,00009,SELAHATTİN SÖĞÜT,ŞÖFÖR,GÖBEL,10:37,20:53,10:30,20:53,"10:37, 20:53",10.27,1.5,9.0,5.0,4.0,0.0,9.0,NORMAL,False,
2.09.2026,2,Çarşamba,19723478966,01069,01069,SELMA AYHAN,ÜRETİM,BİGADİÇ,15:50,00:01,15:50,00:01,"15:50, 00:01",8.18,0.5,7.5,7.5,0.0,0.0,7.5,NORMAL,False,
2.09.2026,2,Çarşamba,49369567458,00559,00559,SELMA TUNÇ,BALIK TEMİZLEME,BALIKESİR,07:47,18:10,08:00,18:10,"07:47, 18:10",10.38,1.5,8.5,7.5,1.0,0.0,8.5,NORMAL,False,
2.09.2026,2,Çarşamba,33451458564,01227,01227,SELMATA ANIK,ÜRETİM,HALİL DİĞRENCİ,07:59,17:05,08:00,17:05,"07:59, 17:05",9.1,1.5,7.5,7.5,0.0,0.0,7.5,NORMAL,False,
2.09.2026,2,Çarşamba,46825626414,00724,00724,SEMANUR GÜLIŞIK,FORMEN,KARACABEY,07:42,18:15,08:00,18:15,"07:42, 18:15",10.55,1.5,8.5,7.5,1.0,0.0,8.5,NORMAL,False,
2.09.2026,2,Çarşamba,24136488860,01007,01007,SEREN BURHAN,BALIK TEMİZLEME,GÜVEN MUSTAFAKEMALPAŞA,08:01,18:15,08:00,18:15,"08:01, 18:15",10.23,1.5,8.5,7.5,1.0,0.0,8.5,NORMAL,False,
2.09.2026,2,Çarşamba,16231745504,01129,01129,SERKAN YUMİTKEN,ÜRETİM,HALİL DİĞRENCİ,08:04,17:07,08:00,17:07,"08:04, 17:07",9.05,1.5,7.5,7.5,0.0,0.0,7.5,NORMAL,False,
2.09.2026,2,Çarşamba,13696829374,01361,01361,SERPİL İİPEK,,HALİL DİĞRENCİ,08:03,17:06,08:00,17:06,"08:03, 17:06",9.05,1.5,7.5,7.5,0.0,0.0,7.5,NORMAL,False,
2.09.2026,2,Çarşamba,13498698468,00165,00165,SEVGİ AYCAN,BALIK TEMİZLEME,BANDIRMA,07:40,18:14,08:00,18:14,"07:40, 18:14",10.57,1.5,8.5,7.5,1.0,0.0,8.5,NORMAL,False,
2.09.2026,2,Çarşamba,17611699134,00884,00884,SEVİLAY DÖNMEZ,BALIK TEMİZLEME,GÜVEN TURİZM,07:38,18:15,08:00,18:15,"07:38, 18:15",10.62,1.5,8.5,7.5,1.0,0.0,8.5,NORMAL,False,
2.09.2026,2,Çarşamba,15250777510,01063,01063,SEZAİ ÇELİK,BALIK,HALİL DİĞRENCİ,08:03,17:07,08:00,17:07,"08:03, 17:07",9.07,1.5,7.5,7.5,0.0,0.0,7.5,NORMAL,False,
2.09.2026,2,Çarşamba,29200163070,01066,01066,SEZGİN YILDIRIM,ÜRETİM,BİGADİÇ,15:50,00:03,15:50,00:03,"15:50, 00:03",8.22,0.5,7.5,7.5,0.0,0.0,7.5,NORMAL,False,
2.09.2026,2,Çarşamba,18847656960,00740,00740,SEÇİL ARIBOĞA,ÜRETİM,HALİL DİĞRENCİ,07:57,17:05,08:00,17:05,"07:57, 17:05",9.13,1.5,7.5,7.5,0.0,0.0,7.5,NORMAL,False,
2.09.2026,2,Çarşamba,55963096430,00240,00240,SULTAN BAĞ,BALIK TEMİZLEME,KARACABEY,07:41,18:15,08:00,18:15,"07:41, 18:15",10.57,1.5,8.5,7.5,1.0,0.0,8.5,NORMAL,False,
2.09.2026,2,Çarşamba,10582783284,00170,00170,SİBEL ÇÇAKIR,ÜRETİM,BİGADİÇ,15:49,00:00,15:49,00:00,"15:49, 00:00",8.18,0.5,7.5,7.5,0.0,0.0,7.5,NORMAL,False,
2.09.2026,2,Çarşamba,10780950730,01037,01037,SİBEL ÇİFTÇİ,BALIK TEMİZLEME,MKP,07:40,18:07,08:00,18:07,"07:40, 18:07",10.45,1.5,8.5,7.5,1.0,0.0,8.5,NORMAL,False,
2.09.2026,2,Çarşamba,29761139378,01038,01038,TALHA YAVAŞ,KALİTE,BANDIRMA,07:40,19:17,08:00,19:17,"07:40, 19:17",11.62,1.5,9.5,7.5,2.0,0.0,9.5,NORMAL,False,
2.09.2026,2,Çarşamba,20374606288,01047,01047,TANER BEYİRKEN,ÜRETİM,HALİL DİĞRENCİ,08:05,17:03,08:00,17:03,"08:05, 17:03",8.97,1.5,7.5,7.5,0.0,0.0,7.5,NORMAL,False,
2.09.2026,2,Çarşamba,10705928394,00976,00976,TAYFUN GÜNCÜ,BALIK TEMİZLEME,HALİL DİĞRENCİ,08:03,18:06,08:00,18:06,"08:03, 18:06",10.05,1.5,8.5,7.5,1.0,0.0,8.5,NORMAL,False,
2.09.2026,2,Çarşamba,13252843738,00243,00243,TAYFUN TIĞRAK,FORMEN,KARACABEY,07:46,19:13,08:00,19:13,"07:46, 19:13",11.45,1.5,9.5,7.5,2.0,0.0,9.5,NORMAL,False,
2.09.2026,2,Çarşamba,32938871292,00183,00183,TAYFUN ÇELİK,MEYDAN,MKP,09:38,20:27,09:30,20:27,"09:38, 20:27",10.82,1.5,9.5,6.0,3.5,0.0,9.5,NORMAL,False,
2.09.2026,2,Çarşamba,30925156292,00501,00501,TUNCAY METİN,KAPI GÖREVLİSİ,SUSURLUK,23:27,07:58,00:00,07:58,"23:27, 07:58",8.52,0.5,7.5,7.5,0.0,0.0,7.5,NORMAL,False,
2.09.2026,2,Çarşamba,23077372900,01116,01116,VAHİDE YAŞAR,ÜRETİM,BİGADİÇ,15:50,00:01,15:50,00:01,"15:50, 00:01",8.18,0.5,7.5,7.5,0.0,0.0,7.5,NORMAL,False,
2.09.2026,2,Çarşamba,18364673952,01269,01269,YEŞİM BEYİRKEN,ÜRETİM,HALİL DİĞRENCİ,08:05,17:03,08:00,17:03,"08:05, 17:03",8.97,1.5,7.5,7.5,0.0,0.0,7.5,NORMAL,False,
2.09.2026,2,Çarşamba,17096459292,01198,01198,YURDANUR ÇELİK,BALIK TEMİZLEME,HALİL DİĞRENCİ,07:58,18:07,08:00,18:07,"07:58, 18:07",10.15,1.5,8.5,7.5,1.0,0.0,8.5,NORMAL,False,
2.09.2026,2,Çarşamba,14701796544,00582,00582,YUSUF SAMAR,MUHASEBE,KARACABEY,07:42,18:06,08:00,18:06,"07:42, 18:06",10.4,1.5,8.5,7.5,1.0,0.0,8.5,NORMAL,False,
2.09.2026,2,Çarşamba,10528936408,01364,01364,YUSUF ÇETİN,,HALİL DİĞRENCİ,08:03,17:02,08:00,17:02,"08:03, 17:02",8.98,1.5,7.5,7.5,0.0,0.0,7.5,NORMAL,False,
2.09.2026,2,Çarşamba,31861120316,00191,00191,ZAHİDE GÜRBÜZ,BALIK TEMİZLEME,BALIKESİR,07:49,18:08,08:00,18:08,"07:49, 18:08",10.32,1.5,8.5,7.5,1.0,0.0,8.5,NORMAL,False,
2.09.2026,2,Çarşamba,27560597764,01048,01048,ZAHİDE HAĞİ,BALIK TEMİZLEME,HALİL DİĞRENCİ,08:03,18:16,08:00,18:16,"08:03, 18:16",10.22,1.5,8.5,7.5,1.0,0.0,8.5,NORMAL,False,
2.09.2026,2,Çarşamba,31552110794,00935,00935,ZAHİDE KALDEMİR,BALIK TEMİZLEME,GÜVEN MUSTAFAKEMALPAŞA,08:01,18:07,08:00,18:07,"08:01, 18:07",10.1,1.5,8.5,7.5,1.0,0.0,8.5,NORMAL,False,
2.09.2026,2,Çarşamba,22249543988,00192,00192,ZAHİDE NEDİRLİ,KALİTE,KARACABEY,07:41,17:06,08:00,17:06,"07:41, 17:06",9.42,1.5,7.5,7.5,0.0,0.0,7.5,NORMAL,False,
2.09.2026,2,Çarşamba,10820807680,01097,01097,ZEHRA ONUK,ÜRETİM,HALİL DİĞRENCİ,07:57,17:05,08:00,17:05,"07:57, 17:05",9.13,1.5,7.5,7.5,0.0,0.0,7.5,NORMAL,False,
2.09.2026,2,Çarşamba,14047825472,00937,00937,ZELİHA ORUÇ,BALIK TEMİZLEME,GÜVEN MUSTAFAKEMALPAŞA,07:57,18:06,08:00,18:06,"07:57, 18:06",10.15,1.5,8.5,7.5,1.0,0.0,8.5,NORMAL,False,
2.09.2026,2,Çarşamba,24289352612,00244,00244,ZEYNEP KARAMAN,BALIK TEMİZLEME,BALIKESİR,07:48,18:06,08:00,18:06,"07:48, 18:06",10.3,1.5,8.5,7.5,1.0,0.0,8.5,NORMAL,False,
2.09.2026,2,Çarşamba,33742169780,00246,00246,ZEYNEP KURT,BALIK DOLUM,MKP,09:38,19:10,09:30,19:10,"09:38, 19:10",9.53,1.5,8.0,6.0,4.0,2.0,10.0,BÖLÜM_PRİMLİ,False,"Balık Dolum ve Kesim Primi: Fiili 8,0s -> Bonuslu 10,0s (+2,0s Prim)"
2.09.2026,2,Çarşamba,22498412394,00765,00765,ZEYNEP ONBAŞI,YEMEKHANE,BALIKESİR,07:49,18:05,08:00,18:05,"07:49, 18:05",10.27,1.5,8.5,7.5,1.0,0.0,8.5,NORMAL,False,
2.09.2026,2,Çarşamba,22319750032,00782,00782,ÇİDEM FİDAN,BALIK TEMİZLEME,BANDIRMA,07:40,18:14,08:00,18:14,"07:40, 18:14",10.57,1.5,8.5,7.5,1.0,0.0,8.5,NORMAL,False,
2.09.2026,2,Çarşamba,17749594400,00033,00033,ÇİSEM BÇAKIR,KALİTE,SUSURLUK,16:07,00:00,16:00,00:00,"16:07, 00:00",7.88,0.5,7.5,7.5,0.0,0.0,7.5,NORMAL,False,
2.09.2026,2,Çarşamba,33037193346,01349,01349,ÖMÜR SEPETÇİ,ÜRETİM,GÜVEN MUSTAFAKEMALPAŞA,08:02,18:05,08:00,18:05,"08:02, 18:05",10.05,1.5,8.5,7.5,1.0,0.0,8.5,NORMAL,False,
2.09.2026,2,Çarşamba,27235386938,00139,00139,ÖMÜRLÜ FERİK,KAZAN,MKP,07:40,20:16,08:00,20:16,"07:40, 20:16",12.6,1.5,10.5,7.5,3.0,0.0,10.5,NORMAL,False,
2.09.2026,2,Çarşamba,12268777280,00185,00185,ÜMMÜ AYDOĞAN,ÜRETİM,SUSURLUK TUR-REŞAT,07:31,18:14,08:00,18:14,"07:31, 18:14",10.72,1.5,8.5,7.5,1.0,0.0,8.5,NORMAL,False,
2.09.2026,2,Çarşamba,57541044000,01195,01195,ÜMMÜGÜLSÜM BAĞ,BALIK TEMİZLEME,KARACABEY,07:41,18:16,08:00,18:16,"07:41, 18:16",10.58,1.5,8.5,7.5,1.0,0.0,8.5,NORMAL,False,
2.09.2026,2,Çarşamba,10198947728,00410,00410,ÜMİT BATIN TÜRKAN,BAKIM,KARACABEY,08:08,18:12,08:00,18:12,"08:08, 18:12",10.07,1.5,8.5,7.5,1.0,0.0,8.5,NORMAL,False,
2.09.2026,2,Çarşamba,37075059770,01350,01350,ÜVEYS SEPETÇİ,ÜRETİM,GÜVEN MUSTAFAKEMALPAŞA,08:02,18:05,08:00,18:05,"08:02, 18:05",10.05,1.5,8.5,7.5,1.0,0.0,8.5,NORMAL,False,
2.09.2026,2,Çarşamba,29515203096,00092,00092,İBÜŞRAHİM YILDIRIM,MEYDAN,MKP,07:30,20:27,08:00,20:27,"07:30, 07:51, 20:16, 20:17, 20:27",12.95,1.5,11.0,7.5,3.5,0.0,11.0,ÇOKLU_BASIM_MIN_MAX,True,"Çoklu Basım: İlk Giriş 07:30, Son Çıkış 20:27 (11,0s)"
2.09.2026,2,Çarşamba,42844787082,00783,00783,İSMAİL BARAK,BALIK KESİM,HALİL DİĞRENCİ,21:53,08:03,00:00,08:03,"21:53, 08:03",10.17,0.5,7.5,7.5,2.0,2.0,9.5,BÖLÜM_PRİMLİ,False,"Balık Dolum ve Kesim Primi: Fiili 7,5s -> Bonuslu 9,5s (+2,0s Prim)"
2.09.2026,2,Çarşamba,25060351046,00230,00230,İSMAİL İMİR,OTOKLAV OPERATÖRÜ,SUSURLUK,10:22,21:05,10:30,21:05,"10:22, 21:05",10.72,1.5,9.0,5.0,4.0,0.0,9.0,NORMAL,False,
2.09.2026,2,Çarşamba,13720827796,00176,00176,ŞADİ BAŞARICI,BAKIM,KARACABEY,09:11,19:06,09:00,19:06,"09:11, 19:06",9.92,1.5,8.5,6.5,2.0,0.0,8.5,NORMAL,False,
2.09.2026,2,Çarşamba,38233180558,00178,00178,ŞAKİR KARAKAŞ,AMBAR,BANDIRMA,07:42,18:06,08:00,18:06,"07:42, 18:06",10.4,1.5,8.5,7.5,1.0,0.0,8.5,NORMAL,False,
2.09.2026,2,Çarşamba,25192322242,00179,00179,ŞAYİKA KOPARAN,AMBAR,BİGADİÇ,07:43,17:08,08:00,17:08,"07:43, 17:08",9.42,1.5,7.5,7.5,0.0,0.0,7.5,NORMAL,False,
3.09.2026,3,Perşembe,20437654348,00206,00206,ADALET KALAYCI,BALIK TEMİZLEME,BANDIRMA,07:38,17:15,08:00,17:15,"07:38, 17:15",9.62,1.5,7.5,7.5,0.0,0.0,7.5,NORMAL,False,
3.09.2026,3,Perşembe,18655664102,00011,00011,ADVİYE YARICI,BALIK TEMİZLEME,HALİL DİĞRENCİ,08:00,17:22,08:00,17:22,"08:00, 17:22",9.37,1.5,7.5,7.5,0.0,0.0,7.5,NORMAL,False,
3.09.2026,3,Perşembe,44626409038,01113,01113,AHMET ALİ TÜRKMEN,ÜRETİM,BİGADİÇ,15:59,00:05,15:59,00:05,"15:59, 00:05",8.1,0.5,7.5,7.5,0.0,0.0,7.5,NORMAL,False,
3.09.2026,3,Perşembe,23527501454,00583,00583,AHMET BEYHAN,BAKIM,KARACABEY,07:59,18:35,08:00,18:35,"07:59, 18:35",10.6,1.5,9.0,7.5,1.5,0.0,9.0,NORMAL,False,
3.09.2026,3,Perşembe,21925456598,00830,00830,AHMET ÇÇAYLAK,AMBAR,BALIKESİR,15:44,00:00,15:44,00:00,"15:44, 00:00",8.27,0.5,7.5,7.5,0.0,0.0,7.5,NORMAL,False,
3.09.2026,3,Perşembe,16510742668,01154,01154,AKİF TÜRKÇÜ,BALIK TEMİZLİK,MKP,-,18:10,08:00,18:10,18:10,10.17,1.5,8.5,7.5,1.0,0.0,8.5,GİRİŞ_YOK_AKŞAM,True,"Çıkış: 18:10 | Giriş Basılmadı (08:00 başı ile 8,5s korundu)"
3.09.2026,3,Perşembe,18394573482,00208,00208,ANIL DEMİRTAŞ,KONSERVE ÜRETİM ELEMANI,GÖBEL,15:56,00:05,15:56,00:05,"15:56, 00:05",8.15,0.5,7.5,7.5,0.0,0.0,7.5,NORMAL,False,
3.09.2026,3,Perşembe,28336192374,00308,00308,ARZU KILA,AMBAR,BİGADİÇ,07:41,17:05,08:00,17:05,"07:41, 17:05",9.4,1.5,7.5,7.5,0.0,0.0,7.5,NORMAL,False,
3.09.2026,3,Perşembe,28033351500,01357,01357,ARZU ÖZTÜRK,BALIK TEMİZLEME,GÜVEN MUSTAFAKEMALPAŞA,07:52,17:10,08:00,17:10,"07:52, 17:10",9.3,1.5,7.5,7.5,0.0,0.0,7.5,NORMAL,False,
3.09.2026,3,Perşembe,24709461474,00894,00894,ASLI BAYRAKTAR,BALIK DOLUM,GÜVEN TURİZM,07:37,17:24,08:00,17:24,"07:37, 17:24",9.78,1.5,7.5,7.5,2.0,2.0,9.5,BÖLÜM_PRİMLİ,False,"Balık Dolum ve Kesim Primi: Fiili 7,5s -> Bonuslu 9,5s (+2,0s Prim)"
3.09.2026,3,Perşembe,12572550074,00209,00209,ASYA TİLKİ,BALIK TEMİZLEME,KARACABEY,07:40,17:23,08:00,17:23,"07:40, 17:23",9.72,1.5,7.5,7.5,0.0,0.0,7.5,NORMAL,False,
3.09.2026,3,Perşembe,22426711476,00754,00754,AYNUR DEMİRCAN,BALIK TEMİZLEME,HALİL DİĞRENCİ,07:54,17:23,08:00,17:23,"07:54, 17:23",9.48,1.5,7.5,7.5,0.0,0.0,7.5,NORMAL,False,
3.09.2026,3,Perşembe,21089727848,00870,00870,AYSEL YILMAZ,BALIK TEMİZLEME,HALİL DİĞRENCİ,07:54,17:24,08:00,17:24,"07:54, 17:24",9.5,1.5,7.5,7.5,0.0,0.0,7.5,NORMAL,False,
3.09.2026,3,Perşembe,13543834438,01145,01145,AYSEL ÇETİNTAŞ,ÜRETİM,HALİL DİĞRENCİ,07:55,17:05,08:00,17:05,"07:55, 17:05",9.17,1.5,7.5,7.5,0.0,0.0,7.5,NORMAL,False,
3.09.2026,3,Perşembe,25567503092,00211,00211,AYÇA SEZER,KALİTE,BANDIRMA,16:30,08:07,16:30,08:07,"16:30, 08:07",15.62,0.5,15.0,7.0,8.0,0.0,15.0,NORMAL,False,
3.09.2026,3,Perşembe,24280352994,00214,00214,AYŞE KARAMAN,BALIK TEMİZLEME,BALIKESİR,07:50,17:15,08:00,17:15,"07:50, 17:15",9.42,1.5,7.5,7.5,0.0,0.0,7.5,NORMAL,False,
3.09.2026,3,Perşembe,33253033204,00021,00021,AYŞE KURT,ÜRETİM,BİGADİÇ,16:00,00:01,16:00,00:01,"16:00, 00:01",8.02,0.5,7.5,7.5,0.0,0.0,7.5,NORMAL,False,
3.09.2026,3,Perşembe,34120156552,00215,00215,AYŞE YILMAZ,BALIK DOLUM,MKP,07:49,18:58,08:00,18:58,"07:49, 18:58",11.15,1.5,9.5,7.5,4.0,2.0,11.5,BÖLÜM_PRİMLİ,False,"Balık Dolum ve Kesim Primi: Fiili 9,5s -> Bonuslu 11,5s (+2,0s Prim)"
3.09.2026,3,Perşembe,11284759850,00018,00018,AYŞE ÇENECİOĞLU,AMBAR,BİGADİÇ,07:41,17:06,08:00,17:06,"07:41, 17:06",9.42,1.5,7.5,7.5,0.0,0.0,7.5,NORMAL,False,
3.09.2026,3,Perşembe,25610607388,01353,01353,BAHAR FİDAN,ÜRETİM,SÇEVİKAT ÇELİK,07:55,17:03,08:00,17:03,"07:55, 17:03",9.13,1.5,7.5,7.5,0.0,0.0,7.5,NORMAL,False,
3.09.2026,3,Perşembe,12496719380,01139,01139,BEDİA KAYMAZ,AMBAR,BİGADİÇ,07:41,17:09,08:00,17:09,"07:41, 17:09",9.47,1.5,7.5,7.5,0.0,0.0,7.5,NORMAL,False,
3.09.2026,3,Perşembe,11206757414,00902,00902,BERK BERBER,ÇEVRE MÜHENDİSİ,BANDIRMA,07:38,19:05,08:00,19:05,"07:38, 19:05",11.45,1.5,9.5,7.5,2.0,0.0,9.5,NORMAL,False,
3.09.2026,3,Perşembe,25297298992,00216,00216,BETÜL TUNÇ,BALIK TEMİZLEME,BANDIRMA,07:38,17:23,08:00,17:23,"07:38, 17:23",9.75,1.5,7.5,7.5,0.0,0.0,7.5,NORMAL,False,
3.09.2026,3,Perşembe,10201948476,01170,01170,BUKET DÖNMEZ,KALİTE,HALİL DİĞRENCİ,07:59,17:09,08:00,17:09,"07:59, 17:09",9.17,1.5,7.5,7.5,0.0,0.0,7.5,NORMAL,False,
3.09.2026,3,Perşembe,28103495080,01336,01336,BÜŞRA YAVRUTÜRK,ÜRETİM,SÇEVİKAT ÇELİK,07:54,-,07:54,17:00,"07:54, 17:06",7.5,1.5,7.5,7.5,0.0,0.0,7.5,ÇIKIŞ_YOK_SABAH,True,"Giriş: 07:54 | Çıkış Basılmadı (Tam Gün 7,5s yazıldı)"
3.09.2026,3,Perşembe,33316051664,01339,01339,BİLGİNUR SÜMER,BALIK TEMİZLEME,BALIKESİR,07:53,17:15,08:00,17:15,"07:53, 17:15",9.37,1.5,7.5,7.5,0.0,0.0,7.5,NORMAL,False,
3.09.2026,3,Perşembe,11950763822,01348,01348,BİLGİYE TOPAL,BALIK TEMİZLEME,GÜVEN MUSTAFAKEMALPAŞA,07:52,17:10,08:00,17:10,"07:52, 17:10",9.3,1.5,7.5,7.5,0.0,0.0,7.5,NORMAL,False,
3.09.2026,3,Perşembe,31678238334,00922,00922,CANSEL AKCAN,BALIK TEMİZLEME,GÜVEN MUSTAFAKEMALPAŞA,07:50,17:03,08:00,17:03,"07:50, 17:03",9.22,1.5,7.5,7.5,0.0,0.0,7.5,NORMAL,False,
3.09.2026,3,Perşembe,16933572286,00030,00030,CANSEVER ÇÇAKMAK,AMBAR,BİGADİÇ,07:41,17:07,08:00,17:07,"07:41, 17:07",9.43,1.5,7.5,7.5,0.0,0.0,7.5,NORMAL,False,
3.09.2026,3,Perşembe,33154180038,00031,00031,CEMALETTİN BEDİZCİ,BAKIM,KARACABEY,07:45,19:01,08:00,19:01,"07:45, 19:01",11.27,1.5,9.5,7.5,2.0,0.0,9.5,NORMAL,False,
3.09.2026,3,Perşembe,23083367440,00320,00320,CEYDA ÖZ,KALİTE,BİGADİÇ,15:59,23:59,15:59,23:59,"15:59, 23:59",8.0,0.5,7.5,7.5,0.0,0.0,7.5,NORMAL,False,
3.09.2026,3,Perşembe,16699736366,01330,01330,CEYLAN BATAN,BALIK TEMİZLEME,GÜVEN MUSTAFAKEMALPAŞA,07:52,17:13,08:00,17:13,"07:52, 17:13",9.35,1.5,7.5,7.5,0.0,0.0,7.5,NORMAL,False,
3.09.2026,3,Perşembe,19313787324,00943,00943,CİHAN YILMAZ,BALIK,HALİL DİĞRENCİ,07:54,17:03,08:00,17:03,"07:54, 17:03",9.15,1.5,7.5,7.5,0.0,0.0,7.5,NORMAL,False,
3.09.2026,3,Perşembe,37525041782,00218,00218,DERYA SEVİNÇ,FORMEN,MKP,07:48,17:25,08:00,17:25,"07:48, 17:25",9.62,1.5,7.5,7.5,0.0,0.0,7.5,NORMAL,False,
3.09.2026,3,Perşembe,24961035246,01098,01098,DUDU ÖRENGÜL,KALİTE,GÜVEN MUSTAFAKEMALPAŞA,07:50,17:27,08:00,17:27,"07:50, 17:27",9.62,1.5,8.0,7.5,0.5,0.0,8.0,NORMAL,False,
3.09.2026,3,Perşembe,99848635024,00283,00283,DUHA EL MUFADDİ,BALIK TEMİZLEME,MKP,07:49,17:25,08:00,17:25,"07:49, 17:25",9.6,1.5,7.5,7.5,0.0,0.0,7.5,NORMAL,False,
3.09.2026,3,Perşembe,23509358892,00386,00386,DÖNDÜ ŞAHİN,KALİTE,BANDIRMA,07:38,17:12,08:00,17:12,"07:38, 17:12",9.57,1.5,7.5,7.5,0.0,0.0,7.5,NORMAL,False,
3.09.2026,3,Perşembe,17329708456,01285,01285,DİLEK ÇEKİN,BALIK TEMİZLEME,GÜVEN TURİZM,07:36,17:20,08:00,17:20,"07:36, 17:20",9.73,1.5,7.5,7.5,0.0,0.0,7.5,NORMAL,False,
3.09.2026,3,Perşembe,10456937386,01362,01362,DİLEK ÇETİN,,HALİL DİĞRENCİ,08:00,17:07,08:00,17:07,"08:00, 17:07",9.12,1.5,7.5,7.5,0.0,0.0,7.5,NORMAL,False,
3.09.2026,3,Perşembe,12562741222,00872,00872,EBRU ÖÖZALP,BALIK TEMİZLEME,BALIKESİR,07:52,17:18,08:00,17:18,"07:52, 17:18",9.43,1.5,7.5,7.5,0.0,0.0,7.5,NORMAL,False,
3.09.2026,3,Perşembe,29563469352,00563,00563,EDİP EKİNCİ,KAZAN,SUSURLUK,19:51,07:54,20:00,07:54,"19:51, 07:54",12.05,0.5,11.5,3.5,8.0,0.0,11.5,NORMAL,False,
3.09.2026,3,Perşembe,10066843626,00374,00374,EFE EVİM,AMBAR,BİGADİÇ,07:41,17:08,08:00,17:08,"07:41, 17:08",9.45,1.5,7.5,7.5,0.0,0.0,7.5,NORMAL,False,
3.09.2026,3,Perşembe,14266711334,00037,00037,EFRAİM DUMAN,AMBAR,SUSURLUK,19:52,07:56,20:00,07:56,"19:52, 07:56",12.07,0.5,11.5,3.5,8.0,0.0,11.5,NORMAL,False,
3.09.2026,3,Perşembe,20036722080,00039,00039,ELMAS OMAY,AMBAR,BALIKESİR,07:50,17:15,08:00,17:15,"07:50, 17:15",9.42,1.5,7.5,7.5,0.0,0.0,7.5,NORMAL,False,
3.09.2026,3,Perşembe,16591633060,00038,00038,ELİF TUNÇ,KALİTE,BANDIRMA,08:30,19:05,08:30,19:05,"08:30, 19:05",10.58,1.5,9.0,7.0,2.0,0.0,9.0,NORMAL,False,
3.09.2026,3,Perşembe,20266511430,00002,00002,ELİF YAVAŞ,MUHASEBE,SUSURLUK,07:57,17:04,08:00,17:04,"07:57, 17:04",9.12,1.5,7.5,7.5,0.0,0.0,7.5,NORMAL,False,
3.09.2026,3,Perşembe,31009103096,00204,00204,EMEL SANAN,AMBAR,BİGADİÇ,07:40,17:06,08:00,17:06,"07:40, 17:06",9.43,1.5,7.5,7.5,0.0,0.0,7.5,NORMAL,False,
3.09.2026,3,Perşembe,20584476770,00219,00219,EMİNE ATEŞ,BALIK TEMİZLEME,BALIKESİR,07:51,17:17,08:00,17:17,"07:51, 17:17",9.43,1.5,7.5,7.5,0.0,0.0,7.5,NORMAL,False,
3.09.2026,3,Perşembe,12523718256,00043,00043,EMİNE BAYER,AMBAR,BİGADİÇ,07:41,17:06,08:00,17:06,"07:41, 17:06",9.42,1.5,7.5,7.5,0.0,0.0,7.5,NORMAL,False,
3.09.2026,3,Perşembe,16111749134,01300,01300,EMİNE KARAMAN,BALIK TEMİZLEME,HALİL DİĞRENCİ,08:00,17:21,08:00,17:21,"08:00, 17:21",9.35,1.5,7.5,7.5,0.0,0.0,7.5,NORMAL,False,
3.09.2026,3,Perşembe,45328882280,00859,00859,EMİNE YAVUZ,BALIK TEMİZLEME,GÜVEN TURİZM,07:36,17:23,08:00,17:23,"07:36, 17:23",9.78,1.5,7.5,7.5,0.0,0.0,7.5,NORMAL,False,
3.09.2026,3,Perşembe,20503503198,00045,00045,EMİNE ÇAPAR,YEMEKHANE,GÖBEL,18:39,03:57,18:30,03:57,"18:39, 03:57",9.3,0.5,9.0,5.0,4.0,0.0,9.0,NORMAL,False,
3.09.2026,3,Perşembe,37030668238,01180,01180,EMİNE ŞENTÜRK CİNGÖZ,BALIK TEMİZLEME,GÜVEN TURİZM,07:36,17:24,08:00,17:24,"07:36, 17:24",9.8,1.5,7.5,7.5,0.0,0.0,7.5,NORMAL,False,
3.09.2026,3,Perşembe,10036852948,00046,00046,EMİRHAN MUTLU,BAKIM,GÖBEL,07:39,16:58,08:00,16:58,"07:39, 16:58",9.32,1.5,7.5,7.5,0.0,0.0,7.5,NORMAL,False,
3.09.2026,3,Perşembe,29470204244,00007,00007,ENDER BİLBAY,KAPI GÖREVLİSİ,GÖBEL,15:56,00:02,15:56,00:02,"15:56, 00:02",8.1,0.5,7.5,7.5,0.0,0.0,7.5,NORMAL,False,
3.09.2026,3,Perşembe,98284188514,00293,00293,ENES ABDE,BALIK TEMİZLEME,MKP,07:49,17:25,08:00,17:25,"07:49, 17:25",9.6,1.5,7.5,7.5,0.0,0.0,7.5,NORMAL,False,
3.09.2026,3,Perşembe,34795126850,01351,01351,ERCAN POLAT,BİLGİSAYAR MÜHENDİSİ,KARACABEY,07:40,17:15,08:00,17:15,"07:40, 17:15",9.58,1.5,7.5,7.5,0.0,0.0,7.5,NORMAL,False,
3.09.2026,3,Perşembe,35581001238,00481,00481,ERCÜMENT AYGÜL,AMBAR,SUSURLUK,15:44,00:02,15:44,00:02,"15:44, 00:02",8.3,0.5,7.5,7.5,0.0,0.0,7.5,NORMAL,False,
3.09.2026,3,Perşembe,23131415628,00047,00047,ERDİN TETİK,MEYDAN,SUSURLUK,23:45,07:53,00:00,07:53,"23:45, 07:53",8.13,0.5,7.5,7.5,0.0,0.0,7.5,NORMAL,False,
3.09.2026,3,Perşembe,22260441248,00198,00198,ERSİN ESER,BAKIM,GÖBEL,08:00,17:04,08:00,17:04,"08:00, 17:04",9.07,1.5,7.5,7.5,0.0,0.0,7.5,NORMAL,False,
3.09.2026,3,Perşembe,35183294274,00926,00926,FATMA DEMİRER,BALIK TEMİZLEME,GÜVEN MUSTAFAKEMALPAŞA,07:50,17:03,08:00,17:03,"07:50, 17:03",9.22,1.5,7.5,7.5,0.0,0.0,7.5,NORMAL,False,
3.09.2026,3,Perşembe,32986036254,00056,00056,FATMA ÇAM,ÜRETİM,BİGADİÇ,15:59,00:02,15:59,00:02,"15:59, 00:02",8.05,0.5,7.5,7.5,0.0,0.0,7.5,NORMAL,False,
3.09.2026,3,Perşembe,31594082608,00057,00057,FATMA ÖZÇAM,ÜRETİM,BİGADİÇ,15:59,00:02,15:59,00:02,"15:59, 00:02",8.05,0.5,7.5,7.5,0.0,0.0,7.5,NORMAL,False,
3.09.2026,3,Perşembe,11890896888,00223,00223,FATMAGÜL ÇEKİ,BALIK DOLUM,MKP,07:49,18:58,08:00,18:58,"07:49, 18:58",11.15,1.5,9.5,7.5,4.0,2.0,11.5,BÖLÜM_PRİMLİ,False,"Balık Dolum ve Kesim Primi: Fiili 9,5s -> Bonuslu 11,5s (+2,0s Prim)"
3.09.2026,3,Perşembe,21898406446,01065,01065,FERUDUN BAKAN,ÜRETİM,BİGADİÇ,15:59,00:06,15:59,00:06,"15:59, 00:06",8.12,0.5,7.5,7.5,0.0,0.0,7.5,NORMAL,False,
3.09.2026,3,Perşembe,31933222184,00224,00224,FEVZİYE EREL,BALIK TEMİZLEME,HALİL DİĞRENCİ,08:00,17:19,08:00,17:19,"08:00, 17:19",9.32,1.5,7.5,7.5,0.0,0.0,7.5,NORMAL,False,
3.09.2026,3,Perşembe,17431713232,00927,00927,FİSUN ETİLER,,GÜVEN MUSTAFAKEMALPAŞA,07:51,17:18,08:00,17:18,"07:51, 17:18",9.45,1.5,7.5,7.5,0.0,0.0,7.5,NORMAL,False,
3.09.2026,3,Perşembe,33739783340,00739,00739,GURBET DUMAN,BALIK TEMİZLEME,HALİL DİĞRENCİ,07:54,17:19,08:00,17:19,"07:54, 17:19",9.42,1.5,7.5,7.5,0.0,0.0,7.5,NORMAL,False,
3.09.2026,3,Perşembe,33379057108,00423,00423,GÜLAY GÜNDOĞDU,BALIK TEMİZLEME,BALIKESİR,07:49,17:16,08:00,17:16,"07:49, 17:16",9.45,1.5,7.5,7.5,0.0,0.0,7.5,NORMAL,False,
3.09.2026,3,Perşembe,24541318660,00065,00065,GÜLCAN BİLGİÇ,AMBAR,BİGADİÇ,07:41,17:07,08:00,17:07,"07:41, 17:07",9.43,1.5,7.5,7.5,0.0,0.0,7.5,NORMAL,False,
3.09.2026,3,Perşembe,33211034366,00225,00225,GÜLER ÇAPKIN,BALIK TEMİZLEME,KARACABEY,07:40,17:22,08:00,17:22,"07:40, 17:22",9.7,1.5,7.5,7.5,0.0,0.0,7.5,NORMAL,False,
3.09.2026,3,Perşembe,15041774032,00882,00882,GÜLPERİ KALENDER,BALIK TEMİZLEME,BANDIRMA,07:38,17:23,08:00,17:23,"07:38, 17:23",9.75,1.5,7.5,7.5,0.0,0.0,7.5,NORMAL,False,
3.09.2026,3,Perşembe,53689106020,00073,00073,GÜLSÜM GÖRGÜLÜ,AMBAR,BİGADİÇ,07:41,17:08,08:00,17:08,"07:41, 17:08",9.45,1.5,7.5,7.5,0.0,0.0,7.5,NORMAL,False,
3.09.2026,3,Perşembe,45184908278,00226,00226,GÜLTEN DURMAZ,BALIK DOLUM,GÖBEL,07:39,18:53,08:00,18:53,"07:39, 18:53",11.23,1.5,9.5,7.5,4.0,2.0,11.5,BÖLÜM_PRİMLİ,False,"Balık Dolum ve Kesim Primi: Fiili 9,5s -> Bonuslu 11,5s (+2,0s Prim)"
3.09.2026,3,Perşembe,10996768938,00071,00071,GÜLTEN GİDER,AMBAR,BİGADİÇ,07:41,17:07,08:00,17:07,"07:41, 17:07",9.43,1.5,7.5,7.5,0.0,0.0,7.5,NORMAL,False,
3.09.2026,3,Perşembe,21010592606,01022,01022,GÜLÜMSER KARABIYIK,BALIK TEMİZLEME,GÜVEN MUSTAFAKEMALPAŞA,07:53,17:10,08:00,17:10,"07:53, 17:10",9.28,1.5,7.5,7.5,0.0,0.0,7.5,NORMAL,False,
3.09.2026,3,Perşembe,11257940650,01202,01202,GÜLŞEN YAĞMUR YÜKSEL,ÜRETİM,GÜVEN MUSTAFAKEMALPAŞA,07:53,17:10,08:00,17:10,"07:53, 17:10",9.28,1.5,7.5,7.5,0.0,0.0,7.5,NORMAL,False,
3.09.2026,3,Perşembe,11593899780,00773,00773,GÜRAY PALA,BALIK KESİM,HALİL DİĞRENCİ,22:00,-,22:00,08:00,22:00,7.5,0.5,7.5,7.5,2.0,2.0,9.5,BÖLÜM_PRİMLİ,True,"Gece Basımı: 22:00 | Tek Basım (7,5s yazıldı) | Balık Dolum ve Kesim Primi: Fiili 7,5s -> Bonuslu 9,5s (+2,0s Prim)"
3.09.2026,3,Perşembe,23638497776,00075,00075,HACER BEYHAN,BALIK TEMİZLEME,HALİL DİĞRENCİ,08:00,17:22,08:00,17:22,"08:00, 17:22",9.37,1.5,7.5,7.5,0.0,0.0,7.5,NORMAL,False,
3.09.2026,3,Perşembe,22639531168,01078,01078,HAFİZE AVCIOĞLU,BALIK TEMİZLEME,GÜVEN TURİZM,07:36,17:20,08:00,17:20,"07:36, 17:20",9.73,1.5,7.5,7.5,0.0,0.0,7.5,NORMAL,False,
3.09.2026,3,Perşembe,13708835836,01159,01159,HAMİT GİRGİN,BALIK TEMİZLEME,GÜVEN MUSTAFAKEMALPAŞA,07:52,17:24,08:00,17:24,"07:52, 17:24",9.53,1.5,7.5,7.5,0.0,0.0,7.5,NORMAL,False,
3.09.2026,3,Perşembe,20290485820,01060,01060,HANİFE YILDIRIM,BALIK TEMİZLEME,BALIKESİR,07:51,17:16,08:00,17:16,"07:51, 17:16",9.42,1.5,7.5,7.5,0.0,0.0,7.5,NORMAL,False,
3.09.2026,3,Perşembe,14779989510,00080,00080,HARUN YAHYA DURSUN,BALIK DOLUM,GÖBEL,08:01,21:09,08:00,21:09,"08:01, 21:09",13.13,1.5,11.5,7.5,6.0,2.0,13.5,BÖLÜM_PRİMLİ,False,"Balık Dolum ve Kesim Primi: Fiili 11,5s -> Bonuslu 13,5s (+2,0s Prim)"
3.09.2026,3,Perşembe,31324091924,00084,00084,HATİCE KURT,ÜRETİM,BİGADİÇ,15:58,00:04,15:58,00:04,"15:58, 00:04",8.1,0.5,7.5,7.5,0.0,0.0,7.5,NORMAL,False,
3.09.2026,3,Perşembe,10817807990,01096,01096,HATİCE ONUK,ÜRETİM,HALİL DİĞRENCİ,07:53,17:12,08:00,17:12,"07:53, 17:12",9.32,1.5,7.5,7.5,0.0,0.0,7.5,NORMAL,False,
3.09.2026,3,Perşembe,33850041688,00577,00577,HATİCE SAVAŞÇI,BALIK TEMİZLEME,BALIKESİR,07:51,17:16,08:00,17:16,"07:51, 17:16",9.42,1.5,7.5,7.5,0.0,0.0,7.5,NORMAL,False,
3.09.2026,3,Perşembe,26002427744,00227,00227,HAVVA ALPER,BALIK DOLUM,MKP,07:49,18:58,08:00,18:58,"07:49, 18:58",11.15,1.5,9.5,7.5,4.0,2.0,11.5,BÖLÜM_PRİMLİ,False,"Balık Dolum ve Kesim Primi: Fiili 9,5s -> Bonuslu 11,5s (+2,0s Prim)"
3.09.2026,3,Perşembe,26653281238,00228,00228,HAVVA BAYRAM,BALIK TEMİZLEME,BALIKESİR,07:50,17:15,08:00,17:15,"07:50, 17:15",9.42,1.5,7.5,7.5,0.0,0.0,7.5,NORMAL,False,
3.09.2026,3,Perşembe,30367150308,00852,00852,HAYRULLAH TOPRAK,AMBAR,GÜVEN TURİZM,07:42,17:16,08:00,17:16,"07:42, 17:16",9.57,1.5,7.5,7.5,0.0,0.0,7.5,NORMAL,False,
3.09.2026,3,Perşembe,10156949566,01270,01270,HAYRİYE BEYİRKEN,ÜRETİM,HALİL DİĞRENCİ,07:55,17:03,08:00,17:03,"07:55, 17:03",9.13,1.5,7.5,7.5,0.0,0.0,7.5,NORMAL,False,
3.09.2026,3,Perşembe,11284916406,01143,01143,HÜLYA TANIŞ,BALIK TEMİZLEME,GÜVEN MUSTAFAKEMALPAŞA,07:51,17:15,08:00,17:15,"07:51, 17:15",9.4,1.5,7.5,7.5,0.0,0.0,7.5,NORMAL,False,
3.09.2026,3,Perşembe,33289026430,00480,00480,HÜLYA TOPAL,AMBAR,BİGADİÇ,07:41,17:09,08:00,17:09,"07:41, 17:09",9.47,1.5,7.5,7.5,0.0,0.0,7.5,NORMAL,False,
3.09.2026,3,Perşembe,30856107820,00091,00091,HÜLYA ÜÜNAL,AMBAR,BİGADİÇ,07:41,17:08,08:00,17:08,"07:41, 17:08",9.45,1.5,7.5,7.5,0.0,0.0,7.5,NORMAL,False,
3.09.2026,3,Perşembe,23524501518,00231,00231,KADRİYE BEYHAN,BALIK TEMİZLEME,HALİL DİĞRENCİ,08:01,17:23,08:00,17:23,"08:01, 17:23",9.37,1.5,7.5,7.5,0.0,0.0,7.5,NORMAL,False,
3.09.2026,3,Perşembe,49981303052,00093,00093,KADİR AZAR,AMBAR,KARACABEY,07:40,17:02,08:00,17:02,"07:40, 17:02",9.37,1.5,7.5,7.5,0.0,0.0,7.5,NORMAL,False,
3.09.2026,3,Perşembe,99656887974,00294,00294,KEFA EL HUDUR,BALIK TEMİZLEME,MKP,07:49,17:25,08:00,17:25,"07:49, 17:25",9.6,1.5,7.5,7.5,0.0,0.0,7.5,NORMAL,False,
3.09.2026,3,Perşembe,33067084584,00097,00097,KEMAL DURMUŞ,İŞLETME,SUSURLUK,06:34,17:06,08:00,17:06,"06:34, 17:06",10.53,1.5,7.5,7.5,0.0,0.0,7.5,NORMAL,False,
3.09.2026,3,Perşembe,33397029286,01327,01327,KÜBÜŞRA ALTAY,SATIN ALMA,BANDIRMA,07:38,17:15,08:00,17:15,"07:38, 17:15",9.62,1.5,7.5,7.5,0.0,0.0,7.5,NORMAL,False,
3.09.2026,3,Perşembe,25657430024,00199,00199,KÜRŞAT TÜRKAN,BAKIM,KARACABEY,08:28,18:35,08:30,18:35,"08:28, 18:35",10.12,1.5,8.5,7.0,1.5,0.0,8.5,NORMAL,False,
3.09.2026,3,Perşembe,19783626574,00103,00103,MACİDE PIRLAK,BALIK TEMİZLEME,KARACABEY,07:40,17:20,08:00,17:20,"07:40, 17:20",9.67,1.5,7.5,7.5,0.0,0.0,7.5,NORMAL,False,
3.09.2026,3,Perşembe,20458603738,00528,00528,MAHMURE ESEN,BALIK TEMİZLEME,HALİL DİĞRENCİ,08:01,17:20,08:00,17:20,"08:01, 17:20",9.32,1.5,7.5,7.5,0.0,0.0,7.5,NORMAL,False,
3.09.2026,3,Perşembe,29749160806,00104,00104,MAHİR HİLMİ ULUKÖK,YENİ BALIK HATTI,SUSURLUK,08:02,17:59,08:00,17:59,"08:02, 17:59",9.95,1.5,8.5,7.5,1.0,0.0,8.5,NORMAL,False,
3.09.2026,3,Perşembe,13876724772,00500,00500,MEHMET KARTAL,AMBAR,SUSURLUK,07:31,07:54,08:00,07:54,"07:31, 16:09, 23:44, 07:54",0.38,0.0,0.0,0.0,0.0,0.0,0.0,ÇOKLU_BASIM_MIN_MAX,True,"Çoklu Basım: İlk Giriş 07:31, Son Çıkış 07:54 (0,0s)"
3.09.2026,3,Perşembe,40483844500,01126,01126,MELİSA YILMAZ,ÜRETİM,HALİL DİĞRENCİ,07:55,17:05,08:00,17:05,"07:55, 17:05",9.17,1.5,7.5,7.5,0.0,0.0,7.5,NORMAL,False,
3.09.2026,3,Perşembe,30181166332,00233,00233,MEMNUNE KARAMAN,BALIK TEMİZLEME,BALIKESİR,07:50,17:19,08:00,17:19,"07:50, 17:19",9.48,1.5,7.5,7.5,0.0,0.0,7.5,NORMAL,False,
3.09.2026,3,Perşembe,28027546004,00112,00112,MESUT ERDEL,BAKIM,SUSURLUK,08:13,18:38,08:00,18:38,"08:13, 18:38",10.42,1.5,9.0,7.5,1.5,0.0,9.0,NORMAL,False,
3.09.2026,3,Perşembe,99248627704,00005,00005,MHD BASSEL ALZALEK,ELEKTRİK,SUSURLUK,07:33,-,07:33,17:00,07:33,7.5,1.5,7.5,7.5,0.0,0.0,7.5,ÇIKIŞ_YOK_SABAH,True,"Giriş: 07:33 | Çıkış Basılmadı (Tam Gün 7,5s yazıldı)"
3.09.2026,3,Perşembe,99347757876,00116,00116,MUHAMMED SAMİH SERHAN,AMBAR,GÖBEL,07:54,16:12,08:00,16:12,"07:54, 16:12",8.3,0.5,7.5,7.5,0.0,0.0,7.5,NORMAL,False,
3.09.2026,3,Perşembe,23329391024,00514,00514,MUKATDES KARAMANOĞLU,BALIK TEMİZLEME,BALIKESİR,07:51,17:17,08:00,17:17,"07:51, 17:17",9.43,1.5,7.5,7.5,0.0,0.0,7.5,NORMAL,False,
3.09.2026,3,Perşembe,25621221832,00118,00118,MUSTAFA KAYA,İŞLETME,MKP,07:49,17:15,08:00,17:15,"07:49, 17:15",9.43,1.5,7.5,7.5,0.0,0.0,7.5,NORMAL,False,
3.09.2026,3,Perşembe,21976553468,00234,00234,MÜCAHİT ÇOLAK,BALIK TEMİZLEME,KARACABEY,07:40,17:23,08:00,17:23,"07:40, 17:23",9.72,1.5,7.5,7.5,0.0,0.0,7.5,NORMAL,False,
3.09.2026,3,Perşembe,31195265912,01056,01056,MÜRVET ÇAKAN,BALIK TEMİZLEME,HALİL DİĞRENCİ,08:00,17:19,08:00,17:19,"08:00, 17:19",9.32,1.5,7.5,7.5,0.0,0.0,7.5,NORMAL,False,
3.09.2026,3,Perşembe,23539402008,00716,00716,MÜRVET ŞAFAK,ÜRETİM,SUSURLUK TUR-REŞAT,07:31,17:05,08:00,17:05,"07:31, 17:05",9.57,1.5,7.5,7.5,0.0,0.0,7.5,NORMAL,False,
3.09.2026,3,Perşembe,33124024560,00120,00120,MÜZEYYEN ERDİNÇ,BALIK TEMİZLEME,BALIKESİR,07:52,17:21,08:00,17:21,"07:52, 17:21",9.48,1.5,7.5,7.5,0.0,0.0,7.5,NORMAL,False,
3.09.2026,3,Perşembe,12556753194,00235,00235,NACİYE KARABULUT,BALIK TEMİZLEME,BALIKESİR,07:51,17:16,08:00,17:16,"07:51, 17:16",9.42,1.5,7.5,7.5,0.0,0.0,7.5,NORMAL,False,
3.09.2026,3,Perşembe,16324748870,01178,01178,NAZMİYE ÇELİK,BALIK TEMİZLEME,GÜVEN MUSTAFAKEMALPAŞA,07:52,17:10,08:00,17:10,"07:52, 17:10",9.3,1.5,7.5,7.5,0.0,0.0,7.5,NORMAL,False,
3.09.2026,3,Perşembe,28510235804,00121,00121,NAİL AKSOY,ŞÖFÖR,SUSURLUK,23:45,07:55,00:00,07:55,"23:45, 07:55",8.17,0.5,7.5,7.5,0.0,0.0,7.5,NORMAL,False,
3.09.2026,3,Perşembe,38710924712,00887,00887,NECLA ABİ,BALIK TEMİZLEME,GÜVEN TURİZM,07:36,17:21,08:00,17:21,"07:36, 17:21",9.75,1.5,7.5,7.5,0.0,0.0,7.5,NORMAL,False,
3.09.2026,3,Perşembe,24031385950,00380,00380,NECMİ SEVER,MEYDAN,GÖBEL,-,17:01,08:00,17:01,17:01,9.02,1.5,7.5,7.5,0.0,0.0,7.5,GİRİŞ_YOK_AKŞAM,True,"Çıkış: 17:01 | Giriş Basılmadı (08:00 başı ile 7,5s korundu)"
3.09.2026,3,Perşembe,21991561554,00930,00930,NECMİYE ÜÜLKER,BALIK TEMİZLEME,GÜVEN MUSTAFAKEMALPAŞA,07:53,17:18,08:00,17:18,"07:53, 17:18",9.42,1.5,7.5,7.5,0.0,0.0,7.5,NORMAL,False,
3.09.2026,3,Perşembe,54874132756,00974,00974,NECİFE BAĞ,BALIK TEMİZLEME,KARACABEY,07:40,17:24,08:00,17:24,"07:40, 17:24",9.73,1.5,7.5,7.5,0.0,0.0,7.5,NORMAL,False,
3.09.2026,3,Perşembe,14452686422,00371,00371,NESRİN GÜZEL,BALIK TEMİZLEME,BALIKESİR,07:49,17:18,08:00,17:18,"07:49, 17:18",9.48,1.5,7.5,7.5,0.0,0.0,7.5,NORMAL,False,
3.09.2026,3,Perşembe,17902565544,00128,00128,NURAY AVCI,YEMEKHANE,BALIKESİR,07:53,17:14,08:00,17:14,"07:53, 17:14",9.35,1.5,7.5,7.5,0.0,0.0,7.5,NORMAL,False,
3.09.2026,3,Perşembe,25970637896,00129,00129,NURAY ELİSÇIKIŞ,AMBAR,BALIKESİR,07:50,17:14,08:00,17:14,"07:50, 17:14",9.4,1.5,7.5,7.5,0.0,0.0,7.5,NORMAL,False,
3.09.2026,3,Perşembe,21478446602,00236,00236,NURCAN EREN,BALIK TEMİZLEME,BALIKESİR,07:51,17:15,08:00,17:15,"07:51, 17:15",9.4,1.5,7.5,7.5,0.0,0.0,7.5,NORMAL,False,
3.09.2026,3,Perşembe,15736612786,01352,01352,NURGÜL ADIGÜL,ÜRETİM,BİGADİÇ,15:58,15:59,15:58,15:59,"15:58, 15:59",0.05,0.0,7.5,7.5,0.0,0.0,7.5,NORMAL,False,
3.09.2026,3,Perşembe,13318692676,01064,01064,NURGÜL PARLAS,ÜRETİM,BİGADİÇ,15:59,00:02,15:59,00:02,"15:59, 00:02",8.05,0.5,7.5,7.5,0.0,0.0,7.5,NORMAL,False,
3.09.2026,3,Perşembe,22186447318,00137,00137,NURTEN CAN,ÜRETİM,SUSURLUK TUR-REŞAT,07:32,17:13,08:00,17:13,"07:32, 17:13",9.68,1.5,7.5,7.5,0.0,0.0,7.5,NORMAL,False,
3.09.2026,3,Perşembe,13420739290,00003,00003,NURİ GÜLSER,KAPI GÖREVLİSİ,GÖBEL,07:39,16:00,08:00,16:00,"07:39, 16:00",8.35,0.5,7.5,7.5,0.0,0.0,7.5,NORMAL,False,
3.09.2026,3,Perşembe,13189854302,00006,00006,OZAN BUĞA,BAKIM,MKP,07:39,16:47,08:00,16:47,"07:39, 16:47",9.13,1.5,7.5,7.5,0.0,0.0,7.5,NORMAL,False,
3.09.2026,3,Perşembe,29677146866,00238,00238,RABİYE ÇENECİOĞLU,BALIK TEMİZLEME,BALIKESİR,07:51,17:16,08:00,17:16,"07:51, 17:16",9.42,1.5,7.5,7.5,0.0,0.0,7.5,NORMAL,False,
3.09.2026,3,Perşembe,29359208356,00145,00145,RAMAZAN KÜÇÜKÇÇAKIR,ŞÖFÖR,SUSURLUK,08:02,16:59,08:00,16:59,"08:02, 16:59",8.95,1.5,7.5,7.5,0.0,0.0,7.5,NORMAL,False,
3.09.2026,3,Perşembe,24022385860,01316,01316,RECEP İÇÖZ,MEYDAN,GÖBEL,07:37,16:59,08:00,16:59,"07:37, 16:59",9.37,1.5,7.5,7.5,0.0,0.0,7.5,NORMAL,False,
3.09.2026,3,Perşembe,28108249688,00146,00146,RIDVAN DEMİRDAK,ŞÖFÖR,GÖBEL,15:57,00:32,15:57,00:32,"15:57, 00:32",8.58,0.5,8.0,7.5,0.5,0.0,8.0,NORMAL,False,
3.09.2026,3,Perşembe,16561742068,00842,00842,RUKİYE UZUN,BALIK TEMİZLEME,GÜVEN TURİZM,07:36,17:24,08:00,17:24,"07:36, 17:24",9.8,1.5,7.5,7.5,0.0,0.0,7.5,NORMAL,False,
3.09.2026,3,Perşembe,34807027090,00536,00536,SABRİ ACAR,YENİ BALIK HATTI,SUSURLUK,23:52,07:55,00:00,07:55,"23:52, 07:55",8.05,0.5,7.5,7.5,0.0,0.0,7.5,NORMAL,False,
3.09.2026,3,Perşembe,17335367982,01021,01021,SABİHA AKIN,ÜRETİM,HALİL DİĞRENCİ,07:53,17:11,08:00,17:11,"07:53, 17:11",9.3,1.5,7.5,7.5,0.0,0.0,7.5,NORMAL,False,
3.09.2026,3,Perşembe,31027151864,00147,00147,SABİHA GİRGİN,ÜRETİM,SUSURLUK TUR-REŞAT,07:31,17:05,08:00,17:05,"07:31, 17:05",9.57,1.5,7.5,7.5,0.0,0.0,7.5,NORMAL,False,
3.09.2026,3,Perşembe,33640164108,01130,01130,SAMET YUMİTKEN,ÜRETİM,HALİL DİĞRENCİ,08:00,17:01,08:00,17:01,"08:00, 17:01",9.02,1.5,7.5,7.5,0.0,0.0,7.5,NORMAL,False,
3.09.2026,3,Perşembe,30373124058,00149,00149,SANİYE CEYLAN,AMBAR,BİGADİÇ,07:41,17:06,08:00,17:06,"07:41, 17:06",9.42,1.5,7.5,7.5,0.0,0.0,7.5,NORMAL,False,
3.09.2026,3,Perşembe,14164714154,00150,00150,SARA EROĞLU,AMBAR,BALIKESİR,07:50,17:14,08:00,17:14,"07:50, 17:14",9.4,1.5,7.5,7.5,0.0,0.0,7.5,NORMAL,False,
3.09.2026,3,Perşembe,24178356332,00153,00153,SEHER ÖZDEN,YEMEKHANE,BALIKESİR,07:52,17:14,08:00,17:14,"07:52, 17:14",9.37,1.5,7.5,7.5,0.0,0.0,7.5,NORMAL,False,
3.09.2026,3,Perşembe,11248811624,00009,00009,SELAHATTİN SÖĞÜT,ŞÖFÖR,GÖBEL,09:10,20:33,09:00,20:33,"09:10, 20:33",11.38,1.5,10.0,6.5,3.5,0.0,10.0,NORMAL,False,
3.09.2026,3,Perşembe,19723478966,01069,01069,SELMA AYHAN,ÜRETİM,BİGADİÇ,15:58,00:02,15:58,00:02,"15:58, 00:02",8.07,0.5,7.5,7.5,0.0,0.0,7.5,NORMAL,False,
3.09.2026,3,Perşembe,49369567458,00559,00559,SELMA TUNÇ,BALIK TEMİZLEME,BALIKESİR,07:49,17:18,08:00,17:18,"07:49, 17:18",9.48,1.5,7.5,7.5,0.0,0.0,7.5,NORMAL,False,
3.09.2026,3,Perşembe,33451458564,01227,01227,SELMATA ANIK,ÜRETİM,HALİL DİĞRENCİ,07:55,17:06,08:00,17:06,"07:55, 17:06",9.18,1.5,7.5,7.5,0.0,0.0,7.5,NORMAL,False,
3.09.2026,3,Perşembe,46825626414,00724,00724,SEMANUR GÜLIŞIK,FORMEN,KARACABEY,07:40,17:15,08:00,17:15,"07:40, 17:15",9.58,1.5,7.5,7.5,0.0,0.0,7.5,NORMAL,False,
3.09.2026,3,Perşembe,24136488860,01007,01007,SEREN BURHAN,BALIK TEMİZLEME,GÜVEN MUSTAFAKEMALPAŞA,07:52,17:16,08:00,17:16,"07:52, 17:16",9.4,1.5,7.5,7.5,0.0,0.0,7.5,NORMAL,False,
3.09.2026,3,Perşembe,16231745504,01129,01129,SERKAN YUMİTKEN,ÜRETİM,HALİL DİĞRENCİ,08:00,17:14,08:00,17:14,"08:00, 17:14",9.23,1.5,7.5,7.5,0.0,0.0,7.5,NORMAL,False,
3.09.2026,3,Perşembe,13696829374,01361,01361,SERPİL İİPEK,,HALİL DİĞRENCİ,08:02,17:07,08:00,17:07,"08:02, 17:07",9.08,1.5,7.5,7.5,0.0,0.0,7.5,NORMAL,False,
3.09.2026,3,Perşembe,13498698468,00165,00165,SEVGİ AYCAN,BALIK TEMİZLEME,BANDIRMA,07:38,17:23,08:00,17:23,"07:38, 17:23",9.75,1.5,7.5,7.5,0.0,0.0,7.5,NORMAL,False,
3.09.2026,3,Perşembe,17611699134,00884,00884,SEVİLAY DÖNMEZ,BALIK TEMİZLEME,GÜVEN TURİZM,07:37,17:24,08:00,17:24,"07:37, 17:24",9.78,1.5,7.5,7.5,0.0,0.0,7.5,NORMAL,False,
3.09.2026,3,Perşembe,29200163070,01066,01066,SEZGİN YILDIRIM,ÜRETİM,BİGADİÇ,15:58,00:03,15:58,00:03,"15:58, 00:03",8.08,0.5,7.5,7.5,0.0,0.0,7.5,NORMAL,False,
3.09.2026,3,Perşembe,18847656960,00740,00740,SEÇİL ARIBOĞA,ÜRETİM,HALİL DİĞRENCİ,07:53,17:07,08:00,17:07,"07:53, 17:07",9.23,1.5,7.5,7.5,0.0,0.0,7.5,NORMAL,False,
3.09.2026,3,Perşembe,55963096430,00240,00240,SULTAN BAĞ,BALIK TEMİZLEME,KARACABEY,07:40,17:23,08:00,17:23,"07:40, 17:23",9.72,1.5,7.5,7.5,0.0,0.0,7.5,NORMAL,False,
3.09.2026,3,Perşembe,10582783284,00170,00170,SİBEL ÇÇAKIR,ÜRETİM,BİGADİÇ,15:58,00:02,15:58,00:02,"15:58, 00:02",8.07,0.5,7.5,7.5,0.0,0.0,7.5,NORMAL,False,
3.09.2026,3,Perşembe,10780950730,01037,01037,SİBEL ÇİFTÇİ,BALIK TEMİZLEME,MKP,07:49,17:24,08:00,17:24,"07:49, 17:24",9.58,1.5,7.5,7.5,0.0,0.0,7.5,NORMAL,False,
3.09.2026,3,Perşembe,28979029792,01337,01337,SİNEM PİRİZOĞLU,ÜRETİM,SÇEVİKAT ÇELİK,07:55,17:06,08:00,17:06,"07:55, 17:06",9.18,1.5,7.5,7.5,0.0,0.0,7.5,NORMAL,False,
3.09.2026,3,Perşembe,29761139378,01038,01038,TALHA YAVAŞ,KALİTE,BANDIRMA,07:38,19:05,08:00,19:05,"07:38, 19:05",11.45,1.5,9.5,7.5,2.0,0.0,9.5,NORMAL,False,
3.09.2026,3,Perşembe,20374606288,01047,01047,TANER BEYİRKEN,ÜRETİM,HALİL DİĞRENCİ,08:03,17:03,08:00,17:03,"08:03, 17:03",9.0,1.5,7.5,7.5,0.0,0.0,7.5,NORMAL,False,
3.09.2026,3,Perşembe,10705928394,00976,00976,TAYFUN GÜNCÜ,BALIK TEMİZLEME,HALİL DİĞRENCİ,08:01,17:03,08:00,17:03,"08:01, 17:03",9.03,1.5,7.5,7.5,0.0,0.0,7.5,NORMAL,False,
3.09.2026,3,Perşembe,13252843738,00243,00243,TAYFUN TIĞRAK,FORMEN,KARACABEY,07:45,19:01,08:00,19:01,"07:45, 19:01",11.27,1.5,9.5,7.5,2.0,0.0,9.5,NORMAL,False,
3.09.2026,3,Perşembe,32938871292,00183,00183,TAYFUN ÇELİK,MEYDAN,MKP,07:49,17:25,08:00,17:25,"07:49, 17:25",9.6,1.5,7.5,7.5,0.0,0.0,7.5,NORMAL,False,
3.09.2026,3,Perşembe,30925156292,00501,00501,TUNCAY METİN,KAPI GÖREVLİSİ,SUSURLUK,23:45,07:59,00:00,07:59,"23:45, 07:59",8.23,0.5,7.5,7.5,0.0,0.0,7.5,NORMAL,False,
3.09.2026,3,Perşembe,23077372900,01116,01116,VAHİDE YAŞAR,ÜRETİM,BİGADİÇ,15:59,00:02,15:59,00:02,"15:59, 00:02",8.05,0.5,7.5,7.5,0.0,0.0,7.5,NORMAL,False,
3.09.2026,3,Perşembe,18364673952,01269,01269,YEŞİM BEYİRKEN,ÜRETİM,HALİL DİĞRENCİ,08:00,17:03,08:00,17:03,"08:00, 17:03",9.05,1.5,7.5,7.5,0.0,0.0,7.5,NORMAL,False,
3.09.2026,3,Perşembe,17096459292,01198,01198,YURDANUR ÇELİK,BALIK TEMİZLEME,HALİL DİĞRENCİ,07:54,17:13,08:00,17:13,"07:54, 17:13",9.32,1.5,7.5,7.5,0.0,0.0,7.5,NORMAL,False,
3.09.2026,3,Perşembe,14701796544,00582,00582,YUSUF SAMAR,MUHASEBE,KARACABEY,07:41,17:18,08:00,17:18,"07:41, 17:18",9.62,1.5,7.5,7.5,0.0,0.0,7.5,NORMAL,False,
3.09.2026,3,Perşembe,10528936408,01364,01364,YUSUF ÇETİN,,HALİL DİĞRENCİ,08:01,17:07,08:00,17:07,"08:01, 17:07",9.1,1.5,7.5,7.5,0.0,0.0,7.5,NORMAL,False,
3.09.2026,3,Perşembe,31861120316,00191,00191,ZAHİDE GÜRBÜZ,BALIK TEMİZLEME,BALIKESİR,07:52,17:18,08:00,17:18,"07:52, 17:18",9.43,1.5,7.5,7.5,0.0,0.0,7.5,NORMAL,False,
3.09.2026,3,Perşembe,27560597764,01048,01048,ZAHİDE HAĞİ,BALIK TEMİZLEME,HALİL DİĞRENCİ,08:01,17:26,08:00,17:26,"08:01, 17:26",9.42,1.5,8.0,7.5,0.5,0.0,8.0,NORMAL,False,
3.09.2026,3,Perşembe,31552110794,00935,00935,ZAHİDE KALDEMİR,BALIK TEMİZLEME,GÜVEN MUSTAFAKEMALPAŞA,07:52,17:12,08:00,17:12,"07:52, 17:12",9.33,1.5,7.5,7.5,0.0,0.0,7.5,NORMAL,False,
3.09.2026,3,Perşembe,22249543988,00192,00192,ZAHİDE NEDİRLİ,KALİTE,KARACABEY,07:40,17:19,08:00,17:19,"07:40, 17:19",9.65,1.5,7.5,7.5,0.0,0.0,7.5,NORMAL,False,
3.09.2026,3,Perşembe,10820807680,01097,01097,ZEHRA ONUK,ÜRETİM,HALİL DİĞRENCİ,07:53,17:05,08:00,17:05,"07:53, 17:05",9.2,1.5,7.5,7.5,0.0,0.0,7.5,NORMAL,False,
3.09.2026,3,Perşembe,28729335166,00936,00936,ZELİHA KEİREMETÇİ,BALIK TEMİZLEME,GÜVEN MUSTAFAKEMALPAŞA,07:52,17:15,08:00,17:15,"07:52, 17:15",9.38,1.5,7.5,7.5,0.0,0.0,7.5,NORMAL,False,
3.09.2026,3,Perşembe,14047825472,00937,00937,ZELİHA ORUÇ,BALIK TEMİZLEME,GÜVEN MUSTAFAKEMALPAŞA,07:49,17:03,08:00,17:03,"07:49, 17:03",9.23,1.5,7.5,7.5,0.0,0.0,7.5,NORMAL,False,
3.09.2026,3,Perşembe,24289352612,00244,00244,ZEYNEP KARAMAN,BALIK TEMİZLEME,BALIKESİR,07:50,17:15,08:00,17:15,"07:50, 17:15",9.42,1.5,7.5,7.5,0.0,0.0,7.5,NORMAL,False,
3.09.2026,3,Perşembe,33742169780,00246,00246,ZEYNEP KURT,BALIK DOLUM,MKP,07:49,18:58,08:00,18:58,"07:49, 18:58",11.15,1.5,9.5,7.5,4.0,2.0,11.5,BÖLÜM_PRİMLİ,False,"Balık Dolum ve Kesim Primi: Fiili 9,5s -> Bonuslu 11,5s (+2,0s Prim)"
3.09.2026,3,Perşembe,22498412394,00765,00765,ZEYNEP ONBAŞI,YEMEKHANE,BALIKESİR,07:51,17:14,08:00,17:14,"07:51, 17:14",9.38,1.5,7.5,7.5,0.0,0.0,7.5,NORMAL,False,
3.09.2026,3,Perşembe,22319750032,00782,00782,ÇİDEM FİDAN,BALIK TEMİZLEME,BANDIRMA,07:38,17:24,08:00,17:24,"07:38, 17:24",9.77,1.5,7.5,7.5,0.0,0.0,7.5,NORMAL,False,
3.09.2026,3,Perşembe,17749594400,00033,00033,ÇİSEM BÇAKIR,KALİTE,SUSURLUK,15:44,00:00,15:44,00:00,"15:44, 00:00",8.27,0.5,7.5,7.5,0.0,0.0,7.5,NORMAL,False,
3.09.2026,3,Perşembe,33037193346,01349,01349,ÖMÜR SEPETÇİ,ÜRETİM,GÜVEN MUSTAFAKEMALPAŞA,07:52,17:25,08:00,17:25,"07:52, 17:25",9.55,1.5,7.5,7.5,0.0,0.0,7.5,NORMAL,False,
3.09.2026,3,Perşembe,27235386938,00139,00139,ÖMÜRLÜ FERİK,KAZAN,MKP,07:49,20:00,08:00,20:00,"07:49, 20:00",12.18,1.5,10.5,7.5,3.0,0.0,10.5,NORMAL,False,
3.09.2026,3,Perşembe,12268777280,00185,00185,ÜMMÜ AYDOĞAN,ÜRETİM,SUSURLUK TUR-REŞAT,07:31,17:14,08:00,17:14,"07:31, 17:14",9.72,1.5,7.5,7.5,0.0,0.0,7.5,NORMAL,False,
3.09.2026,3,Perşembe,57541044000,01195,01195,ÜMMÜGÜLSÜM BAĞ,BALIK TEMİZLEME,KARACABEY,07:40,17:24,08:00,17:24,"07:40, 17:24",9.73,1.5,7.5,7.5,0.0,0.0,7.5,NORMAL,False,
3.09.2026,3,Perşembe,10198947728,00410,00410,ÜMİT BATIN TÜRKAN,BAKIM,KARACABEY,08:29,18:35,08:30,18:35,"08:29, 18:35",10.1,1.5,8.5,7.0,1.5,0.0,8.5,NORMAL,False,
3.09.2026,3,Perşembe,37075059770,01350,01350,ÜVEYS SEPETÇİ,ÜRETİM,GÜVEN MUSTAFAKEMALPAŞA,07:52,17:26,08:00,17:26,"07:52, 17:26",9.57,1.5,8.0,7.5,0.5,0.0,8.0,NORMAL,False,
3.09.2026,3,Perşembe,29515203096,00092,00092,İBÜŞRAHİM YILDIRIM,MEYDAN,MKP,07:38,16:59,08:00,16:59,"07:38, 16:59",9.35,1.5,7.5,7.5,0.0,0.0,7.5,NORMAL,False,
3.09.2026,3,Perşembe,42844787082,00783,00783,İSMAİL BARAK,BALIK KESİM,HALİL DİĞRENCİ,22:00,08:09,00:00,08:09,"22:00, 08:09",10.15,0.5,7.5,7.5,2.0,2.0,9.5,BÖLÜM_PRİMLİ,False,"Balık Dolum ve Kesim Primi: Fiili 7,5s -> Bonuslu 9,5s (+2,0s Prim)"
3.09.2026,3,Perşembe,25060351046,00230,00230,İSMAİL İMİR,OTOKLAV OPERATÖRÜ,SUSURLUK,07:31,17:59,08:00,17:59,"07:31, 17:59",10.47,1.5,8.5,7.5,1.0,0.0,8.5,NORMAL,False,
3.09.2026,3,Perşembe,13720827796,00176,00176,ŞADİ BAŞARICI,BAKIM,KARACABEY,07:45,18:13,08:00,18:13,"07:45, 18:13",10.47,1.5,8.5,7.5,1.0,0.0,8.5,NORMAL,False,
3.09.2026,3,Perşembe,38233180558,00178,00178,ŞAKİR KARAKAŞ,AMBAR,BANDIRMA,07:42,17:08,08:00,17:08,"07:42, 17:08",9.43,1.5,7.5,7.5,0.0,0.0,7.5,NORMAL,False,
3.09.2026,3,Perşembe,25192322242,00179,00179,ŞAYİKA KOPARAN,AMBAR,BİGADİÇ,07:41,17:06,08:00,17:06,"07:41, 17:06",9.42,1.5,7.5,7.5,0.0,0.0,7.5,NORMAL,False,
4.09.2026,4,Cuma,20437654348,00206,00206,ADALET KALAYCI,BALIK TEMİZLEME,BANDIRMA,07:40,17:36,08:00,17:36,"07:40, 17:36",9.93,1.5,8.0,7.5,0.5,0.0,8.0,NORMAL,False,
4.09.2026,4,Cuma,,01297,01297,ADEM YILDIRIM,,GÜVEN MUSTAFAKEMALPAŞA,07:45,17:10,08:00,17:10,"07:45, 07:46, 17:10",9.42,1.5,7.5,7.5,0.0,0.0,7.5,ÇOKLU_BASIM_MIN_MAX,True,"Çoklu Basım: İlk Giriş 07:45, Son Çıkış 17:10 (7,5s)"
4.09.2026,4,Cuma,18655664102,00011,00011,ADVİYE YARICI,BALIK TEMİZLEME,HALİL DİĞRENCİ,08:06,17:39,08:00,17:39,"08:06, 17:39",9.55,1.5,8.0,7.5,0.5,0.0,8.0,NORMAL,False,
4.09.2026,4,Cuma,44626409038,01113,01113,AHMET ALİ TÜRKMEN,ÜRETİM,BİGADİÇ,15:49,00:08,15:49,00:08,"15:49, 00:08",8.32,0.5,7.5,7.5,0.0,0.0,7.5,NORMAL,False,
4.09.2026,4,Cuma,23527501454,00583,00583,AHMET BEYHAN,BAKIM,KARACABEY,07:44,17:16,08:00,17:16,"07:44, 17:16",9.53,1.5,7.5,7.5,0.0,0.0,7.5,NORMAL,False,
4.09.2026,4,Cuma,21925456598,00830,00830,AHMET ÇÇAYLAK,AMBAR,BALIKESİR,07:33,17:05,08:00,17:05,"07:33, 17:05",9.53,1.5,7.5,7.5,0.0,0.0,7.5,NORMAL,False,
4.09.2026,4,Cuma,16510742668,01154,01154,AKİF TÜRKÇÜ,BALIK TEMİZLİK,MKP,-,17:39,08:00,17:39,17:39,9.65,1.5,8.0,7.5,0.5,0.0,8.0,GİRİŞ_YOK_AKŞAM,True,"Çıkış: 17:39 | Giriş Basılmadı (08:00 başı ile 8,0s korundu)"
4.09.2026,4,Cuma,13183506030,01102,01102,ALİ EŞREF AKIN,ÜRETİM,HALİL DİĞRENCİ,08:05,20:11,08:00,20:11,"08:05, 20:11",12.1,1.5,10.5,7.5,3.0,0.0,10.5,NORMAL,False,
4.09.2026,4,Cuma,18394573482,00208,00208,ANIL DEMİRTAŞ,KONSERVE ÜRETİM ELEMANI,GÖBEL,15:52,03:01,15:52,03:01,"15:52, 03:01",11.15,0.5,10.5,7.5,3.0,0.0,10.5,NORMAL,False,
4.09.2026,4,Cuma,12572550074,00209,00209,ASYA TİLKİ,BALIK TEMİZLEME,KARACABEY,07:39,17:38,08:00,17:38,"07:39, 17:38",9.98,1.5,8.0,7.5,0.5,0.0,8.0,NORMAL,False,
4.09.2026,4,Cuma,22426711476,00754,00754,AYNUR DEMİRCAN,BALIK TEMİZLEME,HALİL DİĞRENCİ,07:44,17:37,08:00,17:37,"07:44, 17:37",9.88,1.5,8.0,7.5,0.5,0.0,8.0,NORMAL,False,
4.09.2026,4,Cuma,13543834438,01145,01145,AYSEL ÇETİNTAŞ,ÜRETİM,HALİL DİĞRENCİ,08:05,17:09,08:00,17:09,"08:05, 17:09",9.07,1.5,7.5,7.5,0.0,0.0,7.5,NORMAL,False,
4.09.2026,4,Cuma,25567503092,00211,00211,AYÇA SEZER,KALİTE,BANDIRMA,17:06,08:04,17:00,08:04,"17:06, 08:04",14.97,0.5,14.5,6.5,8.0,0.0,14.5,NORMAL,False,
4.09.2026,4,Cuma,24280352994,00214,00214,AYŞE KARAMAN,BALIK TEMİZLEME,BALIKESİR,07:47,17:31,08:00,17:31,"07:47, 17:31",9.73,1.5,8.0,7.5,0.5,0.0,8.0,NORMAL,False,
4.09.2026,4,Cuma,33253033204,00021,00021,AYŞE KURT,ÜRETİM,BİGADİÇ,15:50,00:18,15:50,00:18,"15:50, 00:18",8.47,0.5,7.5,7.5,0.0,0.0,7.5,NORMAL,False,
4.09.2026,4,Cuma,34120156552,00215,00215,AYŞE YILMAZ,BALIK DOLUM,MKP,09:45,19:05,09:30,19:05,"09:45, 19:05",9.33,1.5,8.0,6.0,4.0,2.0,10.0,BÖLÜM_PRİMLİ,False,"Balık Dolum ve Kesim Primi: Fiili 8,0s -> Bonuslu 10,0s (+2,0s Prim)"
4.09.2026,4,Cuma,11284759850,00018,00018,AYŞE ÇENECİOĞLU,AMBAR,BİGADİÇ,07:37,17:06,08:00,17:06,"07:37, 17:06",9.48,1.5,7.5,7.5,0.0,0.0,7.5,NORMAL,False,
4.09.2026,4,Cuma,25610607388,01353,01353,BAHAR FİDAN,ÜRETİM,SÇEVİKAT ÇELİK,16:04,00:04,16:00,00:04,"16:04, 00:04",8.0,0.5,7.5,7.5,0.0,0.0,7.5,NORMAL,False,
4.09.2026,4,Cuma,12496719380,01139,01139,BEDİA KAYMAZ,AMBAR,BİGADİÇ,07:37,17:09,08:00,17:09,"07:37, 17:09",9.53,1.5,7.5,7.5,0.0,0.0,7.5,NORMAL,False,
4.09.2026,4,Cuma,11206757414,00902,00902,BERK BERBER,ÇEVRE MÜHENDİSİ,BANDIRMA,07:56,18:30,08:00,18:30,"07:56, 18:30",10.57,1.5,9.0,7.5,1.5,0.0,9.0,NORMAL,False,
4.09.2026,4,Cuma,25297298992,00216,00216,BETÜL TUNÇ,BALIK TEMİZLEME,BANDIRMA,07:40,17:39,08:00,17:39,"07:40, 17:39",9.98,1.5,8.0,7.5,0.5,0.0,8.0,NORMAL,False,
4.09.2026,4,Cuma,13741828666,01228,01228,BEYZA YAĞMUR HAN,ÜRETİM,HALİL DİĞRENCİ,16:04,16:05,16:04,16:05,"16:04, 16:05",0.05,0.0,7.5,7.5,0.0,0.0,7.5,NORMAL,False,
4.09.2026,4,Cuma,10201948476,01170,01170,BUKET DÖNMEZ,KALİTE,HALİL DİĞRENCİ,08:05,17:07,08:00,17:07,"08:05, 17:07",9.03,1.5,7.5,7.5,0.0,0.0,7.5,NORMAL,False,
4.09.2026,4,Cuma,36388061296,01284,01284,BUKET SARİBAL,BALIK TEMİZLEME,GÜVEN TURİZM,07:38,17:33,08:00,17:33,"07:38, 17:33",9.92,1.5,8.0,7.5,0.5,0.0,8.0,NORMAL,False,
4.09.2026,4,Cuma,28103495080,01336,01336,BÜŞRA YAVRUTÜRK,ÜRETİM,SÇEVİKAT ÇELİK,08:07,20:00,08:00,20:00,"08:07, 20:00",11.88,1.5,10.5,7.5,3.0,0.0,10.5,NORMAL,False,
4.09.2026,4,Cuma,33316051664,01339,01339,BİLGİNUR SÜMER,BALIK TEMİZLEME,BALIKESİR,07:49,17:36,08:00,17:36,"07:49, 17:36",9.78,1.5,8.0,7.5,0.5,0.0,8.0,NORMAL,False,
4.09.2026,4,Cuma,11950763822,01348,01348,BİLGİYE TOPAL,BALIK TEMİZLEME,GÜVEN MUSTAFAKEMALPAŞA,07:51,17:19,08:00,17:19,"07:51, 17:19",9.47,1.5,7.5,7.5,0.0,0.0,7.5,NORMAL,False,
4.09.2026,4,Cuma,31678238334,00922,00922,CANSEL AKCAN,BALIK TEMİZLEME,GÜVEN MUSTAFAKEMALPAŞA,07:51,17:36,08:00,17:36,"07:51, 17:36",9.75,1.5,8.0,7.5,0.5,0.0,8.0,NORMAL,False,
4.09.2026,4,Cuma,16933572286,00030,00030,CANSEVER ÇÇAKMAK,AMBAR,BİGADİÇ,07:37,17:09,08:00,17:09,"07:37, 17:09",9.53,1.5,7.5,7.5,0.0,0.0,7.5,NORMAL,False,
4.09.2026,4,Cuma,33154180038,00031,00031,CEMALETTİN BEDİZCİ,BAKIM,KARACABEY,07:49,18:55,08:00,18:55,"07:49, 18:55",11.1,1.5,9.5,7.5,2.0,0.0,9.5,NORMAL,False,
4.09.2026,4,Cuma,23083367440,00320,00320,CEYDA ÖZ,KALİTE,BİGADİÇ,15:48,00:12,15:48,00:12,"15:48, 00:12",8.4,0.5,7.5,7.5,0.0,0.0,7.5,NORMAL,False,
4.09.2026,4,Cuma,16699736366,01330,01330,CEYLAN BATAN,BALIK TEMİZLEME,GÜVEN MUSTAFAKEMALPAŞA,07:51,17:31,08:00,17:31,"07:51, 17:31",9.67,1.5,8.0,7.5,0.5,0.0,8.0,NORMAL,False,
4.09.2026,4,Cuma,19313787324,00943,00943,CİHAN YILMAZ,BALIK,HALİL DİĞRENCİ,07:45,17:09,08:00,17:09,"07:45, 17:09",9.4,1.5,7.5,7.5,0.0,0.0,7.5,NORMAL,False,
4.09.2026,4,Cuma,37525041782,00218,00218,DERYA SEVİNÇ,FORMEN,MKP,07:42,17:39,08:00,17:39,"07:42, 17:39",9.95,1.5,8.0,7.5,0.5,0.0,8.0,NORMAL,False,
4.09.2026,4,Cuma,24961035246,01098,01098,DUDU ÖRENGÜL,KALİTE,GÜVEN MUSTAFAKEMALPAŞA,07:51,17:40,08:00,17:40,"07:51, 17:40",9.82,1.5,8.0,7.5,0.5,0.0,8.0,NORMAL,False,
4.09.2026,4,Cuma,99848635024,00283,00283,DUHA EL MUFADDİ,BALIK TEMİZLEME,MKP,07:42,17:39,08:00,17:39,"07:42, 17:39",9.95,1.5,8.0,7.5,0.5,0.0,8.0,NORMAL,False,
4.09.2026,4,Cuma,23509358892,00386,00386,DÖNDÜ ŞAHİN,KALİTE,BANDIRMA,07:40,17:34,08:00,17:34,"07:40, 17:34",9.9,1.5,8.0,7.5,0.5,0.0,8.0,NORMAL,False,
4.09.2026,4,Cuma,17329708456,01285,01285,DİLEK ÇEKİN,BALIK TEMİZLEME,GÜVEN TURİZM,07:38,17:36,08:00,17:36,"07:38, 17:36",9.97,1.5,8.0,7.5,0.5,0.0,8.0,NORMAL,False,
4.09.2026,4,Cuma,12562741222,00872,00872,EBRU ÖÖZALP,BALIK TEMİZLEME,BALIKESİR,07:47,17:34,08:00,17:34,"07:47, 17:34",9.78,1.5,8.0,7.5,0.5,0.0,8.0,NORMAL,False,
4.09.2026,4,Cuma,29563469352,00563,00563,EDİP EKİNCİ,KAZAN,SUSURLUK,19:53,07:53,20:00,07:53,"19:53, 07:53",12.0,0.5,11.5,3.5,8.0,0.0,11.5,NORMAL,False,
4.09.2026,4,Cuma,10066843626,00374,00374,EFE EVİM,AMBAR,BİGADİÇ,07:38,17:09,08:00,17:09,"07:38, 17:09",9.52,1.5,7.5,7.5,0.0,0.0,7.5,NORMAL,False,
4.09.2026,4,Cuma,14266711334,00037,00037,EFRAİM DUMAN,AMBAR,SUSURLUK,19:53,07:59,20:00,07:59,"19:53, 07:59",12.1,0.5,11.5,3.5,8.0,0.0,11.5,NORMAL,False,
4.09.2026,4,Cuma,20036722080,00039,00039,ELMAS OMAY,AMBAR,BALIKESİR,07:47,17:30,08:00,17:30,"07:47, 17:30",9.72,1.5,8.0,7.5,0.5,0.0,8.0,NORMAL,False,
4.09.2026,4,Cuma,16591633060,00038,00038,ELİF TUNÇ,KALİTE,BANDIRMA,08:31,17:41,08:30,17:41,"08:31, 17:41",9.17,1.5,7.5,7.0,0.5,0.0,7.5,NORMAL,False,
4.09.2026,4,Cuma,20266511430,00002,00002,ELİF YAVAŞ,MUHASEBE,SUSURLUK,08:02,17:07,08:00,17:07,"08:02, 17:07",9.08,1.5,7.5,7.5,0.0,0.0,7.5,NORMAL,False,
4.09.2026,4,Cuma,31009103096,00204,00204,EMEL SANAN,AMBAR,BİGADİÇ,07:37,17:08,08:00,17:08,"07:37, 17:08",9.52,1.5,7.5,7.5,0.0,0.0,7.5,NORMAL,False,
4.09.2026,4,Cuma,20584476770,00219,00219,EMİNE ATEŞ,BALIK TEMİZLEME,BALIKESİR,07:49,17:32,08:00,17:32,"07:49, 17:32",9.72,1.5,8.0,7.5,0.5,0.0,8.0,NORMAL,False,
4.09.2026,4,Cuma,12523718256,00043,00043,EMİNE BAYER,AMBAR,BİGADİÇ,07:37,17:07,08:00,17:07,"07:37, 17:07",9.5,1.5,7.5,7.5,0.0,0.0,7.5,NORMAL,False,
4.09.2026,4,Cuma,16111749134,01300,01300,EMİNE KARAMAN,BALIK TEMİZLEME,HALİL DİĞRENCİ,08:06,17:37,08:00,17:37,"08:06, 17:37",9.52,1.5,8.0,7.5,0.5,0.0,8.0,NORMAL,False,
4.09.2026,4,Cuma,12379749978,00197,00197,EMİNE SARI,YEMEKHANE,BALIKESİR,07:47,17:41,08:00,17:41,"07:47, 17:41",9.9,1.5,8.0,7.5,0.5,0.0,8.0,NORMAL,False,
4.09.2026,4,Cuma,45328882280,00859,00859,EMİNE YAVUZ,BALIK TEMİZLEME,GÜVEN TURİZM,07:38,17:37,08:00,17:37,"07:38, 17:37",9.98,1.5,8.0,7.5,0.5,0.0,8.0,NORMAL,False,
4.09.2026,4,Cuma,20503503198,00045,00045,EMİNE ÇAPAR,YEMEKHANE,GÖBEL,18:44,04:19,18:30,04:19,"18:44, 04:19",9.58,0.5,9.0,5.0,4.0,0.0,9.0,NORMAL,False,
4.09.2026,4,Cuma,37030668238,01180,01180,EMİNE ŞENTÜRK CİNGÖZ,BALIK TEMİZLEME,GÜVEN TURİZM,07:38,17:39,08:00,17:39,"07:38, 17:39",10.02,1.5,8.0,7.5,0.5,0.0,8.0,NORMAL,False,
4.09.2026,4,Cuma,10036852948,00046,00046,EMİRHAN MUTLU,BAKIM,GÖBEL,08:10,18:12,08:00,18:12,"08:10, 18:12",10.03,1.5,8.5,7.5,1.0,0.0,8.5,NORMAL,False,
4.09.2026,4,Cuma,29470204244,00007,00007,ENDER BİLBAY,KAPI GÖREVLİSİ,GÖBEL,15:52,00:07,15:52,00:07,"15:52, 00:07",8.25,0.5,7.5,7.5,0.0,0.0,7.5,NORMAL,False,
4.09.2026,4,Cuma,98284188514,00293,00293,ENES ABDE,BALIK TEMİZLEME,MKP,07:42,17:39,08:00,17:39,"07:42, 17:39",9.95,1.5,8.0,7.5,0.5,0.0,8.0,NORMAL,False,
4.09.2026,4,Cuma,34795126850,01351,01351,ERCAN POLAT,BİLGİSAYAR MÜHENDİSİ,KARACABEY,07:39,17:33,08:00,17:33,"07:39, 17:33",9.9,1.5,8.0,7.5,0.5,0.0,8.0,NORMAL,False,
4.09.2026,4,Cuma,35581001238,00481,00481,ERCÜMENT AYGÜL,AMBAR,SUSURLUK,09:19,16:48,09:00,16:48,"09:19, 16:48",7.48,1.5,6.5,6.5,0.0,0.0,6.5,NORMAL,False,
4.09.2026,4,Cuma,23131415628,00047,00047,ERDİN TETİK,MEYDAN,SUSURLUK,23:44,07:56,00:00,07:56,"23:44, 07:56",8.2,0.5,7.5,7.5,0.0,0.0,7.5,NORMAL,False,
4.09.2026,4,Cuma,22260441248,00198,00198,ERSİN ESER,BAKIM,GÖBEL,08:00,17:06,08:00,17:06,"08:00, 17:06",9.1,1.5,7.5,7.5,0.0,0.0,7.5,NORMAL,False,
4.09.2026,4,Cuma,10177848602,00381,00381,EYÜP EKİNCİ,ELEKTRİK,SUSURLUK,07:32,17:03,08:00,17:03,"07:32, 17:03",9.52,1.5,7.5,7.5,0.0,0.0,7.5,NORMAL,False,
4.09.2026,4,Cuma,35183294274,00926,00926,FATMA DEMİRER,BALIK TEMİZLEME,GÜVEN MUSTAFAKEMALPAŞA,07:51,17:36,08:00,17:36,"07:51, 17:36",9.75,1.5,8.0,7.5,0.5,0.0,8.0,NORMAL,False,
4.09.2026,4,Cuma,32986036254,00056,00056,FATMA ÇAM,ÜRETİM,BİGADİÇ,15:49,00:15,15:49,00:15,"15:49, 00:15",8.43,0.5,7.5,7.5,0.0,0.0,7.5,NORMAL,False,
4.09.2026,4,Cuma,31594082608,00057,00057,FATMA ÖZÇAM,ÜRETİM,BİGADİÇ,15:49,00:15,15:49,00:15,"15:49, 00:15",8.43,0.5,7.5,7.5,0.0,0.0,7.5,NORMAL,False,
4.09.2026,4,Cuma,11890896888,00223,00223,FATMAGÜL ÇEKİ,BALIK DOLUM,MKP,09:46,19:05,09:30,19:05,"09:46, 19:05",9.32,1.5,8.0,6.0,4.0,2.0,10.0,BÖLÜM_PRİMLİ,False,"Balık Dolum ve Kesim Primi: Fiili 8,0s -> Bonuslu 10,0s (+2,0s Prim)"
4.09.2026,4,Cuma,21898406446,01065,01065,FERUDUN BAKAN,ÜRETİM,BİGADİÇ,15:49,00:10,15:49,00:10,"15:49, 00:10",8.35,0.5,7.5,7.5,0.0,0.0,7.5,NORMAL,False,
4.09.2026,4,Cuma,31933222184,00224,00224,FEVZİYE EREL,BALIK TEMİZLEME,HALİL DİĞRENCİ,08:06,17:33,08:00,17:33,"08:06, 17:33",9.45,1.5,8.0,7.5,0.5,0.0,8.0,NORMAL,False,
4.09.2026,4,Cuma,33739783340,00739,00739,GURBET DUMAN,BALIK TEMİZLEME,HALİL DİĞRENCİ,08:06,17:35,08:00,17:35,"08:06, 17:35",9.48,1.5,8.0,7.5,0.5,0.0,8.0,NORMAL,False,
4.09.2026,4,Cuma,33379057108,00423,00423,GÜLAY GÜNDOĞDU,BALIK TEMİZLEME,BALIKESİR,07:47,17:33,08:00,17:33,"07:47, 17:33",9.77,1.5,8.0,7.5,0.5,0.0,8.0,NORMAL,False,
4.09.2026,4,Cuma,24541318660,00065,00065,GÜLCAN BİLGİÇ,AMBAR,BİGADİÇ,07:37,17:07,08:00,17:07,"07:37, 17:07",9.5,1.5,7.5,7.5,0.0,0.0,7.5,NORMAL,False,
4.09.2026,4,Cuma,33211034366,00225,00225,GÜLER ÇAPKIN,BALIK TEMİZLEME,KARACABEY,07:39,17:39,08:00,17:39,"07:39, 17:39",10.0,1.5,8.0,7.5,0.5,0.0,8.0,NORMAL,False,
4.09.2026,4,Cuma,15041774032,00882,00882,GÜLPERİ KALENDER,BALIK TEMİZLEME,BANDIRMA,07:40,17:39,08:00,17:39,"07:40, 17:39",9.98,1.5,8.0,7.5,0.5,0.0,8.0,NORMAL,False,
4.09.2026,4,Cuma,53689106020,00073,00073,GÜLSÜM GÖRGÜLÜ,AMBAR,BİGADİÇ,07:37,17:09,08:00,17:09,"07:37, 17:09",9.53,1.5,7.5,7.5,0.0,0.0,7.5,NORMAL,False,
4.09.2026,4,Cuma,45184908278,00226,00226,GÜLTEN DURMAZ,BALIK DOLUM,GÖBEL,09:45,19:03,09:30,19:03,"09:45, 19:03",9.3,1.5,8.0,6.0,4.0,2.0,10.0,BÖLÜM_PRİMLİ,False,"Balık Dolum ve Kesim Primi: Fiili 8,0s -> Bonuslu 10,0s (+2,0s Prim)"
4.09.2026,4,Cuma,10996768938,00071,00071,GÜLTEN GİDER,AMBAR,BİGADİÇ,07:38,17:09,08:00,17:09,"07:38, 17:09",9.52,1.5,7.5,7.5,0.0,0.0,7.5,NORMAL,False,
4.09.2026,4,Cuma,21010592606,01022,01022,GÜLÜMSER KARABIYIK,BALIK TEMİZLEME,GÜVEN MUSTAFAKEMALPAŞA,07:52,17:30,08:00,17:30,"07:52, 17:12, 17:30",9.63,1.5,8.0,7.5,0.5,0.0,8.0,ÇOKLU_BASIM_MIN_MAX,True,"Çoklu Basım: İlk Giriş 07:52, Son Çıkış 17:30 (8,0s)"
4.09.2026,4,Cuma,11257940650,01202,01202,GÜLŞEN YAĞMUR YÜKSEL,ÜRETİM,GÜVEN MUSTAFAKEMALPAŞA,07:52,20:02,08:00,20:02,"07:52, 20:02",12.17,1.5,10.5,7.5,3.0,0.0,10.5,NORMAL,False,
4.09.2026,4,Cuma,23638497776,00075,00075,HACER BEYHAN,BALIK TEMİZLEME,HALİL DİĞRENCİ,07:44,17:35,08:00,17:35,"07:44, 17:35",9.85,1.5,8.0,7.5,0.5,0.0,8.0,NORMAL,False,
4.09.2026,4,Cuma,22639531168,01078,01078,HAFİZE AVCIOĞLU,BALIK TEMİZLEME,GÜVEN TURİZM,07:38,17:35,08:00,17:35,"07:38, 17:35",9.95,1.5,8.0,7.5,0.5,0.0,8.0,NORMAL,False,
4.09.2026,4,Cuma,13708835836,01159,01159,HAMİT GİRGİN,BALIK TEMİZLEME,GÜVEN MUSTAFAKEMALPAŞA,07:51,19:02,08:00,19:02,"07:51, 19:02",11.18,1.5,9.5,7.5,2.0,0.0,9.5,NORMAL,False,
4.09.2026,4,Cuma,20290485820,01060,01060,HANİFE YILDIRIM,BALIK TEMİZLEME,BALIKESİR,07:48,17:32,08:00,17:32,"07:48, 17:32",9.73,1.5,8.0,7.5,0.5,0.0,8.0,NORMAL,False,
4.09.2026,4,Cuma,14779989510,00080,00080,HARUN YAHYA DURSUN,BALIK DOLUM,GÖBEL,08:02,20:35,08:00,20:35,"08:02, 20:35",12.55,1.5,11.0,7.5,5.5,2.0,13.0,BÖLÜM_PRİMLİ,False,"Balık Dolum ve Kesim Primi: Fiili 11,0s -> Bonuslu 13,0s (+2,0s Prim)"
4.09.2026,4,Cuma,31324091924,00084,00084,HATİCE KURT,ÜRETİM,BİGADİÇ,15:48,00:18,15:48,00:18,"15:48, 00:18",8.5,0.5,7.5,7.5,0.0,0.0,7.5,NORMAL,False,
4.09.2026,4,Cuma,10817807990,01096,01096,HATİCE ONUK,ÜRETİM,HALİL DİĞRENCİ,08:05,17:14,08:00,17:14,"08:05, 17:14",9.15,1.5,7.5,7.5,0.0,0.0,7.5,NORMAL,False,
4.09.2026,4,Cuma,33850041688,00577,00577,HATİCE SAVAŞÇI,BALIK TEMİZLEME,BALIKESİR,07:47,17:33,08:00,17:33,"07:47, 17:33",9.77,1.5,8.0,7.5,0.5,0.0,8.0,NORMAL,False,
4.09.2026,4,Cuma,26002427744,00227,00227,HAVVA ALPER,BALIK DOLUM,MKP,09:45,19:05,09:30,19:05,"09:45, 19:05",9.33,1.5,8.0,6.0,4.0,2.0,10.0,BÖLÜM_PRİMLİ,False,"Balık Dolum ve Kesim Primi: Fiili 8,0s -> Bonuslu 10,0s (+2,0s Prim)"
4.09.2026,4,Cuma,26653281238,00228,00228,HAVVA BAYRAM,BALIK TEMİZLEME,BALIKESİR,07:47,17:31,08:00,17:31,"07:47, 17:31",9.73,1.5,8.0,7.5,0.5,0.0,8.0,NORMAL,False,
4.09.2026,4,Cuma,30367150308,00852,00852,HAYRULLAH TOPRAK,AMBAR,GÜVEN TURİZM,07:40,17:10,08:00,17:10,"07:40, 17:10",9.5,1.5,7.5,7.5,0.0,0.0,7.5,NORMAL,False,
4.09.2026,4,Cuma,10156949566,01270,01270,HAYRİYE BEYİRKEN,ÜRETİM,HALİL DİĞRENCİ,08:06,20:02,08:00,20:02,"08:06, 20:02",11.93,1.5,10.5,7.5,3.0,0.0,10.5,NORMAL,False,
4.09.2026,4,Cuma,11284916406,01143,01143,HÜLYA TANIŞ,BALIK TEMİZLEME,GÜVEN MUSTAFAKEMALPAŞA,07:51,17:33,08:00,17:33,"07:51, 17:33",9.7,1.5,8.0,7.5,0.5,0.0,8.0,NORMAL,False,
4.09.2026,4,Cuma,33289026430,00480,00480,HÜLYA TOPAL,AMBAR,BİGADİÇ,07:37,17:09,08:00,17:09,"07:37, 17:09",9.53,1.5,7.5,7.5,0.0,0.0,7.5,NORMAL,False,
4.09.2026,4,Cuma,30856107820,00091,00091,HÜLYA ÜÜNAL,AMBAR,BİGADİÇ,07:37,17:09,08:00,17:09,"07:37, 17:09",9.53,1.5,7.5,7.5,0.0,0.0,7.5,NORMAL,False,
4.09.2026,4,Cuma,49981303052,00093,00093,KADİR AZAR,AMBAR,KARACABEY,07:39,17:33,08:00,17:33,"07:39, 17:33",9.9,1.5,8.0,7.5,0.5,0.0,8.0,NORMAL,False,
4.09.2026,4,Cuma,27448226656,00095,00095,KAMİLE DAĞDÇELEN,AMBAR,BİGADİÇ,07:37,17:07,08:00,17:07,"07:37, 17:07",9.5,1.5,7.5,7.5,0.0,0.0,7.5,NORMAL,False,
4.09.2026,4,Cuma,99656887974,00294,00294,KEFA EL HUDUR,BALIK TEMİZLEME,MKP,07:42,17:39,08:00,17:39,"07:42, 17:39",9.95,1.5,8.0,7.5,0.5,0.0,8.0,NORMAL,False,
4.09.2026,4,Cuma,33067084584,00097,00097,KEMAL DURMUŞ,İŞLETME,SUSURLUK,05:24,08:01,00:00,08:01,"05:24, 21:06, 08:01",2.62,0.5,7.5,7.5,0.0,0.0,7.5,ÇOKLU_BASIM_MIN_MAX,True,"Çoklu Basım: İlk Giriş 05:24, Son Çıkış 08:01 (7,5s)"
4.09.2026,4,Cuma,37573316870,01220,01220,KEZİBAN ARAS,ÜRETİM,SÇEVİKAT ÇELİK,16:05,00:05,16:00,00:05,"16:05, 00:05",8.0,0.5,7.5,7.5,0.0,0.0,7.5,NORMAL,False,
4.09.2026,4,Cuma,33397029286,01327,01327,KÜBÜŞRA ALTAY,SATIN ALMA,BANDIRMA,07:40,17:32,08:00,17:32,"07:40, 17:32",9.87,1.5,8.0,7.5,0.5,0.0,8.0,NORMAL,False,
4.09.2026,4,Cuma,25657430024,00199,00199,KÜRŞAT TÜRKAN,BAKIM,KARACABEY,07:57,19:37,08:00,19:37,"07:57, 19:37",11.67,1.5,10.0,7.5,2.5,0.0,10.0,NORMAL,False,
4.09.2026,4,Cuma,20458603738,00528,00528,MAHMURE ESEN,BALIK TEMİZLEME,HALİL DİĞRENCİ,07:44,17:37,08:00,17:37,"07:44, 17:37",9.88,1.5,8.0,7.5,0.5,0.0,8.0,NORMAL,False,
4.09.2026,4,Cuma,29749160806,00104,00104,MAHİR HİLMİ ULUKÖK,YENİ BALIK HATTI,SUSURLUK,07:58,19:53,08:00,19:53,"07:58, 19:53",11.92,1.5,10.5,7.5,3.0,0.0,10.5,NORMAL,False,
4.09.2026,4,Cuma,40483844500,01126,01126,MELİSA YILMAZ,ÜRETİM,HALİL DİĞRENCİ,08:07,17:09,08:00,17:09,"08:07, 17:09",9.03,1.5,7.5,7.5,0.0,0.0,7.5,NORMAL,False,
4.09.2026,4,Cuma,30181166332,00233,00233,MEMNUNE KARAMAN,BALIK TEMİZLEME,BALIKESİR,07:47,17:35,08:00,17:35,"07:47, 17:35",9.8,1.5,8.0,7.5,0.5,0.0,8.0,NORMAL,False,
4.09.2026,4,Cuma,28027546004,00112,00112,MESUT ERDEL,BAKIM,SUSURLUK,08:14,18:19,08:00,18:19,"08:14, 18:19",10.08,1.5,8.5,7.5,1.0,0.0,8.5,NORMAL,False,
4.09.2026,4,Cuma,99248627704,00005,00005,MHD BASSEL ALZALEK,ELEKTRİK,SUSURLUK,14:12,08:13,14:12,08:13,"08:13, 14:12",18.02,0.5,15.5,7.5,8.0,0.0,15.5,NORMAL,False,
4.09.2026,4,Cuma,99347757876,00116,00116,MUHAMMED SAMİH SERHAN,AMBAR,GÖBEL,15:58,08:51,15:58,08:51,"15:58, 08:51",16.88,0.5,16.5,7.5,9.0,0.0,16.5,NORMAL,False,
4.09.2026,4,Cuma,23329391024,00514,00514,MUKATDES KARAMANOĞLU,BALIK TEMİZLEME,BALIKESİR,07:48,17:33,08:00,17:33,"07:48, 17:33",9.75,1.5,8.0,7.5,0.5,0.0,8.0,NORMAL,False,
4.09.2026,4,Cuma,25621221832,00118,00118,MUSTAFA KAYA,İŞLETME,MKP,07:42,09:43,08:00,09:43,"07:42, 09:43",2.02,0.0,1.5,1.5,0.0,0.0,1.5,NORMAL,False,
4.09.2026,4,Cuma,21976553468,00234,00234,MÜCAHİT ÇOLAK,BALIK TEMİZLEME,KARACABEY,07:39,17:39,08:00,17:39,"07:39, 17:39",10.0,1.5,8.0,7.5,0.5,0.0,8.0,NORMAL,False,
4.09.2026,4,Cuma,31195265912,01056,01056,MÜRVET ÇAKAN,BALIK TEMİZLEME,HALİL DİĞRENCİ,08:06,17:34,08:00,17:34,"08:06, 17:34",9.47,1.5,8.0,7.5,0.5,0.0,8.0,NORMAL,False,
4.09.2026,4,Cuma,23539402008,00716,00716,MÜRVET ŞAFAK,ÜRETİM,SUSURLUK TUR-REŞAT,07:33,19:14,08:00,19:14,"07:33, 19:14",11.68,1.5,9.5,7.5,2.0,0.0,9.5,NORMAL,False,
4.09.2026,4,Cuma,33124024560,00120,00120,MÜZEYYEN ERDİNÇ,BALIK TEMİZLEME,BALIKESİR,07:48,17:35,08:00,17:35,"07:48, 17:35",9.78,1.5,8.0,7.5,0.5,0.0,8.0,NORMAL,False,
4.09.2026,4,Cuma,12556753194,00235,00235,NACİYE KARABULUT,BALIK TEMİZLEME,BALIKESİR,07:47,17:33,08:00,17:33,"07:47, 17:33",9.77,1.5,8.0,7.5,0.5,0.0,8.0,NORMAL,False,
4.09.2026,4,Cuma,16324748870,01178,01178,NAZMİYE ÇELİK,BALIK TEMİZLEME,GÜVEN MUSTAFAKEMALPAŞA,07:51,17:31,08:00,17:31,"07:51, 17:31",9.67,1.5,8.0,7.5,0.5,0.0,8.0,NORMAL,False,
4.09.2026,4,Cuma,28510235804,00121,00121,NAİL AKSOY,ŞÖFÖR,SUSURLUK,15:52,01:04,15:52,01:04,"15:52, 01:04",9.2,0.5,8.5,7.5,1.0,0.0,8.5,NORMAL,False,
4.09.2026,4,Cuma,38710924712,00887,00887,NECLA ABİ,BALIK TEMİZLEME,GÜVEN TURİZM,07:38,17:38,08:00,17:38,"07:38, 17:38",10.0,1.5,8.0,7.5,0.5,0.0,8.0,NORMAL,False,
4.09.2026,4,Cuma,24031385950,00380,00380,NECMİ SEVER,MEYDAN,GÖBEL,07:55,17:06,08:00,17:06,"07:55, 17:06",9.18,1.5,7.5,7.5,0.0,0.0,7.5,NORMAL,False,
4.09.2026,4,Cuma,21991561554,00930,00930,NECMİYE ÜÜLKER,BALIK TEMİZLEME,GÜVEN MUSTAFAKEMALPAŞA,07:51,17:32,08:00,17:32,"07:51, 17:32",9.68,1.5,8.0,7.5,0.5,0.0,8.0,NORMAL,False,
4.09.2026,4,Cuma,54874132756,00974,00974,NECİFE BAĞ,BALIK TEMİZLEME,KARACABEY,07:39,17:40,08:00,17:40,"07:39, 17:40",10.02,1.5,8.0,7.5,0.5,0.0,8.0,NORMAL,False,
4.09.2026,4,Cuma,14452686422,00371,00371,NESRİN GÜZEL,BALIK TEMİZLEME,BALIKESİR,07:48,17:33,08:00,17:33,"07:48, 17:33",9.75,1.5,8.0,7.5,0.5,0.0,8.0,NORMAL,False,
4.09.2026,4,Cuma,17902565544,00128,00128,NURAY AVCI,YEMEKHANE,BALIKESİR,07:48,17:30,08:00,17:30,"07:48, 17:30",9.7,1.5,8.0,7.5,0.5,0.0,8.0,NORMAL,False,
4.09.2026,4,Cuma,25970637896,00129,00129,NURAY ELİSÇIKIŞ,AMBAR,BALIKESİR,07:48,17:30,08:00,17:30,"07:48, 17:30",9.7,1.5,8.0,7.5,0.5,0.0,8.0,NORMAL,False,
4.09.2026,4,Cuma,21478446602,00236,00236,NURCAN EREN,BALIK TEMİZLEME,BALIKESİR,07:47,17:31,08:00,17:31,"07:47, 17:31",9.73,1.5,8.0,7.5,0.5,0.0,8.0,NORMAL,False,
4.09.2026,4,Cuma,15736612786,01352,01352,NURGÜL ADIGÜL,ÜRETİM,BİGADİÇ,15:48,00:18,15:48,00:18,"00:01, 15:48, 00:18",8.5,0.5,7.5,7.5,0.0,0.0,7.5,ÇOKLU_BASIM_MIN_MAX,True,"Çoklu Basım: İlk Giriş 15:48, Son Çıkış 00:18 (7,5s)"
4.09.2026,4,Cuma,13318692676,01064,01064,NURGÜL PARLAS,ÜRETİM,BİGADİÇ,15:49,00:18,15:49,00:18,"15:49, 00:18",8.48,0.5,7.5,7.5,0.0,0.0,7.5,NORMAL,False,
4.09.2026,4,Cuma,22186447318,00137,00137,NURTEN CAN,ÜRETİM,SUSURLUK TUR-REŞAT,07:33,19:14,08:00,19:14,"07:33, 19:14",11.68,1.5,9.5,7.5,2.0,0.0,9.5,NORMAL,False,
4.09.2026,4,Cuma,13420739290,00003,00003,NURİ GÜLSER,KAPI GÖREVLİSİ,GÖBEL,07:46,16:02,08:00,16:02,"07:46, 16:02",8.27,0.5,7.5,7.5,0.0,0.0,7.5,NORMAL,False,
4.09.2026,4,Cuma,13189854302,00006,00006,OZAN BUĞA,BAKIM,MKP,16:14,00:09,16:00,00:09,"16:14, 00:09",7.92,0.5,7.5,7.5,0.0,0.0,7.5,NORMAL,False,
4.09.2026,4,Cuma,29677146866,00238,00238,RABİYE ÇENECİOĞLU,BALIK TEMİZLEME,BALIKESİR,07:48,17:32,08:00,17:32,"07:48, 17:32",9.73,1.5,8.0,7.5,0.5,0.0,8.0,NORMAL,False,
4.09.2026,4,Cuma,29359208356,00145,00145,RAMAZAN KÜÇÜKÇÇAKIR,ŞÖFÖR,SUSURLUK,08:00,17:08,08:00,17:08,"08:00, 17:08",9.13,1.5,7.5,7.5,0.0,0.0,7.5,NORMAL,False,
4.09.2026,4,Cuma,24022385860,01316,01316,RECEP İÇÖZ,MEYDAN,GÖBEL,08:01,17:00,08:00,17:00,"08:01, 17:00",8.98,1.5,7.5,7.5,0.0,0.0,7.5,NORMAL,False,
4.09.2026,4,Cuma,16561742068,00842,00842,RUKİYE UZUN,BALIK TEMİZLEME,GÜVEN TURİZM,07:38,17:38,08:00,17:38,"07:38, 17:38",10.0,1.5,8.0,7.5,0.5,0.0,8.0,NORMAL,False,
4.09.2026,4,Cuma,34807027090,00536,00536,SABRİ ACAR,YENİ BALIK HATTI,SUSURLUK,23:59,08:03,00:00,08:03,"23:59, 08:03",8.07,0.5,7.5,7.5,0.0,0.0,7.5,NORMAL,False,
4.09.2026,4,Cuma,17335367982,01021,01021,SABİHA AKIN,ÜRETİM,HALİL DİĞRENCİ,08:05,20:06,08:00,20:06,"08:05, 20:06",12.02,1.5,10.5,7.5,3.0,0.0,10.5,NORMAL,False,
4.09.2026,4,Cuma,33640164108,01130,01130,SAMET YUMİTKEN,ÜRETİM,HALİL DİĞRENCİ,08:06,20:05,08:00,20:05,"08:06, 20:05",11.98,1.5,10.5,7.5,3.0,0.0,10.5,NORMAL,False,
4.09.2026,4,Cuma,30373124058,00149,00149,SANİYE CEYLAN,AMBAR,BİGADİÇ,07:37,17:06,08:00,17:06,"07:37, 17:06",9.48,1.5,7.5,7.5,0.0,0.0,7.5,NORMAL,False,
4.09.2026,4,Cuma,14164714154,00150,00150,SARA EROĞLU,AMBAR,BALIKESİR,07:47,17:30,08:00,17:30,"07:47, 17:30",9.72,1.5,8.0,7.5,0.5,0.0,8.0,NORMAL,False,
4.09.2026,4,Cuma,24178356332,00153,00153,SEHER ÖZDEN,YEMEKHANE,BALIKESİR,07:48,17:30,08:00,17:30,"07:48, 17:30",9.7,1.5,8.0,7.5,0.5,0.0,8.0,NORMAL,False,
4.09.2026,4,Cuma,11248811624,00009,00009,SELAHATTİN SÖĞÜT,ŞÖFÖR,GÖBEL,10:41,21:41,10:30,21:41,"10:41, 21:41",11.0,1.5,9.5,5.0,4.5,0.0,9.5,NORMAL,False,
4.09.2026,4,Cuma,19723478966,01069,01069,SELMA AYHAN,ÜRETİM,BİGADİÇ,15:48,00:13,15:48,00:13,"15:48, 00:13",8.42,0.5,7.5,7.5,0.0,0.0,7.5,NORMAL,False,
4.09.2026,4,Cuma,49369567458,00559,00559,SELMA TUNÇ,BALIK TEMİZLEME,BALIKESİR,07:47,17:33,08:00,17:33,"07:47, 17:33",9.77,1.5,8.0,7.5,0.5,0.0,8.0,NORMAL,False,
4.09.2026,4,Cuma,33451458564,01227,01227,SELMATA ANIK,ÜRETİM,HALİL DİĞRENCİ,16:04,00:09,16:00,00:09,"16:04, 00:09",8.08,0.5,7.5,7.5,0.0,0.0,7.5,NORMAL,False,
4.09.2026,4,Cuma,46825626414,00724,00724,SEMANUR GÜLIŞIK,FORMEN,KARACABEY,07:38,17:39,08:00,17:39,"07:38, 17:39",10.02,1.5,8.0,7.5,0.5,0.0,8.0,NORMAL,False,
4.09.2026,4,Cuma,24136488860,01007,01007,SEREN BURHAN,BALIK TEMİZLEME,GÜVEN MUSTAFAKEMALPAŞA,07:51,17:39,08:00,17:39,"07:51, 17:39",9.8,1.5,8.0,7.5,0.5,0.0,8.0,NORMAL,False,
4.09.2026,4,Cuma,16231745504,01129,01129,SERKAN YUMİTKEN,ÜRETİM,HALİL DİĞRENCİ,08:06,20:11,08:00,20:11,"08:06, 20:11",12.08,1.5,10.5,7.5,3.0,0.0,10.5,NORMAL,False,
4.09.2026,4,Cuma,13696829374,01361,01361,SERPİL İİPEK,,HALİL DİĞRENCİ,08:06,20:06,08:00,20:06,"08:06, 20:06",12.0,1.5,10.5,7.5,3.0,0.0,10.5,NORMAL,False,
4.09.2026,4,Cuma,13498698468,00165,00165,SEVGİ AYCAN,BALIK TEMİZLEME,BANDIRMA,07:40,17:39,08:00,17:39,"07:40, 17:39",9.98,1.5,8.0,7.5,0.5,0.0,8.0,NORMAL,False,
4.09.2026,4,Cuma,17611699134,00884,00884,SEVİLAY DÖNMEZ,BALIK TEMİZLEME,GÜVEN TURİZM,07:38,17:39,08:00,17:39,"07:38, 17:39",10.02,1.5,8.0,7.5,0.5,0.0,8.0,NORMAL,False,
4.09.2026,4,Cuma,15250777510,01063,01063,SEZAİ ÇELİK,BALIK,HALİL DİĞRENCİ,08:06,17:09,08:00,17:09,"08:06, 17:09",9.05,1.5,7.5,7.5,0.0,0.0,7.5,NORMAL,False,
4.09.2026,4,Cuma,29200163070,01066,01066,SEZGİN YILDIRIM,ÜRETİM,BİGADİÇ,15:48,00:10,15:48,00:10,"15:48, 00:10",8.37,0.5,7.5,7.5,0.0,0.0,7.5,NORMAL,False,
4.09.2026,4,Cuma,01370,01370,01370,SEZGİN İRGÖREN,DİĞER,GÜVEN MUSTAFAKEMALPAŞA,20:00,-,20:00,08:00,20:00,7.5,0.5,7.5,7.5,0.0,0.0,7.5,GECE_TEK_BASIM,True,"Gece Basımı: 20:00 | Tek Basım (7,5s yazıldı)"
4.09.2026,4,Cuma,18847656960,00740,00740,SEÇİL ARIBOĞA,ÜRETİM,HALİL DİĞRENCİ,08:05,20:02,08:00,20:02,"08:05, 20:02",11.95,1.5,10.5,7.5,3.0,0.0,10.5,NORMAL,False,
4.09.2026,4,Cuma,55963096430,00240,00240,SULTAN BAĞ,BALIK TEMİZLEME,KARACABEY,07:39,17:40,08:00,17:40,"07:39, 17:40",10.02,1.5,8.0,7.5,0.5,0.0,8.0,NORMAL,False,
4.09.2026,4,Cuma,42014033940,01072,01072,SÇEVİKAT ÇELİK,ÜRETİM,SÇEVİKAT ÇELİK,16:05,00:03,16:00,00:03,"16:05, 00:03",7.97,0.5,7.5,7.5,0.0,0.0,7.5,NORMAL,False,
4.09.2026,4,Cuma,10582783284,00170,00170,SİBEL ÇÇAKIR,ÜRETİM,BİGADİÇ,15:48,00:12,15:48,00:12,"15:48, 00:12",8.4,0.5,7.5,7.5,0.0,0.0,7.5,NORMAL,False,
4.09.2026,4,Cuma,10780950730,01037,01037,SİBEL ÇİFTÇİ,BALIK TEMİZLEME,MKP,07:42,-,07:42,17:00,07:42,7.5,1.5,7.5,7.5,0.0,0.0,7.5,ÇIKIŞ_YOK_SABAH,True,"Giriş: 07:42 | Çıkış Basılmadı (Tam Gün 7,5s yazıldı)"
4.09.2026,4,Cuma,28979029792,01337,01337,SİNEM PİRİZOĞLU,ÜRETİM,SÇEVİKAT ÇELİK,20:09,00:09,00:00,00:09,"20:09, 00:09",4.0,0.0,0.0,0.0,0.0,0.0,0.0,NORMAL,False,
4.09.2026,4,Cuma,29761139378,01038,01038,TALHA YAVAŞ,KALİTE,BANDIRMA,07:40,19:16,08:00,19:16,"07:40, 19:16",11.6,1.5,9.5,7.5,2.0,0.0,9.5,NORMAL,False,
4.09.2026,4,Cuma,20374606288,01047,01047,TANER BEYİRKEN,ÜRETİM,HALİL DİĞRENCİ,08:06,17:11,08:00,17:11,"08:06, 17:11",9.08,1.5,7.5,7.5,0.0,0.0,7.5,NORMAL,False,
4.09.2026,4,Cuma,10705928394,00976,00976,TAYFUN GÜNCÜ,BALIK TEMİZLEME,HALİL DİĞRENCİ,08:07,17:31,08:00,17:31,"08:07, 17:31",9.4,1.5,8.0,7.5,0.5,0.0,8.0,NORMAL,False,
4.09.2026,4,Cuma,13252843738,00243,00243,TAYFUN TIĞRAK,FORMEN,KARACABEY,07:49,18:56,08:00,18:56,"07:49, 18:56",11.12,1.5,9.5,7.5,2.0,0.0,9.5,NORMAL,False,
4.09.2026,4,Cuma,32938871292,00183,00183,TAYFUN ÇELİK,MEYDAN,MKP,07:42,19:06,08:00,19:06,"07:42, 19:06",11.4,1.5,9.5,7.5,2.0,0.0,9.5,NORMAL,False,
4.09.2026,4,Cuma,30925156292,00501,00501,TUNCAY METİN,KAPI GÖREVLİSİ,SUSURLUK,23:44,07:59,00:00,07:59,"23:44, 07:59",8.25,0.5,7.5,7.5,0.0,0.0,7.5,NORMAL,False,
4.09.2026,4,Cuma,23077372900,01116,01116,VAHİDE YAŞAR,ÜRETİM,BİGADİÇ,15:49,00:13,15:49,00:13,"15:49, 00:13",8.4,0.5,7.5,7.5,0.0,0.0,7.5,NORMAL,False,
4.09.2026,4,Cuma,18364673952,01269,01269,YEŞİM BEYİRKEN,ÜRETİM,HALİL DİĞRENCİ,08:06,20:01,08:00,20:01,"08:06, 20:01",11.92,1.5,10.5,7.5,3.0,0.0,10.5,NORMAL,False,
4.09.2026,4,Cuma,17096459292,01198,01198,YURDANUR ÇELİK,BALIK TEMİZLEME,HALİL DİĞRENCİ,08:07,14:19,08:00,14:19,"08:07, 14:19",6.2,1.5,5.0,5.0,0.0,0.0,5.0,NORMAL,False,
4.09.2026,4,Cuma,14701796544,00582,00582,YUSUF SAMAR,MUHASEBE,KARACABEY,07:40,17:33,08:00,17:33,"07:40, 17:33",9.88,1.5,8.0,7.5,0.5,0.0,8.0,NORMAL,False,
4.09.2026,4,Cuma,10528936408,01364,01364,YUSUF ÇETİN,,HALİL DİĞRENCİ,08:07,20:03,08:00,20:03,"08:07, 20:03",11.93,1.5,10.5,7.5,3.0,0.0,10.5,NORMAL,False,
4.09.2026,4,Cuma,31861120316,00191,00191,ZAHİDE GÜRBÜZ,BALIK TEMİZLEME,BALIKESİR,07:48,17:34,08:00,17:34,"07:48, 17:34",9.77,1.5,8.0,7.5,0.5,0.0,8.0,NORMAL,False,
4.09.2026,4,Cuma,27560597764,01048,01048,ZAHİDE HAĞİ,BALIK TEMİZLEME,HALİL DİĞRENCİ,08:06,17:38,08:00,17:38,"08:06, 17:38",9.53,1.5,8.0,7.5,0.5,0.0,8.0,NORMAL,False,
4.09.2026,4,Cuma,31552110794,00935,00935,ZAHİDE KALDEMİR,BALIK TEMİZLEME,GÜVEN MUSTAFAKEMALPAŞA,07:51,17:36,08:00,17:36,"07:51, 17:36",9.75,1.5,8.0,7.5,0.5,0.0,8.0,NORMAL,False,
4.09.2026,4,Cuma,22249543988,00192,00192,ZAHİDE NEDİRLİ,KALİTE,KARACABEY,07:38,17:34,08:00,17:34,"07:38, 17:34",9.93,1.5,8.0,7.5,0.5,0.0,8.0,NORMAL,False,
4.09.2026,4,Cuma,10820807680,01097,01097,ZEHRA ONUK,ÜRETİM,HALİL DİĞRENCİ,08:05,17:34,08:00,17:34,"08:05, 17:34",9.48,1.5,8.0,7.5,0.5,0.0,8.0,NORMAL,False,
4.09.2026,4,Cuma,28729335166,00936,00936,ZELİHA KEİREMETÇİ,BALIK TEMİZLEME,GÜVEN MUSTAFAKEMALPAŞA,07:51,17:40,08:00,17:40,"07:51, 17:40",9.82,1.5,8.0,7.5,0.5,0.0,8.0,NORMAL,False,
4.09.2026,4,Cuma,24289352612,00244,00244,ZEYNEP KARAMAN,BALIK TEMİZLEME,BALIKESİR,07:47,17:31,08:00,17:31,"07:47, 17:31",9.73,1.5,8.0,7.5,0.5,0.0,8.0,NORMAL,False,
4.09.2026,4,Cuma,33742169780,00246,00246,ZEYNEP KURT,BALIK DOLUM,MKP,09:45,19:05,09:30,19:05,"09:45, 19:05",9.33,1.5,8.0,6.0,4.0,2.0,10.0,BÖLÜM_PRİMLİ,False,"Balık Dolum ve Kesim Primi: Fiili 8,0s -> Bonuslu 10,0s (+2,0s Prim)"
4.09.2026,4,Cuma,22498412394,00765,00765,ZEYNEP ONBAŞI,YEMEKHANE,BALIKESİR,07:48,17:30,08:00,17:30,"07:48, 17:30",9.7,1.5,8.0,7.5,0.5,0.0,8.0,NORMAL,False,
4.09.2026,4,Cuma,22319750032,00782,00782,ÇİDEM FİDAN,BALIK TEMİZLEME,BANDIRMA,07:40,17:39,08:00,17:39,"07:40, 17:39",9.98,1.5,8.0,7.5,0.5,0.0,8.0,NORMAL,False,
4.09.2026,4,Cuma,17749594400,00033,00033,ÇİSEM BÇAKIR,KALİTE,SUSURLUK,15:52,02:16,15:52,02:16,"15:52, 02:16",10.4,0.5,9.5,7.5,2.0,0.0,9.5,NORMAL,False,
4.09.2026,4,Cuma,33037193346,01349,01349,ÖMÜR SEPETÇİ,ÜRETİM,GÜVEN MUSTAFAKEMALPAŞA,07:52,17:32,08:00,17:32,"07:52, 17:32",9.67,1.5,8.0,7.5,0.5,0.0,8.0,NORMAL,False,
4.09.2026,4,Cuma,27235386938,00139,00139,ÖMÜRLÜ FERİK,KAZAN,MKP,07:43,17:40,08:00,17:40,"07:43, 17:40",9.95,1.5,8.0,7.5,0.5,0.0,8.0,NORMAL,False,
4.09.2026,4,Cuma,12268777280,00185,00185,ÜMMÜ AYDOĞAN,ÜRETİM,SUSURLUK TUR-REŞAT,07:33,19:13,08:00,19:13,"07:33, 19:13",11.67,1.5,9.5,7.5,2.0,0.0,9.5,NORMAL,False,
4.09.2026,4,Cuma,57541044000,01195,01195,ÜMMÜGÜLSÜM BAĞ,BALIK TEMİZLEME,KARACABEY,07:39,17:39,08:00,17:39,"07:39, 17:39",10.0,1.5,8.0,7.5,0.5,0.0,8.0,NORMAL,False,
4.09.2026,4,Cuma,10198947728,00410,00410,ÜMİT BATIN TÜRKAN,BAKIM,KARACABEY,07:58,19:37,08:00,19:37,"07:58, 19:37",11.65,1.5,10.0,7.5,2.5,0.0,10.0,NORMAL,False,
4.09.2026,4,Cuma,37075059770,01350,01350,ÜVEYS SEPETÇİ,ÜRETİM,GÜVEN MUSTAFAKEMALPAŞA,07:52,17:32,08:00,17:32,"07:52, 17:32",9.67,1.5,8.0,7.5,0.5,0.0,8.0,NORMAL,False,
4.09.2026,4,Cuma,29515203096,00092,00092,İBÜŞRAHİM YILDIRIM,MEYDAN,MKP,07:32,17:05,08:00,17:05,"07:32, 17:05",9.55,1.5,7.5,7.5,0.0,0.0,7.5,NORMAL,False,
4.09.2026,4,Cuma,42844787082,00783,00783,İSMAİL BARAK,BALIK KESİM,HALİL DİĞRENCİ,21:42,11:24,00:00,11:24,"21:42, 11:24",13.7,0.5,10.5,7.5,5.0,2.0,12.5,BÖLÜM_PRİMLİ,False,"Balık Dolum ve Kesim Primi: Fiili 10,5s -> Bonuslu 12,5s (+2,0s Prim)"
4.09.2026,4,Cuma,25060351046,00230,00230,İSMAİL İMİR,OTOKLAV OPERATÖRÜ,SUSURLUK,07:58,19:53,08:00,19:53,"07:58, 19:53",11.92,1.5,10.5,7.5,3.0,0.0,10.5,NORMAL,False,
4.09.2026,4,Cuma,13720827796,00176,00176,ŞADİ BAŞARICI,BAKIM,KARACABEY,07:49,08:52,08:00,08:52,"07:49, 18:56, 23:51, 08:52",1.05,0.0,1.0,1.0,0.0,0.0,1.0,ÇOKLU_BASIM_MIN_MAX,True,"Çoklu Basım: İlk Giriş 07:49, Son Çıkış 08:52 (1,0s)"
4.09.2026,4,Cuma,38233180558,00178,00178,ŞAKİR KARAKAŞ,AMBAR,BANDIRMA,07:44,17:33,08:00,17:33,"07:44, 17:33",9.82,1.5,8.0,7.5,0.5,0.0,8.0,NORMAL,False,
4.09.2026,4,Cuma,25192322242,00179,00179,ŞAYİKA KOPARAN,AMBAR,BİGADİÇ,07:37,17:07,08:00,17:07,"07:37, 17:07",9.5,1.5,7.5,7.5,0.0,0.0,7.5,NORMAL,False,
4.09.2026,4,Cuma,38240191356,01161,01161,ŞENGÜL ALEMİN,ÜRETİM,HALİL DİĞRENCİ,-,16:04,08:00,16:04,16:04,8.07,0.5,7.5,7.5,0.0,0.0,7.5,GİRİŞ_YOK_AKŞAM,True,"Çıkış: 16:04 | Giriş Basılmadı (08:00 başı ile 7,5s korundu)"
5.09.2026,5,Cumartesi,,01297,01297,ADEM YILDIRIM,,GÜVEN MUSTAFAKEMALPAŞA,07:50,17:11,08:00,17:11,"07:50, 17:11",9.35,1.5,7.5,7.5,0.0,0.0,7.5,NORMAL,False,
5.09.2026,5,Cumartesi,18655664102,00011,00011,ADVİYE YARICI,BALIK TEMİZLEME,HALİL DİĞRENCİ,08:04,17:40,08:00,17:40,"08:04, 17:40",9.6,1.5,8.0,7.5,0.5,0.0,8.0,NORMAL,False,
5.09.2026,5,Cumartesi,44626409038,01113,01113,AHMET ALİ TÜRKMEN,ÜRETİM,BİGADİÇ,15:51,00:11,15:51,00:11,"15:51, 00:11",8.33,0.5,7.5,7.5,0.0,0.0,7.5,NORMAL,False,
5.09.2026,5,Cumartesi,23527501454,00583,00583,AHMET BEYHAN,BAKIM,KARACABEY,07:49,20:10,08:00,20:10,"07:49, 20:10",12.35,1.5,10.5,7.5,3.0,0.0,10.5,NORMAL,False,
5.09.2026,5,Cumartesi,16510742668,01154,01154,AKİF TÜRKÇÜ,BALIK TEMİZLİK,MKP,-,17:33,08:00,17:33,17:33,9.55,1.5,8.0,7.5,0.5,0.0,8.0,GİRİŞ_YOK_AKŞAM,True,"Çıkış: 17:33 | Giriş Basılmadı (08:00 başı ile 8,0s korundu)"
5.09.2026,5,Cumartesi,13183506030,01102,01102,ALİ EŞREF AKIN,ÜRETİM,HALİL DİĞRENCİ,08:04,20:10,08:00,20:10,"08:04, 08:05, 20:10",12.1,1.5,10.5,7.5,3.0,0.0,10.5,ÇOKLU_BASIM_MIN_MAX,True,"Çoklu Basım: İlk Giriş 08:04, Son Çıkış 20:10 (10,5s)"
5.09.2026,5,Cumartesi,28336192374,00308,00308,ARZU KILA,AMBAR,BİGADİÇ,07:33,17:07,08:00,17:07,"07:33, 17:07",9.57,1.5,7.5,7.5,0.0,0.0,7.5,NORMAL,False,
5.09.2026,5,Cumartesi,12572550074,00209,00209,ASYA TİLKİ,BALIK TEMİZLEME,KARACABEY,07:41,17:39,08:00,17:39,"07:41, 17:39",9.97,1.5,8.0,7.5,0.5,0.0,8.0,NORMAL,False,
5.09.2026,5,Cumartesi,,01375,01375,ATAKAN KAVRAM,,HALİL DİĞRENCİ,08:05,17:11,08:00,17:11,"08:05, 17:11",9.1,1.5,7.5,7.5,0.0,0.0,7.5,NORMAL,False,
5.09.2026,5,Cumartesi,22426711476,00754,00754,AYNUR DEMİRCAN,BALIK TEMİZLEME,HALİL DİĞRENCİ,07:50,17:38,08:00,17:38,"07:50, 17:38",9.8,1.5,8.0,7.5,0.5,0.0,8.0,NORMAL,False,
5.09.2026,5,Cumartesi,13543834438,01145,01145,AYSEL ÇETİNTAŞ,ÜRETİM,HALİL DİĞRENCİ,08:04,20:11,08:00,20:11,"08:04, 20:11",12.12,1.5,10.5,7.5,3.0,0.0,10.5,NORMAL,False,
5.09.2026,5,Cumartesi,25567503092,00211,00211,AYÇA SEZER,KALİTE,BANDIRMA,17:31,09:22,17:30,09:22,"17:31, 09:22",15.85,0.5,15.0,6.0,9.0,0.0,15.0,NORMAL,False,
5.09.2026,5,Cumartesi,24280352994,00214,00214,AYŞE KARAMAN,BALIK TEMİZLEME,BALIKESİR,07:52,17:31,08:00,17:31,"07:52, 17:31",9.65,1.5,8.0,7.5,0.5,0.0,8.0,NORMAL,False,
5.09.2026,5,Cumartesi,33253033204,00021,00021,AYŞE KURT,ÜRETİM,BİGADİÇ,15:52,00:11,15:52,00:11,"15:52, 00:11",8.32,0.5,7.5,7.5,0.0,0.0,7.5,NORMAL,False,
5.09.2026,5,Cumartesi,34120156552,00215,00215,AYŞE YILMAZ,BALIK DOLUM,MKP,09:40,18:54,09:30,18:54,"09:40, 18:54",9.23,1.5,8.0,6.0,4.0,2.0,10.0,BÖLÜM_PRİMLİ,False,"Balık Dolum ve Kesim Primi: Fiili 8,0s -> Bonuslu 10,0s (+2,0s Prim)"
5.09.2026,5,Cumartesi,11284759850,00018,00018,AYŞE ÇENECİOĞLU,AMBAR,BİGADİÇ,07:33,17:15,08:00,17:15,"07:33, 17:15",9.7,1.5,7.5,7.5,0.0,0.0,7.5,NORMAL,False,
5.09.2026,5,Cumartesi,25610607388,01353,01353,BAHAR FİDAN,ÜRETİM,SÇEVİKAT ÇELİK,-,16:05,08:00,16:05,16:05,8.08,0.5,7.5,7.5,0.0,0.0,7.5,GİRİŞ_YOK_AKŞAM,True,"Çıkış: 16:05 | Giriş Basılmadı (08:00 başı ile 7,5s korundu)"
5.09.2026,5,Cumartesi,12496719380,01139,01139,BEDİA KAYMAZ,AMBAR,BİGADİÇ,07:33,17:23,08:00,17:23,"07:33, 17:23",9.83,1.5,7.5,7.5,0.0,0.0,7.5,NORMAL,False,
5.09.2026,5,Cumartesi,14725695762,00025,00025,BEHİCE YALMAN,BALIK DOLUM,GÖBEL,09:39,18:54,09:30,18:54,"09:39, 18:54",9.25,1.5,8.0,6.0,4.0,2.0,10.0,BÖLÜM_PRİMLİ,False,"Balık Dolum ve Kesim Primi: Fiili 8,0s -> Bonuslu 10,0s (+2,0s Prim)"
5.09.2026,5,Cumartesi,11206757414,00902,00902,BERK BERBER,ÇEVRE MÜHENDİSİ,BANDIRMA,09:02,17:27,09:00,17:27,"09:02, 17:27",8.42,1.5,7.0,6.5,0.5,0.0,7.0,NORMAL,False,
5.09.2026,5,Cumartesi,13741828666,01228,01228,BEYZA YAĞMUR HAN,ÜRETİM,HALİL DİĞRENCİ,00:03,-,00:03,17:00,00:03,7.5,1.5,7.5,7.5,0.0,0.0,7.5,ÇIKIŞ_YOK_SABAH,True,"Giriş: 00:03 | Çıkış Basılmadı (Tam Gün 7,5s yazıldı)"
5.09.2026,5,Cumartesi,10201948476,01170,01170,BUKET DÖNMEZ,KALİTE,HALİL DİĞRENCİ,08:03,17:33,08:00,17:33,"08:03, 17:33",9.5,1.5,8.0,7.5,0.5,0.0,8.0,NORMAL,False,
5.09.2026,5,Cumartesi,33316051664,01339,01339,BİLGİNUR SÜMER,BALIK TEMİZLEME,BALIKESİR,07:54,17:34,08:00,17:34,"07:54, 17:34",9.67,1.5,8.0,7.5,0.5,0.0,8.0,NORMAL,False,
5.09.2026,5,Cumartesi,18844853416,01363,01363,CANER BALABAN,,HALİL DİĞRENCİ,16:05,00:04,16:00,00:04,"16:05, 00:04",7.98,0.5,7.5,7.5,0.0,0.0,7.5,NORMAL,False,
5.09.2026,5,Cumartesi,16933572286,00030,00030,CANSEVER ÇÇAKMAK,AMBAR,BİGADİÇ,07:33,17:18,08:00,17:18,"07:33, 17:18",9.75,1.5,7.5,7.5,0.0,0.0,7.5,NORMAL,False,
5.09.2026,5,Cumartesi,33154180038,00031,00031,CEMALETTİN BEDİZCİ,BAKIM,KARACABEY,07:45,18:36,08:00,18:36,"07:45, 18:36",10.85,1.5,9.0,7.5,1.5,0.0,9.0,NORMAL,False,
5.09.2026,5,Cumartesi,23083367440,00320,00320,CEYDA ÖZ,KALİTE,BİGADİÇ,15:52,23:58,15:52,23:58,"15:52, 23:58",8.1,0.5,7.5,7.5,0.0,0.0,7.5,NORMAL,False,
5.09.2026,5,Cumartesi,16699736366,01330,01330,CEYLAN BATAN,BALIK TEMİZLEME,GÜVEN MUSTAFAKEMALPAŞA,07:52,17:43,08:00,17:43,"07:52, 17:43",9.85,1.5,8.0,7.5,0.5,0.0,8.0,NORMAL,False,
5.09.2026,5,Cumartesi,19313787324,00943,00943,CİHAN YILMAZ,BALIK,HALİL DİĞRENCİ,07:51,20:10,08:00,20:10,"07:51, 20:10",12.32,1.5,10.5,7.5,3.0,0.0,10.5,NORMAL,False,
5.09.2026,5,Cumartesi,22634353154,01083,01083,DAİMİLA GÖKÇE,ÜRETİM,HALİL DİĞRENCİ,08:03,20:11,08:00,20:11,"08:03, 20:11",12.13,1.5,10.5,7.5,3.0,0.0,10.5,NORMAL,False,
5.09.2026,5,Cumartesi,37525041782,00218,00218,DERYA SEVİNÇ,FORMEN,MKP,07:41,17:40,08:00,17:40,"07:41, 17:40",9.98,1.5,8.0,7.5,0.5,0.0,8.0,NORMAL,False,
5.09.2026,5,Cumartesi,24961035246,01098,01098,DUDU ÖRENGÜL,KALİTE,GÜVEN MUSTAFAKEMALPAŞA,07:50,17:33,08:00,17:33,"07:50, 17:33",9.72,1.5,8.0,7.5,0.5,0.0,8.0,NORMAL,False,
5.09.2026,5,Cumartesi,99848635024,00283,00283,DUHA EL MUFADDİ,BALIK TEMİZLEME,MKP,07:42,17:40,08:00,17:40,"07:42, 17:40",9.97,1.5,8.0,7.5,0.5,0.0,8.0,NORMAL,False,
5.09.2026,5,Cumartesi,17329708456,01285,01285,DİLEK ÇEKİN,BALIK TEMİZLEME,GÜVEN TURİZM,07:34,17:40,08:00,17:40,"07:34, 17:40",10.1,1.5,8.0,7.5,0.5,0.0,8.0,NORMAL,False,
5.09.2026,5,Cumartesi,10456937386,01362,01362,DİLEK ÇETİN,,HALİL DİĞRENCİ,08:04,20:11,08:00,20:11,"08:04, 20:11",12.12,1.5,10.5,7.5,3.0,0.0,10.5,NORMAL,False,
5.09.2026,5,Cumartesi,12562741222,00872,00872,EBRU ÖÖZALP,BALIK TEMİZLEME,BALIKESİR,07:54,17:35,08:00,17:35,"07:54, 17:35",9.68,1.5,8.0,7.5,0.5,0.0,8.0,NORMAL,False,
5.09.2026,5,Cumartesi,29563469352,00563,00563,EDİP EKİNCİ,KAZAN,SUSURLUK,-,17:13,08:00,17:13,17:13,9.22,1.5,7.5,7.5,0.0,0.0,7.5,GİRİŞ_YOK_AKŞAM,True,"Çıkış: 17:13 | Giriş Basılmadı (08:00 başı ile 7,5s korundu)"
5.09.2026,5,Cumartesi,10066843626,00374,00374,EFE EVİM,AMBAR,BİGADİÇ,07:34,17:23,08:00,17:23,"07:34, 17:23",9.82,1.5,7.5,7.5,0.0,0.0,7.5,NORMAL,False,
5.09.2026,5,Cumartesi,14266711334,00037,00037,EFRAİM DUMAN,AMBAR,SUSURLUK,19:50,07:58,19:30,07:58,"19:50, 07:58",12.13,0.5,12.0,4.0,8.0,0.0,12.0,NORMAL,False,
5.09.2026,5,Cumartesi,20036722080,00039,00039,ELMAS OMAY,AMBAR,BALIKESİR,07:53,17:32,08:00,17:32,"07:53, 17:32",9.65,1.5,8.0,7.5,0.5,0.0,8.0,NORMAL,False,
5.09.2026,5,Cumartesi,20266511430,00002,00002,ELİF YAVAŞ,MUHASEBE,SUSURLUK,09:13,16:58,09:00,16:58,"09:13, 16:58",7.75,1.5,6.5,6.5,0.0,0.0,6.5,NORMAL,False,
5.09.2026,5,Cumartesi,31009103096,00204,00204,EMEL SANAN,AMBAR,BİGADİÇ,07:34,17:23,08:00,17:23,"07:34, 17:23",9.82,1.5,7.5,7.5,0.0,0.0,7.5,NORMAL,False,
5.09.2026,5,Cumartesi,12523718256,00043,00043,EMİNE BAYER,AMBAR,BİGADİÇ,07:33,17:05,08:00,17:05,"07:33, 17:05",9.53,1.5,7.5,7.5,0.0,0.0,7.5,NORMAL,False,
5.09.2026,5,Cumartesi,16111749134,01300,01300,EMİNE KARAMAN,BALIK TEMİZLEME,HALİL DİĞRENCİ,08:04,17:38,08:00,17:38,"08:04, 17:38",9.57,1.5,8.0,7.5,0.5,0.0,8.0,NORMAL,False,
5.09.2026,5,Cumartesi,12379749978,00197,00197,EMİNE SARI,YEMEKHANE,BALIKESİR,07:53,17:11,08:00,17:11,"07:53, 17:11",9.3,1.5,7.5,7.5,0.0,0.0,7.5,NORMAL,False,
5.09.2026,5,Cumartesi,45328882280,00859,00859,EMİNE YAVUZ,BALIK TEMİZLEME,GÜVEN TURİZM,07:34,17:40,08:00,17:40,"07:34, 17:40",10.1,1.5,8.0,7.5,0.5,0.0,8.0,NORMAL,False,
5.09.2026,5,Cumartesi,20503503198,00045,00045,EMİNE ÇAPAR,YEMEKHANE,GÖBEL,18:38,03:50,18:30,03:50,"18:38, 03:50",9.2,0.5,9.0,5.0,4.0,0.0,9.0,NORMAL,False,
5.09.2026,5,Cumartesi,10036852948,00046,00046,EMİRHAN MUTLU,BAKIM,GÖBEL,08:09,17:18,08:00,17:18,"08:09, 17:18",9.15,1.5,7.5,7.5,0.0,0.0,7.5,NORMAL,False,
5.09.2026,5,Cumartesi,29470204244,00007,00007,ENDER BİLBAY,KAPI GÖREVLİSİ,GÖBEL,15:41,23:54,15:41,23:54,"15:41, 23:54",8.22,0.5,7.5,7.5,0.0,0.0,7.5,NORMAL,False,
5.09.2026,5,Cumartesi,98284188514,00293,00293,ENES ABDE,BALIK TEMİZLEME,MKP,07:42,17:40,08:00,17:40,"07:42, 17:40",9.97,1.5,8.0,7.5,0.5,0.0,8.0,NORMAL,False,
5.09.2026,5,Cumartesi,34795126850,01351,01351,ERCAN POLAT,BİLGİSAYAR MÜHENDİSİ,KARACABEY,07:41,17:40,08:00,17:40,"07:41, 17:40",9.98,1.5,8.0,7.5,0.5,0.0,8.0,NORMAL,False,
5.09.2026,5,Cumartesi,35581001238,00481,00481,ERCÜMENT AYGÜL,AMBAR,SUSURLUK,08:15,19:58,08:00,19:58,"08:15, 19:58",11.72,1.5,10.5,7.5,3.0,0.0,10.5,NORMAL,False,
5.09.2026,5,Cumartesi,23131415628,00047,00047,ERDİN TETİK,MEYDAN,SUSURLUK,23:45,08:00,00:00,08:00,"23:45, 08:00",8.25,0.5,7.5,7.5,0.0,0.0,7.5,NORMAL,False,
5.09.2026,5,Cumartesi,22260441248,00198,00198,ERSİN ESER,BAKIM,GÖBEL,08:07,16:10,08:00,16:10,"08:07, 16:10",8.05,0.5,7.5,7.5,0.0,0.0,7.5,NORMAL,False,
5.09.2026,5,Cumartesi,32372355358,01081,01081,ESMER BİÇER,ÜRETİM,HALİL DİĞRENCİ,08:03,20:11,08:00,20:11,"08:03, 20:11",12.13,1.5,10.5,7.5,3.0,0.0,10.5,NORMAL,False,
5.09.2026,5,Cumartesi,10177848602,00381,00381,EYÜP EKİNCİ,ELEKTRİK,SUSURLUK,07:54,17:04,08:00,17:04,"07:54, 17:04",9.17,1.5,7.5,7.5,0.0,0.0,7.5,NORMAL,False,
5.09.2026,5,Cumartesi,35183294274,00926,00926,FATMA DEMİRER,BALIK TEMİZLEME,GÜVEN MUSTAFAKEMALPAŞA,07:51,17:37,08:00,17:37,"07:51, 17:37",9.77,1.5,8.0,7.5,0.5,0.0,8.0,NORMAL,False,
5.09.2026,5,Cumartesi,32986036254,00056,00056,FATMA ÇAM,ÜRETİM,BİGADİÇ,15:51,00:04,15:51,00:04,"15:51, 00:04",8.22,0.5,7.5,7.5,0.0,0.0,7.5,NORMAL,False,
5.09.2026,5,Cumartesi,31594082608,00057,00057,FATMA ÖZÇAM,ÜRETİM,BİGADİÇ,15:51,00:04,15:51,00:04,"15:51, 00:04",8.22,0.5,7.5,7.5,0.0,0.0,7.5,NORMAL,False,
5.09.2026,5,Cumartesi,11890896888,00223,00223,FATMAGÜL ÇEKİ,BALIK DOLUM,MKP,09:39,18:54,09:30,18:54,"09:39, 18:54",9.25,1.5,8.0,6.0,4.0,2.0,10.0,BÖLÜM_PRİMLİ,False,"Balık Dolum ve Kesim Primi: Fiili 8,0s -> Bonuslu 10,0s (+2,0s Prim)"
5.09.2026,5,Cumartesi,21898406446,01065,01065,FERUDUN BAKAN,ÜRETİM,BİGADİÇ,15:51,00:10,15:51,00:10,"15:51, 00:10",8.32,0.5,7.5,7.5,0.0,0.0,7.5,NORMAL,False,
5.09.2026,5,Cumartesi,31933222184,00224,00224,FEVZİYE EREL,BALIK TEMİZLEME,HALİL DİĞRENCİ,08:04,17:33,08:00,17:33,"08:04, 17:33",9.48,1.5,8.0,7.5,0.5,0.0,8.0,NORMAL,False,
5.09.2026,5,Cumartesi,33739783340,00739,00739,GURBET DUMAN,BALIK TEMİZLEME,HALİL DİĞRENCİ,08:05,17:38,08:00,17:38,"08:05, 17:38",9.55,1.5,8.0,7.5,0.5,0.0,8.0,NORMAL,False,
5.09.2026,5,Cumartesi,24541318660,00065,00065,GÜLCAN BİLGİÇ,AMBAR,BİGADİÇ,07:34,17:05,08:00,17:05,"07:34, 17:05",9.52,1.5,7.5,7.5,0.0,0.0,7.5,NORMAL,False,
5.09.2026,5,Cumartesi,33211034366,00225,00225,GÜLER ÇAPKIN,BALIK TEMİZLEME,KARACABEY,07:41,17:38,08:00,17:38,"07:41, 17:38",9.95,1.5,8.0,7.5,0.5,0.0,8.0,NORMAL,False,
5.09.2026,5,Cumartesi,15041774032,00882,00882,GÜLPERİ KALENDER,BALIK TEMİZLEME,BANDIRMA,07:42,17:39,08:00,17:39,"07:42, 17:39",9.95,1.5,8.0,7.5,0.5,0.0,8.0,NORMAL,False,
5.09.2026,5,Cumartesi,53689106020,00073,00073,GÜLSÜM GÖRGÜLÜ,AMBAR,BİGADİÇ,07:34,17:04,08:00,17:04,"07:34, 17:04",9.5,1.5,7.5,7.5,0.0,0.0,7.5,NORMAL,False,
5.09.2026,5,Cumartesi,45184908278,00226,00226,GÜLTEN DURMAZ,BALIK DOLUM,GÖBEL,09:40,18:54,09:30,18:54,"09:40, 18:54",9.23,1.5,8.0,6.0,4.0,2.0,10.0,BÖLÜM_PRİMLİ,False,"Balık Dolum ve Kesim Primi: Fiili 8,0s -> Bonuslu 10,0s (+2,0s Prim)"
5.09.2026,5,Cumartesi,10996768938,00071,00071,GÜLTEN GİDER,AMBAR,BİGADİÇ,07:34,17:18,08:00,17:18,"07:34, 17:18",9.73,1.5,7.5,7.5,0.0,0.0,7.5,NORMAL,False,
5.09.2026,5,Cumartesi,11257940650,01202,01202,GÜLŞEN YAĞMUR YÜKSEL,ÜRETİM,GÜVEN MUSTAFAKEMALPAŞA,07:53,20:10,08:00,20:10,"07:53, 20:10",12.28,1.5,10.5,7.5,3.0,0.0,10.5,NORMAL,False,
5.09.2026,5,Cumartesi,22639531168,01078,01078,HAFİZE AVCIOĞLU,BALIK TEMİZLEME,GÜVEN TURİZM,07:34,17:36,08:00,17:36,"07:34, 17:36",10.03,1.5,8.0,7.5,0.5,0.0,8.0,NORMAL,False,
5.09.2026,5,Cumartesi,,01372,01372,HAMİDE DURAK,,SÇEVİKAT ÇELİK,08:05,17:10,08:00,17:10,"08:05, 17:10",9.08,1.5,7.5,7.5,0.0,0.0,7.5,NORMAL,False,
5.09.2026,5,Cumartesi,13708835836,01159,01159,HAMİT GİRGİN,BALIK TEMİZLEME,GÜVEN MUSTAFAKEMALPAŞA,09:40,18:53,09:30,18:53,"09:40, 18:53",9.22,1.5,8.0,6.0,2.0,0.0,8.0,NORMAL,False,
5.09.2026,5,Cumartesi,20290485820,01060,01060,HANİFE YILDIRIM,BALIK TEMİZLEME,BALIKESİR,07:52,17:32,08:00,17:32,"07:52, 17:32",9.67,1.5,8.0,7.5,0.5,0.0,8.0,NORMAL,False,
5.09.2026,5,Cumartesi,14779989510,00080,00080,HARUN YAHYA DURSUN,BALIK DOLUM,GÖBEL,10:08,20:08,10:00,20:08,"10:08, 20:08",10.0,1.5,8.5,5.5,5.0,2.0,10.5,BÖLÜM_PRİMLİ,False,"Balık Dolum ve Kesim Primi: Fiili 8,5s -> Bonuslu 10,5s (+2,0s Prim)"
5.09.2026,5,Cumartesi,45823635220,01148,01148,HATİCE GÖLBAŞ,ÜRETİM,HALİL DİĞRENCİ,08:05,20:11,08:00,20:11,"08:05, 20:11",12.1,1.5,10.5,7.5,3.0,0.0,10.5,NORMAL,False,
5.09.2026,5,Cumartesi,31324091924,00084,00084,HATİCE KURT,ÜRETİM,BİGADİÇ,15:51,00:05,15:51,00:05,"15:51, 00:05",8.23,0.5,7.5,7.5,0.0,0.0,7.5,NORMAL,False,
5.09.2026,5,Cumartesi,10817807990,01096,01096,HATİCE ONUK,ÜRETİM,HALİL DİĞRENCİ,08:03,17:11,08:00,17:11,"08:03, 17:11",9.13,1.5,7.5,7.5,0.0,0.0,7.5,NORMAL,False,
5.09.2026,5,Cumartesi,33850041688,00577,00577,HATİCE SAVAŞÇI,BALIK TEMİZLEME,BALIKESİR,07:54,17:33,08:00,17:33,"07:54, 17:33",9.65,1.5,8.0,7.5,0.5,0.0,8.0,NORMAL,False,
5.09.2026,5,Cumartesi,26002427744,00227,00227,HAVVA ALPER,BALIK DOLUM,MKP,09:39,18:54,09:30,18:54,"09:39, 18:54",9.25,1.5,8.0,6.0,4.0,2.0,10.0,BÖLÜM_PRİMLİ,False,"Balık Dolum ve Kesim Primi: Fiili 8,0s -> Bonuslu 10,0s (+2,0s Prim)"
5.09.2026,5,Cumartesi,26653281238,00228,00228,HAVVA BAYRAM,BALIK TEMİZLEME,BALIKESİR,07:53,17:32,08:00,17:32,"07:53, 17:32",9.65,1.5,8.0,7.5,0.5,0.0,8.0,NORMAL,False,
5.09.2026,5,Cumartesi,30367150308,00852,00852,HAYRULLAH TOPRAK,AMBAR,GÜVEN TURİZM,07:39,17:32,08:00,17:32,"07:39, 17:32",9.88,1.5,8.0,7.5,0.5,0.0,8.0,NORMAL,False,
5.09.2026,5,Cumartesi,11284916406,01143,01143,HÜLYA TANIŞ,BALIK TEMİZLEME,GÜVEN MUSTAFAKEMALPAŞA,07:51,17:33,08:00,17:33,"07:51, 17:33",9.7,1.5,8.0,7.5,0.5,0.0,8.0,NORMAL,False,
5.09.2026,5,Cumartesi,33289026430,00480,00480,HÜLYA TOPAL,AMBAR,BİGADİÇ,07:33,17:23,08:00,17:23,"07:33, 17:23",9.83,1.5,7.5,7.5,0.0,0.0,7.5,NORMAL,False,
5.09.2026,5,Cumartesi,30856107820,00091,00091,HÜLYA ÜÜNAL,AMBAR,BİGADİÇ,07:34,17:23,08:00,17:23,"07:34, 17:23",9.82,1.5,7.5,7.5,0.0,0.0,7.5,NORMAL,False,
5.09.2026,5,Cumartesi,49981303052,00093,00093,KADİR AZAR,AMBAR,KARACABEY,07:40,21:28,08:00,21:28,"07:40, 21:28",13.8,1.5,12.0,7.5,4.5,0.0,12.0,NORMAL,False,
5.09.2026,5,Cumartesi,27448226656,00095,00095,KAMİLE DAĞDÇELEN,AMBAR,BİGADİÇ,07:34,17:23,08:00,17:23,"07:34, 17:23",9.82,1.5,7.5,7.5,0.0,0.0,7.5,NORMAL,False,
5.09.2026,5,Cumartesi,33067084584,00097,00097,KEMAL DURMUŞ,İŞLETME,SUSURLUK,19:50,07:58,19:30,07:58,"19:50, 07:58",12.13,0.5,12.0,4.0,8.0,0.0,12.0,NORMAL,False,
5.09.2026,5,Cumartesi,37573316870,01220,01220,KEZİBAN ARAS,ÜRETİM,SÇEVİKAT ÇELİK,16:05,00:06,16:00,00:06,"16:05, 00:06",8.02,0.5,7.5,7.5,0.0,0.0,7.5,NORMAL,False,
5.09.2026,5,Cumartesi,33397029286,01327,01327,KÜBÜŞRA ALTAY,SATIN ALMA,BANDIRMA,07:41,16:59,08:00,16:59,"07:41, 16:59",9.3,1.5,7.5,7.5,0.0,0.0,7.5,NORMAL,False,
5.09.2026,5,Cumartesi,25657430024,00199,00199,KÜRŞAT TÜRKAN,BAKIM,KARACABEY,07:50,17:29,08:00,17:29,"07:50, 17:29",9.65,1.5,8.0,7.5,0.5,0.0,8.0,NORMAL,False,
5.09.2026,5,Cumartesi,20458603738,00528,00528,MAHMURE ESEN,BALIK TEMİZLEME,HALİL DİĞRENCİ,07:50,17:40,08:00,17:40,"07:50, 17:40",9.83,1.5,8.0,7.5,0.5,0.0,8.0,NORMAL,False,
5.09.2026,5,Cumartesi,29749160806,00104,00104,MAHİR HİLMİ ULUKÖK,YENİ BALIK HATTI,SUSURLUK,08:05,17:08,08:00,17:08,"08:05, 17:08",9.05,1.5,7.5,7.5,0.0,0.0,7.5,NORMAL,False,
5.09.2026,5,Cumartesi,61984174392,01070,01070,MESERRET DAĞ,ÜRETİM,SÇEVİKAT ÇELİK,16:05,00:06,16:00,00:06,"16:05, 00:06",8.02,0.5,7.5,7.5,0.0,0.0,7.5,NORMAL,False,
5.09.2026,5,Cumartesi,28027546004,00112,00112,MESUT ERDEL,BAKIM,SUSURLUK,09:14,17:29,09:00,17:29,"09:14, 17:29",8.25,1.5,7.0,6.5,0.5,0.0,7.0,NORMAL,False,
5.09.2026,5,Cumartesi,99248627704,00005,00005,MHD BASSEL ALZALEK,ELEKTRİK,SUSURLUK,07:59,08:00,07:59,08:00,"07:59, 08:00",0.05,0.0,7.5,7.5,0.0,0.0,7.5,NORMAL,False,
5.09.2026,5,Cumartesi,99347757876,00116,00116,MUHAMMED SAMİH SERHAN,AMBAR,GÖBEL,23:19,07:55,00:00,07:55,"23:19, 07:55",8.6,0.5,7.5,7.5,0.0,0.0,7.5,NORMAL,False,
5.09.2026,5,Cumartesi,23329391024,00514,00514,MUKATDES KARAMANOĞLU,BALIK TEMİZLEME,BALIKESİR,07:54,17:33,08:00,17:33,"07:54, 17:33",9.65,1.5,8.0,7.5,0.5,0.0,8.0,NORMAL,False,
5.09.2026,5,Cumartesi,25621221832,00118,00118,MUSTAFA KAYA,İŞLETME,MKP,07:42,20:07,08:00,20:07,"07:42, 20:07",12.42,1.5,10.5,7.5,3.0,0.0,10.5,NORMAL,False,
5.09.2026,5,Cumartesi,,01373,01373,MUSTAFA KURT,,HALİL DİĞRENCİ,07:41,17:39,08:00,17:39,"07:41, 17:39",9.97,1.5,8.0,7.5,0.5,0.0,8.0,NORMAL,False,
5.09.2026,5,Cumartesi,21976553468,00234,00234,MÜCAHİT ÇOLAK,BALIK TEMİZLEME,KARACABEY,07:42,17:35,08:00,17:35,"07:42, 17:35",9.88,1.5,8.0,7.5,0.5,0.0,8.0,NORMAL,False,
5.09.2026,5,Cumartesi,31195265912,01056,01056,MÜRVET ÇAKAN,BALIK TEMİZLEME,HALİL DİĞRENCİ,08:05,17:36,08:00,17:36,"08:05, 17:36",9.52,1.5,8.0,7.5,0.5,0.0,8.0,NORMAL,False,
5.09.2026,5,Cumartesi,33124024560,00120,00120,MÜZEYYEN ERDİNÇ,BALIK TEMİZLEME,BALIKESİR,07:54,17:36,08:00,17:36,"07:54, 17:36",9.7,1.5,8.0,7.5,0.5,0.0,8.0,NORMAL,False,
5.09.2026,5,Cumartesi,12556753194,00235,00235,NACİYE KARABULUT,BALIK TEMİZLEME,BALIKESİR,07:53,17:33,08:00,17:33,"07:53, 17:33",9.67,1.5,8.0,7.5,0.5,0.0,8.0,NORMAL,False,
5.09.2026,5,Cumartesi,16324748870,01178,01178,NAZMİYE ÇELİK,BALIK TEMİZLEME,GÜVEN MUSTAFAKEMALPAŞA,07:52,17:43,08:00,17:43,"07:52, 17:43",9.85,1.5,8.0,7.5,0.5,0.0,8.0,NORMAL,False,
5.09.2026,5,Cumartesi,28510235804,00121,00121,NAİL AKSOY,ŞÖFÖR,SUSURLUK,23:45,08:02,00:00,08:02,"23:45, 08:02",8.28,0.5,7.5,7.5,0.0,0.0,7.5,NORMAL,False,
5.09.2026,5,Cumartesi,38710924712,00887,00887,NECLA ABİ,BALIK TEMİZLEME,GÜVEN TURİZM,07:34,17:40,08:00,17:40,"07:34, 17:40",10.1,1.5,8.0,7.5,0.5,0.0,8.0,NORMAL,False,
5.09.2026,5,Cumartesi,24031385950,00380,00380,NECMİ SEVER,MEYDAN,GÖBEL,07:48,17:12,08:00,17:12,"07:48, 17:12",9.4,1.5,7.5,7.5,0.0,0.0,7.5,NORMAL,False,
5.09.2026,5,Cumartesi,21991561554,00930,00930,NECMİYE ÜÜLKER,BALIK TEMİZLEME,GÜVEN MUSTAFAKEMALPAŞA,07:52,17:33,08:00,17:33,"07:52, 17:33",9.68,1.5,8.0,7.5,0.5,0.0,8.0,NORMAL,False,
5.09.2026,5,Cumartesi,54874132756,00974,00974,NECİFE BAĞ,BALIK TEMİZLEME,KARACABEY,07:42,17:39,08:00,17:39,"07:42, 17:39",9.95,1.5,8.0,7.5,0.5,0.0,8.0,NORMAL,False,
5.09.2026,5,Cumartesi,15842906410,01080,01080,NERMİN BİÇER,ÜRETİM,HALİL DİĞRENCİ,08:03,17:10,08:00,17:10,"08:03, 17:10",9.12,1.5,7.5,7.5,0.0,0.0,7.5,NORMAL,False,
5.09.2026,5,Cumartesi,14452686422,00371,00371,NESRİN GÜZEL,BALIK TEMİZLEME,BALIKESİR,07:53,17:31,08:00,17:31,"07:53, 17:31",9.63,1.5,8.0,7.5,0.5,0.0,8.0,NORMAL,False,
5.09.2026,5,Cumartesi,17902565544,00128,00128,NURAY AVCI,YEMEKHANE,BALIKESİR,07:54,17:31,08:00,17:31,"07:54, 17:31",9.62,1.5,8.0,7.5,0.5,0.0,8.0,NORMAL,False,
5.09.2026,5,Cumartesi,25970637896,00129,00129,NURAY ELİSÇIKIŞ,AMBAR,BALIKESİR,07:53,17:34,08:00,17:34,"07:53, 17:34",9.68,1.5,8.0,7.5,0.5,0.0,8.0,NORMAL,False,
5.09.2026,5,Cumartesi,38449011448,01040,01040,NURAY LAÇİN,ÜRETİM,GÜVEN MUSTAFAKEMALPAŞA,07:53,17:05,08:00,17:05,"07:53, 17:05",9.2,1.5,7.5,7.5,0.0,0.0,7.5,NORMAL,False,
5.09.2026,5,Cumartesi,21478446602,00236,00236,NURCAN EREN,BALIK TEMİZLEME,BALIKESİR,07:53,17:32,08:00,17:32,"07:53, 17:32",9.65,1.5,8.0,7.5,0.5,0.0,8.0,NORMAL,False,
5.09.2026,5,Cumartesi,15736612786,01352,01352,NURGÜL ADIGÜL,ÜRETİM,BİGADİÇ,15:51,00:10,15:51,00:10,"15:51, 00:10",8.32,0.5,7.5,7.5,0.0,0.0,7.5,NORMAL,False,
5.09.2026,5,Cumartesi,13318692676,01064,01064,NURGÜL PARLAS,ÜRETİM,BİGADİÇ,15:51,00:04,15:51,00:04,"15:51, 00:04",8.22,0.5,7.5,7.5,0.0,0.0,7.5,NORMAL,False,
5.09.2026,5,Cumartesi,22186447318,00137,00137,NURTEN CAN,ÜRETİM,SUSURLUK TUR-REŞAT,07:32,17:07,08:00,17:07,"07:32, 17:07",9.58,1.5,7.5,7.5,0.0,0.0,7.5,NORMAL,False,
5.09.2026,5,Cumartesi,13420739290,00003,00003,NURİ GÜLSER,KAPI GÖREVLİSİ,GÖBEL,07:48,15:52,08:00,15:52,"07:48, 15:52",8.07,0.5,7.5,7.5,0.0,0.0,7.5,NORMAL,False,
5.09.2026,5,Cumartesi,52996654668,00237,00237,NURİYE AKKUŞ,BALIK TEMİZLEME,BANDIRMA,07:42,17:39,08:00,17:39,"07:42, 17:39",9.95,1.5,8.0,7.5,0.5,0.0,8.0,NORMAL,False,
5.09.2026,5,Cumartesi,13189854302,00006,00006,OZAN BUĞA,BAKIM,MKP,16:09,21:35,16:00,21:35,"16:09, 21:35",5.43,0.5,5.0,5.0,0.0,0.0,5.0,NORMAL,False,
5.09.2026,5,Cumartesi,29677146866,00238,00238,RABİYE ÇENECİOĞLU,BALIK TEMİZLEME,BALIKESİR,07:54,17:32,08:00,17:32,"07:54, 17:32",9.63,1.5,8.0,7.5,0.5,0.0,8.0,NORMAL,False,
5.09.2026,5,Cumartesi,29359208356,00145,00145,RAMAZAN KÜÇÜKÇÇAKIR,ŞÖFÖR,SUSURLUK,07:53,16:57,08:00,16:57,"07:53, 16:57",9.07,1.5,7.5,7.5,0.0,0.0,7.5,NORMAL,False,
5.09.2026,5,Cumartesi,24022385860,01316,01316,RECEP İÇÖZ,MEYDAN,GÖBEL,07:48,16:56,08:00,16:56,"07:48, 16:56",9.13,1.5,7.5,7.5,0.0,0.0,7.5,NORMAL,False,
5.09.2026,5,Cumartesi,28108249688,00146,00146,RIDVAN DEMİRDAK,ŞÖFÖR,GÖBEL,16:29,23:47,16:30,23:47,"07:49, 16:29, 23:45, 23:47",7.3,0.5,7.0,7.0,0.0,0.0,7.0,ÇOKLU_BASIM_MIN_MAX,True,"Çoklu Basım: İlk Giriş 16:29, Son Çıkış 23:47 (7,0s)"
5.09.2026,5,Cumartesi,17335367982,01021,01021,SABİHA AKIN,ÜRETİM,HALİL DİĞRENCİ,08:04,20:11,08:00,20:11,"08:04, 20:11",12.12,1.5,10.5,7.5,3.0,0.0,10.5,NORMAL,False,
5.09.2026,5,Cumartesi,33640164108,01130,01130,SAMET YUMİTKEN,ÜRETİM,HALİL DİĞRENCİ,08:04,20:12,08:00,20:12,"08:04, 20:12",12.13,1.5,10.5,7.5,3.0,0.0,10.5,NORMAL,False,
5.09.2026,5,Cumartesi,30373124058,00149,00149,SANİYE CEYLAN,AMBAR,BİGADİÇ,07:34,17:05,08:00,17:05,"07:34, 17:05",9.52,1.5,7.5,7.5,0.0,0.0,7.5,NORMAL,False,
5.09.2026,5,Cumartesi,14164714154,00150,00150,SARA EROĞLU,AMBAR,BALIKESİR,07:53,17:24,08:00,17:24,"07:53, 17:24",9.52,1.5,7.5,7.5,0.0,0.0,7.5,NORMAL,False,
5.09.2026,5,Cumartesi,24178356332,00153,00153,SEHER ÖZDEN,YEMEKHANE,BALIKESİR,07:54,17:31,08:00,17:31,"07:54, 17:31",9.62,1.5,8.0,7.5,0.5,0.0,8.0,NORMAL,False,
5.09.2026,5,Cumartesi,11248811624,00009,00009,SELAHATTİN SÖĞÜT,ŞÖFÖR,GÖBEL,10:43,20:28,10:30,20:28,"10:43, 20:28",9.75,1.5,8.5,5.0,3.5,0.0,8.5,NORMAL,False,
5.09.2026,5,Cumartesi,19723478966,01069,01069,SELMA AYHAN,ÜRETİM,BİGADİÇ,15:51,00:04,15:51,00:04,"15:51, 00:04",8.22,0.5,7.5,7.5,0.0,0.0,7.5,NORMAL,False,
5.09.2026,5,Cumartesi,49369567458,00559,00559,SELMA TUNÇ,BALIK TEMİZLEME,BALIKESİR,07:52,17:33,08:00,17:33,"07:52, 17:33",9.68,1.5,8.0,7.5,0.5,0.0,8.0,NORMAL,False,
5.09.2026,5,Cumartesi,,01371,01371,SELİM KIRAY,,GÜVEN MUSTAFAKEMALPAŞA,07:51,20:11,08:00,20:11,"07:51, 20:11",12.33,1.5,10.5,7.5,3.0,0.0,10.5,NORMAL,False,
5.09.2026,5,Cumartesi,46825626414,00724,00724,SEMANUR GÜLIŞIK,FORMEN,KARACABEY,07:41,17:39,08:00,17:39,"07:41, 17:39",9.97,1.5,8.0,7.5,0.5,0.0,8.0,NORMAL,False,
5.09.2026,5,Cumartesi,24136488860,01007,01007,SEREN BURHAN,BALIK TEMİZLEME,GÜVEN MUSTAFAKEMALPAŞA,07:52,17:42,08:00,17:42,"07:52, 17:42",9.83,1.5,8.0,7.5,0.5,0.0,8.0,NORMAL,False,
5.09.2026,5,Cumartesi,13696829374,01361,01361,SERPİL İİPEK,,HALİL DİĞRENCİ,08:05,17:10,08:00,17:10,"08:05, 17:10",9.08,1.5,7.5,7.5,0.0,0.0,7.5,NORMAL,False,
5.09.2026,5,Cumartesi,17611699134,00884,00884,SEVİLAY DÖNMEZ,BALIK TEMİZLEME,GÜVEN TURİZM,07:35,17:41,08:00,17:41,"07:35, 17:41",10.1,1.5,8.0,7.5,0.5,0.0,8.0,NORMAL,False,
5.09.2026,5,Cumartesi,15250777510,01063,01063,SEZAİ ÇELİK,BALIK,HALİL DİĞRENCİ,08:05,17:31,08:00,17:31,"08:05, 17:31",9.43,1.5,8.0,7.5,0.5,0.0,8.0,NORMAL,False,
5.09.2026,5,Cumartesi,01370,01370,01370,SEZGİN İRGÖREN,DİĞER,GÜVEN MUSTAFAKEMALPAŞA,07:31,16:56,08:00,16:56,"07:31, 16:56",9.42,1.5,7.5,7.5,0.0,0.0,7.5,NORMAL,False,
5.09.2026,5,Cumartesi,18847656960,00740,00740,SEÇİL ARIBOĞA,ÜRETİM,HALİL DİĞRENCİ,08:04,20:13,08:00,20:13,"08:04, 20:13",12.15,1.5,10.5,7.5,3.0,0.0,10.5,NORMAL,False,
5.09.2026,5,Cumartesi,55963096430,00240,00240,SULTAN BAĞ,BALIK TEMİZLEME,KARACABEY,07:42,17:39,08:00,17:39,"07:42, 17:39",9.95,1.5,8.0,7.5,0.5,0.0,8.0,NORMAL,False,
5.09.2026,5,Cumartesi,42014033940,01072,01072,SÇEVİKAT ÇELİK,ÜRETİM,SÇEVİKAT ÇELİK,-,16:07,08:00,16:07,16:07,8.12,0.5,7.5,7.5,0.0,0.0,7.5,GİRİŞ_YOK_AKŞAM,True,"Çıkış: 16:07 | Giriş Basılmadı (08:00 başı ile 7,5s korundu)"
5.09.2026,5,Cumartesi,10582783284,00170,00170,SİBEL ÇÇAKIR,ÜRETİM,BİGADİÇ,15:51,00:03,15:51,00:03,"15:51, 00:03",8.2,0.5,7.5,7.5,0.0,0.0,7.5,NORMAL,False,
5.09.2026,5,Cumartesi,29761139378,01038,01038,TALHA YAVAŞ,KALİTE,BANDIRMA,07:42,18:39,08:00,18:39,"07:42, 18:39",10.95,1.5,9.0,7.5,1.5,0.0,9.0,NORMAL,False,
5.09.2026,5,Cumartesi,10705928394,00976,00976,TAYFUN GÜNCÜ,BALIK TEMİZLEME,HALİL DİĞRENCİ,08:05,17:31,08:00,17:31,"08:05, 17:31",9.43,1.5,8.0,7.5,0.5,0.0,8.0,NORMAL,False,
5.09.2026,5,Cumartesi,13252843738,00243,00243,TAYFUN TIĞRAK,FORMEN,KARACABEY,07:45,18:36,08:00,18:36,"07:45, 18:36",10.85,1.5,9.0,7.5,1.5,0.0,9.0,NORMAL,False,
5.09.2026,5,Cumartesi,32938871292,00183,00183,TAYFUN ÇELİK,MEYDAN,MKP,07:42,20:12,08:00,20:12,"07:42, 20:12",12.5,1.5,10.5,7.5,3.0,0.0,10.5,NORMAL,False,
5.09.2026,5,Cumartesi,23077372900,01116,01116,VAHİDE YAŞAR,ÜRETİM,BİGADİÇ,15:52,00:04,15:52,00:04,"15:52, 00:04",8.2,0.5,7.5,7.5,0.0,0.0,7.5,NORMAL,False,
5.09.2026,5,Cumartesi,14701796544,00582,00582,YUSUF SAMAR,MUHASEBE,KARACABEY,07:41,17:11,08:00,17:11,"07:41, 17:11",9.5,1.5,7.5,7.5,0.0,0.0,7.5,NORMAL,False,
5.09.2026,5,Cumartesi,10528936408,01364,01364,YUSUF ÇETİN,,HALİL DİĞRENCİ,08:05,20:10,08:00,20:10,"08:05, 20:10",12.08,1.5,10.5,7.5,3.0,0.0,10.5,NORMAL,False,
5.09.2026,5,Cumartesi,31861120316,00191,00191,ZAHİDE GÜRBÜZ,BALIK TEMİZLEME,BALIKESİR,07:54,17:35,08:00,17:35,"07:54, 17:35",9.68,1.5,8.0,7.5,0.5,0.0,8.0,NORMAL,False,
5.09.2026,5,Cumartesi,27560597764,01048,01048,ZAHİDE HAĞİ,BALIK TEMİZLEME,HALİL DİĞRENCİ,08:05,17:39,08:00,17:39,"08:05, 17:39",9.57,1.5,8.0,7.5,0.5,0.0,8.0,NORMAL,False,
5.09.2026,5,Cumartesi,31552110794,00935,00935,ZAHİDE KALDEMİR,BALIK TEMİZLEME,GÜVEN MUSTAFAKEMALPAŞA,07:52,17:36,08:00,17:36,"07:52, 17:36",9.73,1.5,8.0,7.5,0.5,0.0,8.0,NORMAL,False,
5.09.2026,5,Cumartesi,22249543988,00192,00192,ZAHİDE NEDİRLİ,KALİTE,KARACABEY,07:41,17:40,08:00,17:40,"07:41, 17:40",9.98,1.5,8.0,7.5,0.5,0.0,8.0,NORMAL,False,
5.09.2026,5,Cumartesi,10820807680,01097,01097,ZEHRA ONUK,ÜRETİM,HALİL DİĞRENCİ,08:04,17:33,08:00,17:33,"08:04, 17:33",9.48,1.5,8.0,7.5,0.5,0.0,8.0,NORMAL,False,
5.09.2026,5,Cumartesi,28729335166,00936,00936,ZELİHA KEİREMETÇİ,BALIK TEMİZLEME,GÜVEN MUSTAFAKEMALPAŞA,07:51,17:39,08:00,17:39,"07:51, 17:39",9.8,1.5,8.0,7.5,0.5,0.0,8.0,NORMAL,False,
5.09.2026,5,Cumartesi,24289352612,00244,00244,ZEYNEP KARAMAN,BALIK TEMİZLEME,BALIKESİR,07:53,17:32,08:00,17:32,"07:53, 17:32",9.65,1.5,8.0,7.5,0.5,0.0,8.0,NORMAL,False,
5.09.2026,5,Cumartesi,33742169780,00246,00246,ZEYNEP KURT,BALIK DOLUM,MKP,09:39,18:54,09:30,18:54,"09:39, 18:54",9.25,1.5,8.0,6.0,4.0,2.0,10.0,BÖLÜM_PRİMLİ,False,"Balık Dolum ve Kesim Primi: Fiili 8,0s -> Bonuslu 10,0s (+2,0s Prim)"
5.09.2026,5,Cumartesi,22498412394,00765,00765,ZEYNEP ONBAŞI,YEMEKHANE,BALIKESİR,07:54,17:30,08:00,17:30,"07:54, 17:30",9.6,1.5,8.0,7.5,0.5,0.0,8.0,NORMAL,False,
5.09.2026,5,Cumartesi,22319750032,00782,00782,ÇİDEM FİDAN,BALIK TEMİZLEME,BANDIRMA,07:42,17:42,08:00,17:42,"07:42, 17:42",10.0,1.5,8.0,7.5,0.5,0.0,8.0,NORMAL,False,
5.09.2026,5,Cumartesi,17749594400,00033,00033,ÇİSEM BÇAKIR,KALİTE,SUSURLUK,15:41,23:51,15:41,23:51,"15:41, 23:51",8.17,0.5,7.5,7.5,0.0,0.0,7.5,NORMAL,False,
5.09.2026,5,Cumartesi,33037193346,01349,01349,ÖMÜR SEPETÇİ,ÜRETİM,GÜVEN MUSTAFAKEMALPAŞA,07:53,17:35,08:00,17:35,"07:53, 17:35",9.7,1.5,8.0,7.5,0.5,0.0,8.0,NORMAL,False,
5.09.2026,5,Cumartesi,27235386938,00139,00139,ÖMÜRLÜ FERİK,KAZAN,MKP,07:42,17:41,08:00,17:41,"07:42, 17:41",9.98,1.5,8.0,7.5,0.5,0.0,8.0,NORMAL,False,
5.09.2026,5,Cumartesi,12268777280,00185,00185,ÜMMÜ AYDOĞAN,ÜRETİM,SUSURLUK TUR-REŞAT,07:32,17:07,08:00,17:07,"07:32, 17:07",9.58,1.5,7.5,7.5,0.0,0.0,7.5,NORMAL,False,
5.09.2026,5,Cumartesi,57541044000,01195,01195,ÜMMÜGÜLSÜM BAĞ,BALIK TEMİZLEME,KARACABEY,07:42,17:39,08:00,17:39,"07:42, 17:39",9.95,1.5,8.0,7.5,0.5,0.0,8.0,NORMAL,False,
5.09.2026,5,Cumartesi,10198947728,00410,00410,ÜMİT BATIN TÜRKAN,BAKIM,KARACABEY,07:51,17:29,08:00,17:29,"07:51, 17:29",9.63,1.5,8.0,7.5,0.5,0.0,8.0,NORMAL,False,
5.09.2026,5,Cumartesi,37075059770,01350,01350,ÜVEYS SEPETÇİ,ÜRETİM,GÜVEN MUSTAFAKEMALPAŞA,07:53,17:36,08:00,17:36,"07:53, 17:36",9.72,1.5,8.0,7.5,0.5,0.0,8.0,NORMAL,False,
5.09.2026,5,Cumartesi,29515203096,00092,00092,İBÜŞRAHİM YILDIRIM,MEYDAN,MKP,07:42,16:56,08:00,16:56,"07:42, 16:56",9.23,1.5,7.5,7.5,0.0,0.0,7.5,NORMAL,False,
5.09.2026,5,Cumartesi,25060351046,00230,00230,İSMAİL İMİR,OTOKLAV OPERATÖRÜ,SUSURLUK,08:04,17:08,08:00,17:08,"08:04, 17:08",9.07,1.5,7.5,7.5,0.0,0.0,7.5,NORMAL,False,
5.09.2026,5,Cumartesi,38233180558,00178,00178,ŞAKİR KARAKAŞ,AMBAR,BANDIRMA,07:45,17:40,08:00,17:40,"07:45, 17:40",9.92,1.5,8.0,7.5,0.5,0.0,8.0,NORMAL,False,
5.09.2026,5,Cumartesi,25192322242,00179,00179,ŞAYİKA KOPARAN,AMBAR,BİGADİÇ,07:34,17:21,08:00,17:21,"07:34, 17:21",9.78,1.5,7.5,7.5,0.0,0.0,7.5,NORMAL,False,
6.09.2026,6,Pazar,23527501454,00583,00583,AHMET BEYHAN,BAKIM,KARACABEY,08:06,19:10,08:00,19:10,"08:06, 19:10",11.07,1.5,9.5,7.5,2.0,0.0,9.5,NORMAL,False,
6.09.2026,6,Pazar,18394573482,00208,00208,ANIL DEMİRTAŞ,KONSERVE ÜRETİM ELEMANI,GÖBEL,11:41,00:08,11:30,00:08,"11:41, 00:08",12.45,1.5,11.0,4.0,7.0,0.0,11.0,NORMAL,False,
6.09.2026,6,Pazar,29563469352,00563,00563,EDİP EKİNCİ,KAZAN,SUSURLUK,19:48,08:03,19:30,08:03,"19:48, 08:03",12.25,0.5,12.0,4.0,8.0,0.0,12.0,NORMAL,False,
6.09.2026,6,Pazar,20503503198,00045,00045,EMİNE ÇAPAR,YEMEKHANE,GÖBEL,19:08,00:08,19:00,00:08,"19:08, 00:08",5.0,0.5,4.5,4.5,0.0,0.0,4.5,NORMAL,False,
6.09.2026,6,Pazar,10036852948,00046,00046,EMİRHAN MUTLU,BAKIM,GÖBEL,08:13,17:59,08:00,17:59,"08:13, 17:59",9.77,1.5,8.5,7.5,1.0,0.0,8.5,NORMAL,False,
6.09.2026,6,Pazar,29470204244,00007,00007,ENDER BİLBAY,KAPI GÖREVLİSİ,GÖBEL,16:13,23:54,16:00,23:54,"16:13, 23:54",7.68,0.5,7.5,7.5,0.0,0.0,7.5,NORMAL,False,
6.09.2026,6,Pazar,11593899780,00773,00773,GÜRAY PALA,BALIK KESİM,HALİL DİĞRENCİ,12:33,01:27,12:33,01:27,"12:33, 01:27",12.9,0.5,9.0,7.5,3.5,2.0,11.0,BÖLÜM_PRİMLİ,False,"Balık Dolum ve Kesim Primi: Fiili 9,0s -> Bonuslu 11,0s (+2,0s Prim)"
6.09.2026,6,Pazar,25657430024,00199,00199,KÜRŞAT TÜRKAN,BAKIM,KARACABEY,08:06,19:10,08:00,19:10,"08:06, 19:10",11.07,1.5,9.5,7.5,2.0,0.0,9.5,NORMAL,False,
6.09.2026,6,Pazar,99959615564,00200,00200,MAHMOUD ALZALEK,ELEKTRİK,SUSURLUK,19:47,07:55,19:30,07:55,"19:47, 07:55",12.13,0.5,12.0,4.0,8.0,0.0,12.0,NORMAL,False,
6.09.2026,6,Pazar,29749160806,00104,00104,MAHİR HİLMİ ULUKÖK,YENİ BALIK HATTI,SUSURLUK,08:17,17:03,08:00,17:03,"08:17, 17:03",8.77,1.5,7.5,7.5,0.0,0.0,7.5,NORMAL,False,
6.09.2026,6,Pazar,28027546004,00112,00112,MESUT ERDEL,BAKIM,SUSURLUK,08:15,18:07,08:00,18:07,"08:15, 18:07",9.87,1.5,8.5,7.5,1.0,0.0,8.5,NORMAL,False,
6.09.2026,6,Pazar,99248627704,00005,00005,MHD BASSEL ALZALEK,ELEKTRİK,SUSURLUK,07:54,19:45,08:00,19:45,"07:54, 07:55, 19:45",11.85,1.5,10.0,7.5,2.5,0.0,10.0,ÇOKLU_BASIM_MIN_MAX,True,"Çoklu Basım: İlk Giriş 07:54, Son Çıkış 19:45 (10,0s)"
6.09.2026,6,Pazar,28510235804,00121,00121,NAİL AKSOY,ŞÖFÖR,SUSURLUK,23:43,-,23:43,08:00,23:43,7.5,0.5,7.5,7.5,0.0,0.0,7.5,GECE_TEK_BASIM,True,"Gece Basımı: 23:43 | Tek Basım (7,5s yazıldı)"
6.09.2026,6,Pazar,24031385950,00380,00380,NECMİ SEVER,MEYDAN,GÖBEL,07:45,16:59,08:00,16:59,"07:45, 16:59",9.23,1.5,7.5,7.5,0.0,0.0,7.5,NORMAL,False,
6.09.2026,6,Pazar,13420739290,00003,00003,NURİ GÜLSER,KAPI GÖREVLİSİ,GÖBEL,07:45,16:14,08:00,16:14,"07:45, 16:14",8.48,0.5,7.5,7.5,0.0,0.0,7.5,NORMAL,False,
6.09.2026,6,Pazar,24022385860,01316,01316,RECEP İÇÖZ,MEYDAN,GÖBEL,07:52,16:59,08:00,16:59,"07:52, 16:59",9.12,1.5,7.5,7.5,0.0,0.0,7.5,NORMAL,False,
6.09.2026,6,Pazar,28108249688,00146,00146,RIDVAN DEMİRDAK,ŞÖFÖR,GÖBEL,16:13,23:45,16:00,23:45,"16:13, 23:45",7.53,0.5,7.0,7.0,0.0,0.0,7.0,NORMAL,False,
6.09.2026,6,Pazar,34807027090,00536,00536,SABRİ ACAR,YENİ BALIK HATTI,SUSURLUK,23:55,08:04,00:00,08:04,"23:55, 08:04",8.15,0.5,7.5,7.5,0.0,0.0,7.5,NORMAL,False,
6.09.2026,6,Pazar,11248811624,00009,00009,SELAHATTİN SÖĞÜT,ŞÖFÖR,GÖBEL,07:46,17:16,08:00,17:16,"07:46, 17:16",9.5,1.5,7.5,7.5,0.0,0.0,7.5,NORMAL,False,
6.09.2026,6,Pazar,29200163070,01066,01066,SEZGİN YILDIRIM,ÜRETİM,BİGADİÇ,00:11,-,00:11,17:00,00:11,7.5,1.5,7.5,7.5,0.0,0.0,7.5,ÇIKIŞ_YOK_SABAH,True,"Giriş: 00:11 | Çıkış Basılmadı (Tam Gün 7,5s yazıldı)"
6.09.2026,6,Pazar,32938871292,00183,00183,TAYFUN ÇELİK,MEYDAN,MKP,09:13,20:01,09:00,20:01,"09:13, 20:01",10.8,1.5,9.5,6.5,3.0,0.0,9.5,NORMAL,False,
6.09.2026,6,Pazar,30925156292,00501,00501,TUNCAY METİN,KAPI GÖREVLİSİ,SUSURLUK,23:43,08:01,00:00,08:01,"23:43, 08:01",8.3,0.5,7.5,7.5,0.0,0.0,7.5,NORMAL,False,
6.09.2026,6,Pazar,27235386938,00139,00139,ÖMÜRLÜ FERİK,KAZAN,MKP,09:13,20:03,09:00,20:03,"09:13, 20:03",10.83,1.5,9.5,6.5,3.0,0.0,9.5,NORMAL,False,
6.09.2026,6,Pazar,10198947728,00410,00410,ÜMİT BATIN TÜRKAN,BAKIM,KARACABEY,08:07,19:10,08:00,19:10,"08:07, 19:10",11.05,1.5,9.5,7.5,2.0,0.0,9.5,NORMAL,False,
6.09.2026,6,Pazar,29515203096,00092,00092,İBÜŞRAHİM YILDIRIM,MEYDAN,MKP,07:32,19:53,08:00,19:53,"07:32, 19:53",12.35,1.5,10.5,7.5,3.0,0.0,10.5,NORMAL,False,
6.09.2026,6,Pazar,42844787082,00783,00783,İSMAİL BARAK,BALIK KESİM,HALİL DİĞRENCİ,12:33,01:27,12:33,01:27,"12:33, 01:27",12.9,0.5,9.0,7.5,3.5,2.0,11.0,BÖLÜM_PRİMLİ,False,"Balık Dolum ve Kesim Primi: Fiili 9,0s -> Bonuslu 11,0s (+2,0s Prim)"
7.09.2026,7,Pazartesi,20437654348,00206,00206,ADALET KALAYCI,BALIK TEMİZLEME,BANDIRMA,07:43,16:56,08:00,16:56,"07:43, 16:56",9.22,1.5,7.5,7.5,0.0,0.0,7.5,NORMAL,False,
7.09.2026,7,Pazartesi,18655664102,00011,00011,ADVİYE YARICI,BALIK TEMİZLEME,HALİL DİĞRENCİ,08:05,17:02,08:00,17:02,"08:05, 17:02",8.95,1.5,7.5,7.5,0.0,0.0,7.5,NORMAL,False,
7.09.2026,7,Pazartesi,44626409038,01113,01113,AHMET ALİ TÜRKMEN,ÜRETİM,BİGADİÇ,15:51,00:00,15:51,00:00,"15:51, 00:00",8.15,0.5,7.5,7.5,0.0,0.0,7.5,NORMAL,False,
7.09.2026,7,Pazartesi,23527501454,00583,00583,AHMET BEYHAN,BAKIM,KARACABEY,07:47,19:09,08:00,19:09,"07:47, 19:09",11.37,1.5,9.5,7.5,2.0,0.0,9.5,NORMAL,False,
7.09.2026,7,Pazartesi,28123249472,00207,00207,AHMET ŞŞENER,MEYDAN,SUSURLUK,07:28,13:51,08:00,13:51,"07:28, 13:51",6.38,1.5,4.5,4.5,0.0,0.0,4.5,NORMAL,False,
7.09.2026,7,Pazartesi,16510742668,01154,01154,AKİF TÜRKÇÜ,BALIK TEMİZLİK,MKP,-,17:44,08:00,17:44,17:44,9.73,1.5,8.0,7.5,0.5,0.0,8.0,GİRİŞ_YOK_AKŞAM,True,"Çıkış: 17:44 | Giriş Basılmadı (08:00 başı ile 8,0s korundu)"
7.09.2026,7,Pazartesi,13183506030,01102,01102,ALİ EŞREF AKIN,ÜRETİM,HALİL DİĞRENCİ,08:05,20:01,08:00,20:01,"08:05, 20:01",11.93,1.5,10.5,7.5,3.0,0.0,10.5,NORMAL,False,
7.09.2026,7,Pazartesi,18394573482,00208,00208,ANIL DEMİRTAŞ,KONSERVE ÜRETİM ELEMANI,GÖBEL,15:59,00:18,15:59,00:18,"15:59, 00:18",8.32,0.5,7.5,7.5,0.0,0.0,7.5,NORMAL,False,
7.09.2026,7,Pazartesi,99320980932,00247,00247,ANUD ELMEAŞİ,BALIK TEMİZLEME,GÜVEN TURİZM,07:35,17:02,08:00,17:02,"07:35, 17:02",9.45,1.5,7.5,7.5,0.0,0.0,7.5,NORMAL,False,
7.09.2026,7,Pazartesi,28033351500,01357,01357,ARZU ÖZTÜRK,BALIK TEMİZLEME,GÜVEN MUSTAFAKEMALPAŞA,07:53,17:06,08:00,17:06,"07:53, 17:06",9.22,1.5,7.5,7.5,0.0,0.0,7.5,NORMAL,False,
7.09.2026,7,Pazartesi,24709461474,00894,00894,ASLI BAYRAKTAR,BALIK DOLUM,GÜVEN TURİZM,07:35,17:02,08:00,17:02,"07:35, 10:30, 17:02",9.45,1.5,7.5,7.5,2.0,2.0,9.5,BÖLÜM_PRİMLİ,True,"Çoklu Basım: İlk Giriş 07:35, Son Çıkış 17:02 (7,5s) | Balık Dolum ve Kesim Primi: Fiili 7,5s -> Bonuslu 9,5s (+2,0s Prim)"
7.09.2026,7,Pazartesi,12572550074,00209,00209,ASYA TİLKİ,BALIK TEMİZLEME,KARACABEY,07:47,17:09,08:00,17:09,"07:47, 17:09",9.37,1.5,7.5,7.5,0.0,0.0,7.5,NORMAL,False,
7.09.2026,7,Pazartesi,,01375,01375,ATAKAN KAVRAM,,HALİL DİĞRENCİ,08:06,17:08,08:00,17:08,"08:06, 17:08",9.03,1.5,7.5,7.5,0.0,0.0,7.5,NORMAL,False,
7.09.2026,7,Pazartesi,22426711476,00754,00754,AYNUR DEMİRCAN,BALIK TEMİZLEME,HALİL DİĞRENCİ,07:50,17:05,08:00,17:05,"07:50, 17:05",9.25,1.5,7.5,7.5,0.0,0.0,7.5,NORMAL,False,
7.09.2026,7,Pazartesi,13543834438,01145,01145,AYSEL ÇETİNTAŞ,ÜRETİM,HALİL DİĞRENCİ,08:04,20:01,08:00,20:01,"08:04, 20:01",11.95,1.5,10.5,7.5,3.0,0.0,10.5,NORMAL,False,
7.09.2026,7,Pazartesi,25567503092,00211,00211,AYÇA SEZER,KALİTE,BANDIRMA,07:43,17:02,08:00,17:02,"07:43, 17:02",9.32,1.5,7.5,7.5,0.0,0.0,7.5,NORMAL,False,
7.09.2026,7,Pazartesi,24280352994,00214,00214,AYŞE KARAMAN,BALIK TEMİZLEME,BALIKESİR,07:49,17:00,08:00,17:00,"07:49, 17:00",9.18,1.5,7.5,7.5,0.0,0.0,7.5,NORMAL,False,
7.09.2026,7,Pazartesi,34120156552,00215,00215,AYŞE YILMAZ,BALIK DOLUM,MKP,09:46,17:03,09:30,17:03,"09:46, 17:03",7.28,1.5,6.0,6.0,2.0,2.0,8.0,BÖLÜM_PRİMLİ,False,"Balık Dolum ve Kesim Primi: Fiili 6,0s -> Bonuslu 8,0s (+2,0s Prim)"
7.09.2026,7,Pazartesi,11284759850,00018,00018,AYŞE ÇENECİOĞLU,AMBAR,BİGADİÇ,07:57,17:09,08:00,17:09,"07:57, 17:09",9.2,1.5,7.5,7.5,0.0,0.0,7.5,NORMAL,False,
7.09.2026,7,Pazartesi,25610607388,01353,01353,BAHAR FİDAN,ÜRETİM,SÇEVİKAT ÇELİK,19:49,08:00,19:30,08:00,"19:49, 08:00",12.18,0.5,12.0,4.0,12.0,4.0,16.0,BÖLÜM_PRİMLİ,False,"Üretim Primi: Fiili 12,0s -> Bonuslu 16,0s (+4,0s Prim)"
7.09.2026,7,Pazartesi,12496719380,01139,01139,BEDİA KAYMAZ,AMBAR,BİGADİÇ,07:57,17:22,08:00,17:22,"07:57, 17:22",9.42,1.5,7.5,7.5,0.0,0.0,7.5,NORMAL,False,
7.09.2026,7,Pazartesi,14725695762,00025,00025,BEHİCE YALMAN,BALIK DOLUM,GÖBEL,09:46,17:29,09:30,17:29,"09:46, 17:29",7.72,1.5,6.5,6.0,2.5,2.0,8.5,BÖLÜM_PRİMLİ,False,"Balık Dolum ve Kesim Primi: Fiili 6,5s -> Bonuslu 8,5s (+2,0s Prim)"
7.09.2026,7,Pazartesi,11206757414,00902,00902,BERK BERBER,ÇEVRE MÜHENDİSİ,BANDIRMA,08:55,18:28,09:00,18:28,"08:55, 18:28",9.55,1.5,8.0,6.5,1.5,0.0,8.0,NORMAL,False,
7.09.2026,7,Pazartesi,25297298992,00216,00216,BETÜL TUNÇ,BALIK TEMİZLEME,BANDIRMA,07:43,17:03,08:00,17:03,"07:43, 17:03",9.33,1.5,7.5,7.5,0.0,0.0,7.5,NORMAL,False,
7.09.2026,7,Pazartesi,10201948476,01170,01170,BUKET DÖNMEZ,KALİTE,HALİL DİĞRENCİ,08:04,17:10,08:00,17:10,"08:04, 17:10",9.1,1.5,7.5,7.5,0.0,0.0,7.5,NORMAL,False,
7.09.2026,7,Pazartesi,33316051664,01339,01339,BİLGİNUR SÜMER,BALIK TEMİZLEME,BALIKESİR,07:50,16:57,08:00,16:57,"07:50, 16:57",9.12,1.5,7.5,7.5,0.0,0.0,7.5,NORMAL,False,
7.09.2026,7,Pazartesi,11950763822,01348,01348,BİLGİYE TOPAL,BALIK TEMİZLEME,GÜVEN MUSTAFAKEMALPAŞA,07:53,17:06,08:00,17:06,"07:53, 17:06",9.22,1.5,7.5,7.5,0.0,0.0,7.5,NORMAL,False,
7.09.2026,7,Pazartesi,18844853416,01363,01363,CANER BALABAN,,HALİL DİĞRENCİ,19:53,08:05,20:00,08:05,"19:53, 08:05",12.2,0.5,11.5,3.5,8.0,0.0,11.5,NORMAL,False,
7.09.2026,7,Pazartesi,16933572286,00030,00030,CANSEVER ÇÇAKMAK,AMBAR,BİGADİÇ,07:57,17:09,08:00,17:09,"07:57, 17:09",9.2,1.5,7.5,7.5,0.0,0.0,7.5,NORMAL,False,
7.09.2026,7,Pazartesi,33154180038,00031,00031,CEMALETTİN BEDİZCİ,BAKIM,KARACABEY,07:44,17:01,08:00,17:01,"07:44, 17:01",9.28,1.5,7.5,7.5,0.0,0.0,7.5,NORMAL,False,
7.09.2026,7,Pazartesi,17488585028,00217,00217,CEMİLE KARAN,BALIK TEMİZLEME,BALIKESİR,07:50,17:03,08:00,17:03,"07:50, 17:03",9.22,1.5,7.5,7.5,0.0,0.0,7.5,NORMAL,False,
7.09.2026,7,Pazartesi,23083367440,00320,00320,CEYDA ÖZ,KALİTE,BİGADİÇ,15:52,00:01,15:52,00:01,"15:52, 00:01",8.15,0.5,7.5,7.5,0.0,0.0,7.5,NORMAL,False,
7.09.2026,7,Pazartesi,16699736366,01330,01330,CEYLAN BATAN,BALIK TEMİZLEME,GÜVEN MUSTAFAKEMALPAŞA,07:53,17:03,08:00,17:03,"07:53, 17:03",9.17,1.5,7.5,7.5,0.0,0.0,7.5,NORMAL,False,
7.09.2026,7,Pazartesi,19313787324,00943,00943,CİHAN YILMAZ,BALIK,HALİL DİĞRENCİ,07:50,17:17,08:00,17:17,"07:50, 17:17",9.45,1.5,7.5,7.5,0.0,0.0,7.5,NORMAL,False,
7.09.2026,7,Pazartesi,37525041782,00218,00218,DERYA SEVİNÇ,FORMEN,MKP,07:46,17:03,08:00,17:03,"07:46, 17:03",9.28,1.5,7.5,7.5,0.0,0.0,7.5,NORMAL,False,
7.09.2026,7,Pazartesi,24961035246,01098,01098,DUDU ÖRENGÜL,KALİTE,GÜVEN MUSTAFAKEMALPAŞA,10:10,17:16,10:00,17:16,"10:10, 17:16",7.1,1.5,5.5,5.5,0.0,0.0,5.5,NORMAL,False,
7.09.2026,7,Pazartesi,99848635024,00283,00283,DUHA EL MUFADDİ,BALIK TEMİZLEME,MKP,07:50,17:05,08:00,17:05,"07:50, 17:04, 17:05",9.25,1.5,7.5,7.5,0.0,0.0,7.5,ÇOKLU_BASIM_MIN_MAX,True,"Çoklu Basım: İlk Giriş 07:50, Son Çıkış 17:05 (7,5s)"
7.09.2026,7,Pazartesi,23509358892,00386,00386,DÖNDÜ ŞAHİN,KALİTE,BANDIRMA,23:34,08:04,00:00,08:04,"23:34, 08:04",8.5,0.5,7.5,7.5,0.0,0.0,7.5,NORMAL,False,
7.09.2026,7,Pazartesi,17329708456,01285,01285,DİLEK ÇEKİN,BALIK TEMİZLEME,GÜVEN TURİZM,07:34,17:02,08:00,17:02,"07:34, 17:02",9.47,1.5,7.5,7.5,0.0,0.0,7.5,NORMAL,False,
7.09.2026,7,Pazartesi,10456937386,01362,01362,DİLEK ÇETİN,,HALİL DİĞRENCİ,08:05,20:01,08:00,20:01,"08:05, 20:01",11.93,1.5,10.5,7.5,3.0,0.0,10.5,NORMAL,False,
7.09.2026,7,Pazartesi,12562741222,00872,00872,EBRU ÖÖZALP,BALIK TEMİZLEME,BALIKESİR,07:49,17:01,08:00,17:01,"07:49, 17:01",9.2,1.5,7.5,7.5,0.0,0.0,7.5,NORMAL,False,
7.09.2026,7,Pazartesi,29563469352,00563,00563,EDİP EKİNCİ,KAZAN,SUSURLUK,19:57,07:57,20:00,07:57,"19:57, 07:57",12.0,0.5,11.5,3.5,8.0,0.0,11.5,NORMAL,False,
7.09.2026,7,Pazartesi,10066843626,00374,00374,EFE EVİM,AMBAR,BİGADİÇ,07:58,17:07,08:00,17:07,"07:58, 17:07",9.15,1.5,7.5,7.5,0.0,0.0,7.5,NORMAL,False,
7.09.2026,7,Pazartesi,14266711334,00037,00037,EFRAİM DUMAN,AMBAR,SUSURLUK,19:55,07:56,20:00,07:56,"19:55, 07:56",12.02,0.5,11.5,3.5,8.0,0.0,11.5,NORMAL,False,
7.09.2026,7,Pazartesi,00949,00949,00949,ELMAS OLTAN,DİĞER,GÜVEN TURİZM,-,19:59,08:00,19:59,19:59,11.98,1.5,10.5,7.5,3.0,0.0,10.5,GİRİŞ_YOK_AKŞAM,True,"Çıkış: 19:59 | Giriş Basılmadı (08:00 başı ile 10,5s korundu)"
7.09.2026,7,Pazartesi,20036722080,00039,00039,ELMAS OMAY,AMBAR,BALIKESİR,07:48,17:06,08:00,17:06,"07:48, 17:06",9.3,1.5,7.5,7.5,0.0,0.0,7.5,NORMAL,False,
7.09.2026,7,Pazartesi,16591633060,00038,00038,ELİF TUNÇ,KALİTE,BANDIRMA,07:43,17:07,08:00,17:07,"07:43, 17:07",9.4,1.5,7.5,7.5,0.0,0.0,7.5,NORMAL,False,
7.09.2026,7,Pazartesi,20266511430,00002,00002,ELİF YAVAŞ,MUHASEBE,SUSURLUK,08:03,-,08:03,17:00,08:03,7.5,1.5,7.5,7.5,0.0,0.0,7.5,ÇIKIŞ_YOK_SABAH,True,"Giriş: 08:03 | Çıkış Basılmadı (Tam Gün 7,5s yazıldı)"
7.09.2026,7,Pazartesi,31009103096,00204,00204,EMEL SANAN,AMBAR,BİGADİÇ,07:57,17:22,08:00,17:22,"07:57, 17:22",9.42,1.5,7.5,7.5,0.0,0.0,7.5,NORMAL,False,
7.09.2026,7,Pazartesi,20584476770,00219,00219,EMİNE ATEŞ,BALIK TEMİZLEME,BALIKESİR,07:49,16:58,08:00,16:58,"07:49, 16:58",9.15,1.5,7.5,7.5,0.0,0.0,7.5,NORMAL,False,
7.09.2026,7,Pazartesi,12523718256,00043,00043,EMİNE BAYER,AMBAR,BİGADİÇ,07:57,17:09,08:00,17:09,"07:57, 17:09",9.2,1.5,7.5,7.5,0.0,0.0,7.5,NORMAL,False,
7.09.2026,7,Pazartesi,16111749134,01300,01300,EMİNE KARAMAN,BALIK TEMİZLEME,HALİL DİĞRENCİ,08:05,17:05,08:00,17:05,"08:05, 17:05",9.0,1.5,7.5,7.5,0.0,0.0,7.5,NORMAL,False,
7.09.2026,7,Pazartesi,12379749978,00197,00197,EMİNE SARI,YEMEKHANE,BALIKESİR,07:48,16:59,08:00,16:59,"07:48, 16:59",9.18,1.5,7.5,7.5,0.0,0.0,7.5,NORMAL,False,
7.09.2026,7,Pazartesi,45328882280,00859,00859,EMİNE YAVUZ,BALIK TEMİZLEME,GÜVEN TURİZM,07:35,17:05,08:00,17:05,"07:35, 17:05",9.5,1.5,7.5,7.5,0.0,0.0,7.5,NORMAL,False,
7.09.2026,7,Pazartesi,20503503198,00045,00045,EMİNE ÇAPAR,YEMEKHANE,GÖBEL,18:53,04:07,19:00,04:07,"18:53, 04:07",9.23,0.5,8.5,4.5,4.0,0.0,8.5,NORMAL,False,
7.09.2026,7,Pazartesi,10036852948,00046,00046,EMİRHAN MUTLU,BAKIM,GÖBEL,08:14,19:58,08:00,19:58,"08:14, 19:58",11.73,1.5,10.5,7.5,3.0,0.0,10.5,NORMAL,False,
7.09.2026,7,Pazartesi,29470204244,00007,00007,ENDER BİLBAY,KAPI GÖREVLİSİ,GÖBEL,15:59,23:56,15:59,23:56,"15:59, 23:56",7.95,0.5,7.5,7.5,0.0,0.0,7.5,NORMAL,False,
7.09.2026,7,Pazartesi,98284188514,00293,00293,ENES ABDE,BALIK TEMİZLEME,MKP,07:50,17:05,08:00,17:05,"07:50, 17:05",9.25,1.5,7.5,7.5,0.0,0.0,7.5,NORMAL,False,
7.09.2026,7,Pazartesi,34795126850,01351,01351,ERCAN POLAT,BİLGİSAYAR MÜHENDİSİ,KARACABEY,07:46,17:04,08:00,17:04,"07:46, 17:04",9.3,1.5,7.5,7.5,0.0,0.0,7.5,NORMAL,False,
7.09.2026,7,Pazartesi,35581001238,00481,00481,ERCÜMENT AYGÜL,AMBAR,SUSURLUK,07:50,17:04,08:00,17:04,"07:50, 17:04",9.23,1.5,7.5,7.5,0.0,0.0,7.5,NORMAL,False,
7.09.2026,7,Pazartesi,23131415628,00047,00047,ERDİN TETİK,MEYDAN,SUSURLUK,23:49,07:58,00:00,07:58,"23:49, 07:58",8.15,0.5,7.5,7.5,0.0,0.0,7.5,NORMAL,False,
7.09.2026,7,Pazartesi,22260441248,00198,00198,ERSİN ESER,BAKIM,GÖBEL,07:56,17:05,08:00,17:05,"07:56, 17:05",9.15,1.5,7.5,7.5,0.0,0.0,7.5,NORMAL,False,
7.09.2026,7,Pazartesi,32372355358,01081,01081,ESMER BİÇER,ÜRETİM,HALİL DİĞRENCİ,08:04,17:06,08:00,17:06,"08:04, 17:06",9.03,1.5,7.5,7.5,0.0,0.0,7.5,NORMAL,False,
7.09.2026,7,Pazartesi,11633067636,00221,00221,EİREMŞAH KIZILKAYA,BALIK DOLUM,GÖBEL,09:46,17:30,09:30,17:30,"09:46, 17:30",7.73,1.5,6.5,6.0,2.5,2.0,8.5,BÖLÜM_PRİMLİ,False,"Balık Dolum ve Kesim Primi: Fiili 6,5s -> Bonuslu 8,5s (+2,0s Prim)"
7.09.2026,7,Pazartesi,35183294274,00926,00926,FATMA DEMİRER,BALIK TEMİZLEME,GÜVEN MUSTAFAKEMALPAŞA,07:52,17:01,08:00,17:01,"07:52, 17:01",9.15,1.5,7.5,7.5,0.0,0.0,7.5,NORMAL,False,
7.09.2026,7,Pazartesi,32986036254,00056,00056,FATMA ÇAM,ÜRETİM,BİGADİÇ,15:52,00:01,15:52,00:01,"15:52, 00:01",8.15,0.5,7.5,7.5,0.0,0.0,7.5,NORMAL,False,
7.09.2026,7,Pazartesi,31594082608,00057,00057,FATMA ÖZÇAM,ÜRETİM,BİGADİÇ,15:52,00:01,15:52,00:01,"15:52, 00:01",8.15,0.5,7.5,7.5,0.0,0.0,7.5,NORMAL,False,
7.09.2026,7,Pazartesi,11890896888,00223,00223,FATMAGÜL ÇEKİ,BALIK DOLUM,MKP,09:46,17:03,09:30,17:03,"09:46, 17:03",7.28,1.5,6.0,6.0,2.0,2.0,8.0,BÖLÜM_PRİMLİ,False,"Balık Dolum ve Kesim Primi: Fiili 6,0s -> Bonuslu 8,0s (+2,0s Prim)"
7.09.2026,7,Pazartesi,21898406446,01065,01065,FERUDUN BAKAN,ÜRETİM,BİGADİÇ,15:52,00:05,15:52,00:05,"15:52, 00:05",8.22,0.5,7.5,7.5,0.0,0.0,7.5,NORMAL,False,
7.09.2026,7,Pazartesi,31933222184,00224,00224,FEVZİYE EREL,BALIK TEMİZLEME,HALİL DİĞRENCİ,08:05,17:03,08:00,17:03,"08:05, 17:03",8.97,1.5,7.5,7.5,0.0,0.0,7.5,NORMAL,False,
7.09.2026,7,Pazartesi,17431713232,00927,00927,FİSUN ETİLER,,GÜVEN MUSTAFAKEMALPAŞA,07:52,17:01,08:00,17:01,"07:52, 17:01",9.15,1.5,7.5,7.5,0.0,0.0,7.5,NORMAL,False,
7.09.2026,7,Pazartesi,33739783340,00739,00739,GURBET DUMAN,BALIK TEMİZLEME,HALİL DİĞRENCİ,08:05,17:02,08:00,17:02,"08:05, 17:02",8.95,1.5,7.5,7.5,0.0,0.0,7.5,NORMAL,False,
7.09.2026,7,Pazartesi,33379057108,00423,00423,GÜLAY GÜNDOĞDU,BALIK TEMİZLEME,BALIKESİR,07:48,17:01,08:00,17:01,"07:48, 17:01",9.22,1.5,7.5,7.5,0.0,0.0,7.5,NORMAL,False,
7.09.2026,7,Pazartesi,24541318660,00065,00065,GÜLCAN BİLGİÇ,AMBAR,BİGADİÇ,07:57,17:07,08:00,17:07,"07:57, 17:07",9.17,1.5,7.5,7.5,0.0,0.0,7.5,NORMAL,False,
7.09.2026,7,Pazartesi,33211034366,00225,00225,GÜLER ÇAPKIN,BALIK TEMİZLEME,KARACABEY,07:47,17:06,08:00,17:06,"07:47, 17:06",9.32,1.5,7.5,7.5,0.0,0.0,7.5,NORMAL,False,
7.09.2026,7,Pazartesi,15041774032,00882,00882,GÜLPERİ KALENDER,BALIK TEMİZLEME,BANDIRMA,07:43,16:59,08:00,16:59,"07:43, 16:59",9.27,1.5,7.5,7.5,0.0,0.0,7.5,NORMAL,False,
7.09.2026,7,Pazartesi,53689106020,00073,00073,GÜLSÜM GÖRGÜLÜ,AMBAR,BİGADİÇ,07:57,17:09,08:00,17:09,"07:57, 17:09",9.2,1.5,7.5,7.5,0.0,0.0,7.5,NORMAL,False,
7.09.2026,7,Pazartesi,45184908278,00226,00226,GÜLTEN DURMAZ,BALIK DOLUM,GÖBEL,09:46,17:30,09:30,17:30,"09:46, 17:30",7.73,1.5,6.5,6.0,2.5,2.0,8.5,BÖLÜM_PRİMLİ,False,"Balık Dolum ve Kesim Primi: Fiili 6,5s -> Bonuslu 8,5s (+2,0s Prim)"
7.09.2026,7,Pazartesi,10996768938,00071,00071,GÜLTEN GİDER,AMBAR,BİGADİÇ,07:57,17:09,08:00,17:09,"07:57, 17:09",9.2,1.5,7.5,7.5,0.0,0.0,7.5,NORMAL,False,
7.09.2026,7,Pazartesi,21010592606,01022,01022,GÜLÜMSER KARABIYIK,BALIK TEMİZLEME,GÜVEN MUSTAFAKEMALPAŞA,07:54,17:01,08:00,17:01,"07:54, 17:01",9.12,1.5,7.5,7.5,0.0,0.0,7.5,NORMAL,False,
7.09.2026,7,Pazartesi,11257940650,01202,01202,GÜLŞEN YAĞMUR YÜKSEL,ÜRETİM,GÜVEN MUSTAFAKEMALPAŞA,07:54,19:59,08:00,19:59,"07:54, 19:59",12.08,1.5,10.5,7.5,3.0,0.0,10.5,NORMAL,False,
7.09.2026,7,Pazartesi,11593899780,00773,00773,GÜRAY PALA,BALIK KESİM,HALİL DİĞRENCİ,19:51,08:00,20:00,08:00,"19:51, 08:00",12.15,0.5,11.5,3.5,10.0,2.0,13.5,BÖLÜM_PRİMLİ,False,"Balık Dolum ve Kesim Primi: Fiili 11,5s -> Bonuslu 13,5s (+2,0s Prim)"
7.09.2026,7,Pazartesi,23638497776,00075,00075,HACER BEYHAN,BALIK TEMİZLEME,HALİL DİĞRENCİ,07:49,17:03,08:00,17:03,"07:49, 17:03",9.23,1.5,7.5,7.5,0.0,0.0,7.5,NORMAL,False,
7.09.2026,7,Pazartesi,22639531168,01078,01078,HAFİZE AVCIOĞLU,BALIK TEMİZLEME,GÜVEN TURİZM,07:35,17:01,08:00,17:01,"07:35, 17:01",9.43,1.5,7.5,7.5,0.0,0.0,7.5,NORMAL,False,
7.09.2026,7,Pazartesi,,01372,01372,HAMİDE DURAK,,SÇEVİKAT ÇELİK,08:06,20:01,08:00,20:01,"08:06, 20:01",11.92,1.5,10.5,7.5,3.0,0.0,10.5,NORMAL,False,
7.09.2026,7,Pazartesi,13708835836,01159,01159,HAMİT GİRGİN,BALIK TEMİZLEME,GÜVEN MUSTAFAKEMALPAŞA,07:53,17:02,08:00,17:02,"07:53, 17:02",9.15,1.5,7.5,7.5,0.0,0.0,7.5,NORMAL,False,
7.09.2026,7,Pazartesi,20290485820,01060,01060,HANİFE YILDIRIM,BALIK TEMİZLEME,BALIKESİR,07:49,17:00,08:00,17:00,"07:49, 17:00",9.18,1.5,7.5,7.5,0.0,0.0,7.5,NORMAL,False,
7.09.2026,7,Pazartesi,14779989510,00080,00080,HARUN YAHYA DURSUN,BALIK DOLUM,GÖBEL,11:33,20:25,11:30,20:25,"11:33, 20:25",8.87,1.5,7.0,4.0,5.0,2.0,9.0,BÖLÜM_PRİMLİ,False,"Balık Dolum ve Kesim Primi: Fiili 7,0s -> Bonuslu 9,0s (+2,0s Prim)"
7.09.2026,7,Pazartesi,45823635220,01148,01148,HATİCE GÖLBAŞ,ÜRETİM,HALİL DİĞRENCİ,08:06,20:01,08:00,20:01,"08:06, 20:01",11.92,1.5,10.5,7.5,3.0,0.0,10.5,NORMAL,False,
7.09.2026,7,Pazartesi,10817807990,01096,01096,HATİCE ONUK,ÜRETİM,HALİL DİĞRENCİ,08:04,17:00,08:00,17:00,"08:04, 17:00",8.93,1.5,7.5,7.5,0.0,0.0,7.5,NORMAL,False,
7.09.2026,7,Pazartesi,33850041688,00577,00577,HATİCE SAVAŞÇI,BALIK TEMİZLEME,BALIKESİR,07:49,17:00,08:00,17:00,"07:49, 17:00",9.18,1.5,7.5,7.5,0.0,0.0,7.5,NORMAL,False,
7.09.2026,7,Pazartesi,26002427744,00227,00227,HAVVA ALPER,BALIK DOLUM,MKP,09:46,17:03,09:30,17:03,"09:46, 17:03",7.28,1.5,6.0,6.0,2.0,2.0,8.0,BÖLÜM_PRİMLİ,False,"Balık Dolum ve Kesim Primi: Fiili 6,0s -> Bonuslu 8,0s (+2,0s Prim)"
7.09.2026,7,Pazartesi,26653281238,00228,00228,HAVVA BAYRAM,BALIK TEMİZLEME,BALIKESİR,07:49,16:57,08:00,16:57,"07:49, 16:57",9.13,1.5,7.5,7.5,0.0,0.0,7.5,NORMAL,False,
7.09.2026,7,Pazartesi,30367150308,00852,00852,HAYRULLAH TOPRAK,AMBAR,GÜVEN TURİZM,07:45,17:11,08:00,17:11,"07:45, 17:11",9.43,1.5,7.5,7.5,0.0,0.0,7.5,NORMAL,False,
7.09.2026,7,Pazartesi,11284916406,01143,01143,HÜLYA TANIŞ,BALIK TEMİZLEME,GÜVEN MUSTAFAKEMALPAŞA,07:52,17:06,08:00,17:06,"07:52, 17:06",9.23,1.5,7.5,7.5,0.0,0.0,7.5,NORMAL,False,
7.09.2026,7,Pazartesi,33289026430,00480,00480,HÜLYA TOPAL,AMBAR,BİGADİÇ,07:57,17:22,08:00,17:22,"07:57, 17:22",9.42,1.5,7.5,7.5,0.0,0.0,7.5,NORMAL,False,
7.09.2026,7,Pazartesi,30856107820,00091,00091,HÜLYA ÜÜNAL,AMBAR,BİGADİÇ,07:57,17:22,08:00,17:22,"07:57, 17:22",9.42,1.5,7.5,7.5,0.0,0.0,7.5,NORMAL,False,
7.09.2026,7,Pazartesi,23524501518,00231,00231,KADRİYE BEYHAN,BALIK TEMİZLEME,HALİL DİĞRENCİ,07:50,17:03,08:00,17:03,"07:50, 17:03",9.22,1.5,7.5,7.5,0.0,0.0,7.5,NORMAL,False,
7.09.2026,7,Pazartesi,49981303052,00093,00093,KADİR AZAR,AMBAR,KARACABEY,07:46,17:10,08:00,17:10,"07:46, 17:10",9.4,1.5,7.5,7.5,0.0,0.0,7.5,NORMAL,False,
7.09.2026,7,Pazartesi,27448226656,00095,00095,KAMİLE DAĞDÇELEN,AMBAR,BİGADİÇ,07:57,17:10,08:00,17:10,"07:57, 17:10",9.22,1.5,7.5,7.5,0.0,0.0,7.5,NORMAL,False,
7.09.2026,7,Pazartesi,99656887974,00294,00294,KEFA EL HUDUR,BALIK TEMİZLEME,MKP,07:50,17:04,08:00,17:04,"07:50, 17:04",9.23,1.5,7.5,7.5,0.0,0.0,7.5,NORMAL,False,
7.09.2026,7,Pazartesi,33067084584,00097,00097,KEMAL DURMUŞ,İŞLETME,SUSURLUK,06:23,08:06,08:00,08:06,"06:23, 07:59, 19:55, 08:06",1.72,0.0,0.0,0.0,0.0,0.0,0.0,ÇOKLU_BASIM_MIN_MAX,True,"Çoklu Basım: İlk Giriş 06:23, Son Çıkış 08:06 (0,0s)"
7.09.2026,7,Pazartesi,33397029286,01327,01327,KÜBÜŞRA ALTAY,SATIN ALMA,BANDIRMA,07:43,17:00,08:00,17:00,"07:43, 17:00",9.28,1.5,7.5,7.5,0.0,0.0,7.5,NORMAL,False,
7.09.2026,7,Pazartesi,25657430024,00199,00199,KÜRŞAT TÜRKAN,BAKIM,KARACABEY,08:20,19:09,08:00,19:09,"08:20, 19:09",10.82,1.5,9.5,7.5,2.0,0.0,9.5,NORMAL,False,
7.09.2026,7,Pazartesi,99959615564,00200,00200,MAHMOUD ALZALEK,ELEKTRİK,SUSURLUK,19:54,07:59,20:00,07:59,"19:54, 07:59",12.08,0.5,11.5,3.5,8.0,0.0,11.5,NORMAL,False,
7.09.2026,7,Pazartesi,20458603738,00528,00528,MAHMURE ESEN,BALIK TEMİZLEME,HALİL DİĞRENCİ,07:50,17:05,08:00,17:05,"07:50, 17:05",9.25,1.5,7.5,7.5,0.0,0.0,7.5,NORMAL,False,
7.09.2026,7,Pazartesi,29749160806,00104,00104,MAHİR HİLMİ ULUKÖK,YENİ BALIK HATTI,SUSURLUK,08:04,17:34,08:00,17:34,"08:04, 17:34",9.5,1.5,8.0,7.5,0.5,0.0,8.0,NORMAL,False,
7.09.2026,7,Pazartesi,13876724772,00500,00500,MEHMET KARTAL,AMBAR,SUSURLUK,19:54,00:01,20:00,00:01,"19:54, 00:01",4.12,0.5,3.5,3.5,0.0,0.0,3.5,NORMAL,False,
7.09.2026,7,Pazartesi,61984174392,01070,01070,MESERRET DAĞ,ÜRETİM,SÇEVİKAT ÇELİK,19:48,07:59,19:30,07:59,"19:48, 07:59",12.18,0.5,12.0,4.0,12.0,4.0,16.0,BÖLÜM_PRİMLİ,False,"Üretim Primi: Fiili 12,0s -> Bonuslu 16,0s (+4,0s Prim)"
7.09.2026,7,Pazartesi,28027546004,00112,00112,MESUT ERDEL,BAKIM,SUSURLUK,07:59,18:30,08:00,18:30,"07:59, 18:30",10.52,1.5,9.0,7.5,1.5,0.0,9.0,NORMAL,False,
7.09.2026,7,Pazartesi,99248627704,00005,00005,MHD BASSEL ALZALEK,ELEKTRİK,SUSURLUK,07:29,-,07:29,17:00,07:29,7.5,1.5,7.5,7.5,0.0,0.0,7.5,ÇIKIŞ_YOK_SABAH,True,"Giriş: 07:29 | Çıkış Basılmadı (Tam Gün 7,5s yazıldı)"
7.09.2026,7,Pazartesi,99347757876,00116,00116,MUHAMMED SAMİH SERHAN,AMBAR,GÖBEL,20:06,00:02,00:00,00:02,"20:06, 00:02",3.93,0.0,0.0,0.0,0.0,0.0,0.0,NORMAL,False,
7.09.2026,7,Pazartesi,23329391024,00514,00514,MUKATDES KARAMANOĞLU,BALIK TEMİZLEME,BALIKESİR,07:49,17:00,08:00,17:00,"07:49, 17:00",9.18,1.5,7.5,7.5,0.0,0.0,7.5,NORMAL,False,
7.09.2026,7,Pazartesi,15205679746,00572,00572,MURAT YONSUL,AMBAR,GÖBEL,07:48,20:51,08:00,20:51,"07:48, 20:51",13.05,1.5,11.5,7.5,4.0,0.0,11.5,NORMAL,False,
7.09.2026,7,Pazartesi,25621221832,00118,00118,MUSTAFA KAYA,İŞLETME,MKP,07:47,19:57,08:00,19:57,"07:47, 19:57",12.17,1.5,10.5,7.5,3.0,0.0,10.5,NORMAL,False,
7.09.2026,7,Pazartesi,21976553468,00234,00234,MÜCAHİT ÇOLAK,BALIK TEMİZLEME,KARACABEY,07:47,17:07,08:00,17:07,"07:47, 17:07",9.33,1.5,7.5,7.5,0.0,0.0,7.5,NORMAL,False,
7.09.2026,7,Pazartesi,31195265912,01056,01056,MÜRVET ÇAKAN,BALIK TEMİZLEME,HALİL DİĞRENCİ,08:05,17:01,08:00,17:01,"08:05, 17:01",8.93,1.5,7.5,7.5,0.0,0.0,7.5,NORMAL,False,
7.09.2026,7,Pazartesi,33124024560,00120,00120,MÜZEYYEN ERDİNÇ,BALIK TEMİZLEME,BALIKESİR,07:49,17:01,08:00,17:01,"07:49, 17:01",9.2,1.5,7.5,7.5,0.0,0.0,7.5,NORMAL,False,
7.09.2026,7,Pazartesi,12556753194,00235,00235,NACİYE KARABULUT,BALIK TEMİZLEME,BALIKESİR,07:49,17:00,08:00,17:00,"07:49, 17:00",9.18,1.5,7.5,7.5,0.0,0.0,7.5,NORMAL,False,
7.09.2026,7,Pazartesi,16324748870,01178,01178,NAZMİYE ÇELİK,BALIK TEMİZLEME,GÜVEN MUSTAFAKEMALPAŞA,07:52,17:03,08:00,17:03,"07:52, 17:03",9.18,1.5,7.5,7.5,0.0,0.0,7.5,NORMAL,False,
7.09.2026,7,Pazartesi,28510235804,00121,00121,NAİL AKSOY,ŞÖFÖR,SUSURLUK,06:54,07:58,08:00,07:58,"06:54, 07:59, 23:49, 07:58",1.07,0.0,0.0,0.0,0.0,0.0,0.0,ÇOKLU_BASIM_MIN_MAX,True,"Çoklu Basım: İlk Giriş 06:54, Son Çıkış 07:58 (0,0s)"
7.09.2026,7,Pazartesi,38710924712,00887,00887,NECLA ABİ,BALIK TEMİZLEME,GÜVEN TURİZM,07:35,17:06,08:00,17:06,"07:35, 17:06",9.52,1.5,7.5,7.5,0.0,0.0,7.5,NORMAL,False,
7.09.2026,7,Pazartesi,24031385950,00380,00380,NECMİ SEVER,MEYDAN,GÖBEL,07:51,-,07:51,17:00,07:51,7.5,1.5,7.5,7.5,0.0,0.0,7.5,ÇIKIŞ_YOK_SABAH,True,"Giriş: 07:51 | Çıkış Basılmadı (Tam Gün 7,5s yazıldı)"
7.09.2026,7,Pazartesi,21991561554,00930,00930,NECMİYE ÜÜLKER,BALIK TEMİZLEME,GÜVEN MUSTAFAKEMALPAŞA,07:52,17:01,08:00,17:01,"07:52, 17:01",9.15,1.5,7.5,7.5,0.0,0.0,7.5,NORMAL,False,
7.09.2026,7,Pazartesi,15842906410,01080,01080,NERMİN BİÇER,ÜRETİM,HALİL DİĞRENCİ,08:05,17:06,08:00,17:06,"08:05, 17:06",9.02,1.5,7.5,7.5,0.0,0.0,7.5,NORMAL,False,
7.09.2026,7,Pazartesi,14452686422,00371,00371,NESRİN GÜZEL,BALIK TEMİZLEME,BALIKESİR,07:48,16:56,08:00,16:56,"07:48, 16:56",9.13,1.5,7.5,7.5,0.0,0.0,7.5,NORMAL,False,
7.09.2026,7,Pazartesi,17902565544,00128,00128,NURAY AVCI,YEMEKHANE,BALIKESİR,07:50,16:56,08:00,16:56,"07:50, 16:56",9.1,1.5,7.5,7.5,0.0,0.0,7.5,NORMAL,False,
7.09.2026,7,Pazartesi,25970637896,00129,00129,NURAY ELİSÇIKIŞ,AMBAR,BALIKESİR,07:49,17:02,08:00,17:02,"07:49, 17:02",9.22,1.5,7.5,7.5,0.0,0.0,7.5,NORMAL,False,
7.09.2026,7,Pazartesi,38449011448,01040,01040,NURAY LAÇİN,ÜRETİM,GÜVEN MUSTAFAKEMALPAŞA,07:53,-,07:53,17:00,07:53,7.5,1.5,7.5,7.5,0.0,0.0,7.5,ÇIKIŞ_YOK_SABAH,True,"Giriş: 07:53 | Çıkış Basılmadı (Tam Gün 7,5s yazıldı)"
7.09.2026,7,Pazartesi,21478446602,00236,00236,NURCAN EREN,BALIK TEMİZLEME,BALIKESİR,07:49,17:00,08:00,17:00,"07:49, 17:00",9.18,1.5,7.5,7.5,0.0,0.0,7.5,NORMAL,False,
7.09.2026,7,Pazartesi,15736612786,01352,01352,NURGÜL ADIGÜL,ÜRETİM,BİGADİÇ,15:52,00:01,15:52,00:01,"15:52, 00:01",8.15,0.5,7.5,7.5,0.0,0.0,7.5,NORMAL,False,
7.09.2026,7,Pazartesi,13318692676,01064,01064,NURGÜL PARLAS,ÜRETİM,BİGADİÇ,15:52,00:01,15:52,00:01,"15:52, 00:01",8.15,0.5,7.5,7.5,0.0,0.0,7.5,NORMAL,False,
7.09.2026,7,Pazartesi,22186447318,00137,00137,NURTEN CAN,ÜRETİM,SUSURLUK TUR-REŞAT,07:36,17:04,08:00,17:04,"07:36, 17:04",9.47,1.5,7.5,7.5,0.0,0.0,7.5,NORMAL,False,
7.09.2026,7,Pazartesi,13420739290,00003,00003,NURİ GÜLSER,KAPI GÖREVLİSİ,GÖBEL,07:48,16:02,08:00,16:02,"07:48, 16:02",8.23,0.5,7.5,7.5,0.0,0.0,7.5,NORMAL,False,
7.09.2026,7,Pazartesi,52996654668,00237,00237,NURİYE AKKUŞ,BALIK TEMİZLEME,BANDIRMA,07:43,17:02,08:00,17:02,"07:43, 17:02",9.32,1.5,7.5,7.5,0.0,0.0,7.5,NORMAL,False,
7.09.2026,7,Pazartesi,13189854302,00006,00006,OZAN BUĞA,BAKIM,MKP,23:33,09:30,00:00,09:30,"23:33, 09:30",9.95,0.5,9.0,7.5,1.5,0.0,9.0,NORMAL,False,
7.09.2026,7,Pazartesi,01376,01376,01376,PERİHAN YOZAN,DİĞER,HALİL DİĞRENCİ,07:54,17:46,08:00,17:46,"07:54, 17:46",9.87,1.5,8.0,7.5,0.5,0.0,8.0,NORMAL,False,
7.09.2026,7,Pazartesi,29677146866,00238,00238,RABİYE ÇENECİOĞLU,BALIK TEMİZLEME,BALIKESİR,07:49,16:59,08:00,16:59,"07:49, 16:59",9.17,1.5,7.5,7.5,0.0,0.0,7.5,NORMAL,False,
7.09.2026,7,Pazartesi,29359208356,00145,00145,RAMAZAN KÜÇÜKÇÇAKIR,ŞÖFÖR,SUSURLUK,07:55,16:57,08:00,16:57,"07:55, 16:56, 16:57",9.03,1.5,7.5,7.5,0.0,0.0,7.5,ÇOKLU_BASIM_MIN_MAX,True,"Çoklu Basım: İlk Giriş 07:55, Son Çıkış 16:57 (7,5s)"
7.09.2026,7,Pazartesi,24022385860,01316,01316,RECEP İÇÖZ,MEYDAN,GÖBEL,07:39,16:58,08:00,16:58,"07:39, 16:58",9.32,1.5,7.5,7.5,0.0,0.0,7.5,NORMAL,False,
7.09.2026,7,Pazartesi,28108249688,00146,00146,RIDVAN DEMİRDAK,ŞÖFÖR,GÖBEL,15:59,23:52,15:59,23:52,"15:59, 23:52",7.88,0.5,7.5,7.5,0.0,0.0,7.5,NORMAL,False,
7.09.2026,7,Pazartesi,34807027090,00536,00536,SABRİ ACAR,YENİ BALIK HATTI,SUSURLUK,23:51,07:53,00:00,07:53,"23:51, 07:53",8.03,0.5,7.5,7.5,0.0,0.0,7.5,NORMAL,False,
7.09.2026,7,Pazartesi,31027151864,00147,00147,SABİHA GİRGİN,ÜRETİM,SUSURLUK TUR-REŞAT,07:36,17:04,08:00,17:04,"07:36, 17:04",9.47,1.5,7.5,7.5,0.0,0.0,7.5,NORMAL,False,
7.09.2026,7,Pazartesi,33640164108,01130,01130,SAMET YUMİTKEN,ÜRETİM,HALİL DİĞRENCİ,08:05,20:03,08:00,20:03,"08:05, 20:03",11.97,1.5,10.5,7.5,3.0,0.0,10.5,NORMAL,False,
7.09.2026,7,Pazartesi,30373124058,00149,00149,SANİYE CEYLAN,AMBAR,BİGADİÇ,07:57,17:09,08:00,17:09,"07:57, 17:09",9.2,1.5,7.5,7.5,0.0,0.0,7.5,NORMAL,False,
7.09.2026,7,Pazartesi,14164714154,00150,00150,SARA EROĞLU,AMBAR,BALIKESİR,07:48,17:07,08:00,17:07,"07:48, 17:07",9.32,1.5,7.5,7.5,0.0,0.0,7.5,NORMAL,False,
7.09.2026,7,Pazartesi,24178356332,00153,00153,SEHER ÖZDEN,YEMEKHANE,BALIKESİR,07:50,16:57,08:00,16:57,"07:50, 16:57",9.12,1.5,7.5,7.5,0.0,0.0,7.5,NORMAL,False,
7.09.2026,7,Pazartesi,11248811624,00009,00009,SELAHATTİN SÖĞÜT,ŞÖFÖR,GÖBEL,10:23,20:51,10:30,20:51,"10:23, 20:51",10.47,1.5,9.0,5.0,4.0,0.0,9.0,NORMAL,False,
7.09.2026,7,Pazartesi,19723478966,01069,01069,SELMA AYHAN,ÜRETİM,BİGADİÇ,15:52,00:00,15:52,00:00,"15:52, 00:00",8.13,0.5,7.5,7.5,0.0,0.0,7.5,NORMAL,False,
7.09.2026,7,Pazartesi,49369567458,00559,00559,SELMA TUNÇ,BALIK TEMİZLEME,BALIKESİR,07:48,16:58,08:00,16:58,"07:48, 16:58",9.17,1.5,7.5,7.5,0.0,0.0,7.5,NORMAL,False,
7.09.2026,7,Pazartesi,33451458564,01227,01227,SELMATA ANIK,ÜRETİM,HALİL DİĞRENCİ,19:50,07:57,19:30,07:57,"19:50, 07:57",12.12,0.5,12.0,4.0,12.0,4.0,16.0,BÖLÜM_PRİMLİ,False,"Üretim Primi: Fiili 12,0s -> Bonuslu 16,0s (+4,0s Prim)"
7.09.2026,7,Pazartesi,,01371,01371,SELİM KIRAY,,GÜVEN MUSTAFAKEMALPAŞA,07:48,20:02,08:00,20:02,"07:48, 20:02",12.23,1.5,10.5,7.5,3.0,0.0,10.5,NORMAL,False,
7.09.2026,7,Pazartesi,13498698468,00165,00165,SEVGİ AYCAN,BALIK TEMİZLEME,BANDIRMA,07:43,17:03,08:00,17:03,"07:43, 17:03",9.33,1.5,7.5,7.5,0.0,0.0,7.5,NORMAL,False,
7.09.2026,7,Pazartesi,17611699134,00884,00884,SEVİLAY DÖNMEZ,BALIK TEMİZLEME,GÜVEN TURİZM,07:35,17:02,08:00,17:02,"07:35, 17:02",9.45,1.5,7.5,7.5,0.0,0.0,7.5,NORMAL,False,
7.09.2026,7,Pazartesi,15250777510,01063,01063,SEZAİ ÇELİK,BALIK,HALİL DİĞRENCİ,08:05,17:17,08:00,17:17,"08:05, 17:17",9.2,1.5,7.5,7.5,0.0,0.0,7.5,NORMAL,False,
7.09.2026,7,Pazartesi,29200163070,01066,01066,SEZGİN YILDIRIM,ÜRETİM,BİGADİÇ,15:52,00:09,15:52,00:09,"15:52, 00:09",8.28,0.5,7.5,7.5,0.0,0.0,7.5,NORMAL,False,
7.09.2026,7,Pazartesi,01370,01370,01370,SEZGİN İRGÖREN,DİĞER,GÜVEN MUSTAFAKEMALPAŞA,07:28,19:57,08:00,19:57,"07:28, 19:57",12.48,1.5,10.5,7.5,3.0,0.0,10.5,NORMAL,False,
7.09.2026,7,Pazartesi,42014033940,01072,01072,SÇEVİKAT ÇELİK,ÜRETİM,SÇEVİKAT ÇELİK,19:49,07:49,19:30,07:49,"19:49, 07:49",12.0,0.5,11.5,4.0,7.5,0.0,11.5,NORMAL,False,
7.09.2026,7,Pazartesi,10582783284,00170,00170,SİBEL ÇÇAKIR,ÜRETİM,BİGADİÇ,15:55,00:00,15:55,00:00,"15:55, 00:00",8.08,0.5,7.5,7.5,0.0,0.0,7.5,NORMAL,False,
7.09.2026,7,Pazartesi,29761139378,01038,01038,TALHA YAVAŞ,KALİTE,BANDIRMA,23:34,08:04,00:00,08:04,"23:34, 08:04",8.5,0.5,7.5,7.5,0.0,0.0,7.5,NORMAL,False,
7.09.2026,7,Pazartesi,20374606288,01047,01047,TANER BEYİRKEN,ÜRETİM,HALİL DİĞRENCİ,08:05,17:06,08:00,17:06,"08:05, 17:06",9.02,1.5,7.5,7.5,0.0,0.0,7.5,NORMAL,False,
7.09.2026,7,Pazartesi,10705928394,00976,00976,TAYFUN GÜNCÜ,BALIK TEMİZLEME,HALİL DİĞRENCİ,08:06,16:57,08:00,16:57,"08:06, 16:57",8.85,1.5,7.5,7.5,0.0,0.0,7.5,NORMAL,False,
7.09.2026,7,Pazartesi,13252843738,00243,00243,TAYFUN TIĞRAK,FORMEN,KARACABEY,07:44,17:02,08:00,17:02,"07:44, 17:02",9.3,1.5,7.5,7.5,0.0,0.0,7.5,NORMAL,False,
7.09.2026,7,Pazartesi,32938871292,00183,00183,TAYFUN ÇELİK,MEYDAN,MKP,07:47,19:26,08:00,19:26,"07:47, 19:26",11.65,1.5,10.0,7.5,2.5,0.0,10.0,NORMAL,False,
7.09.2026,7,Pazartesi,30925156292,00501,00501,TUNCAY METİN,KAPI GÖREVLİSİ,SUSURLUK,23:49,08:04,00:00,08:04,"23:49, 08:04",8.25,0.5,7.5,7.5,0.0,0.0,7.5,NORMAL,False,
7.09.2026,7,Pazartesi,23077372900,01116,01116,VAHİDE YAŞAR,ÜRETİM,BİGADİÇ,15:52,00:01,15:52,00:01,"15:52, 00:01",8.15,0.5,7.5,7.5,0.0,0.0,7.5,NORMAL,False,
7.09.2026,7,Pazartesi,14701796544,00582,00582,YUSUF SAMAR,MUHASEBE,KARACABEY,07:46,17:10,08:00,17:10,"07:46, 17:09, 17:10",9.4,1.5,7.5,7.5,0.0,0.0,7.5,ÇOKLU_BASIM_MIN_MAX,True,"Çoklu Basım: İlk Giriş 07:46, Son Çıkış 17:10 (7,5s)"
7.09.2026,7,Pazartesi,10528936408,01364,01364,YUSUF ÇETİN,,HALİL DİĞRENCİ,08:06,20:01,08:00,20:01,"08:06, 20:01",11.92,1.5,10.5,7.5,3.0,0.0,10.5,NORMAL,False,
7.09.2026,7,Pazartesi,31861120316,00191,00191,ZAHİDE GÜRBÜZ,BALIK TEMİZLEME,BALIKESİR,07:49,17:02,08:00,17:02,"07:49, 17:02",9.22,1.5,7.5,7.5,0.0,0.0,7.5,NORMAL,False,
7.09.2026,7,Pazartesi,31552110794,00935,00935,ZAHİDE KALDEMİR,BALIK TEMİZLEME,GÜVEN MUSTAFAKEMALPAŞA,07:52,17:02,08:00,17:02,"07:52, 17:02",9.17,1.5,7.5,7.5,0.0,0.0,7.5,NORMAL,False,
7.09.2026,7,Pazartesi,22249543988,00192,00192,ZAHİDE NEDİRLİ,KALİTE,KARACABEY,07:46,17:06,08:00,17:06,"07:46, 17:06",9.33,1.5,7.5,7.5,0.0,0.0,7.5,NORMAL,False,
7.09.2026,7,Pazartesi,10820807680,01097,01097,ZEHRA ONUK,ÜRETİM,HALİL DİĞRENCİ,08:04,17:03,08:00,17:03,"08:04, 17:03",8.98,1.5,7.5,7.5,0.0,0.0,7.5,NORMAL,False,
7.09.2026,7,Pazartesi,14047825472,00937,00937,ZELİHA ORUÇ,BALIK TEMİZLEME,GÜVEN MUSTAFAKEMALPAŞA,07:52,17:01,08:00,17:01,"07:52, 17:01",9.15,1.5,7.5,7.5,0.0,0.0,7.5,NORMAL,False,
7.09.2026,7,Pazartesi,24289352612,00244,00244,ZEYNEP KARAMAN,BALIK TEMİZLEME,BALIKESİR,07:48,17:00,08:00,17:00,"07:48, 17:00",9.2,1.5,7.5,7.5,0.0,0.0,7.5,NORMAL,False,
7.09.2026,7,Pazartesi,33742169780,00246,00246,ZEYNEP KURT,BALIK DOLUM,MKP,09:46,17:03,09:30,17:03,"09:46, 17:03",7.28,1.5,6.0,6.0,2.0,2.0,8.0,BÖLÜM_PRİMLİ,False,"Balık Dolum ve Kesim Primi: Fiili 6,0s -> Bonuslu 8,0s (+2,0s Prim)"
7.09.2026,7,Pazartesi,22498412394,00765,00765,ZEYNEP ONBAŞI,YEMEKHANE,BALIKESİR,07:48,16:56,08:00,16:56,"07:48, 16:56",9.13,1.5,7.5,7.5,0.0,0.0,7.5,NORMAL,False,
7.09.2026,7,Pazartesi,17749594400,00033,00033,ÇİSEM BÇAKIR,KALİTE,SUSURLUK,15:53,23:56,15:53,23:56,"15:53, 23:56",8.05,0.5,7.5,7.5,0.0,0.0,7.5,NORMAL,False,
7.09.2026,7,Pazartesi,33037193346,01349,01349,ÖMÜR SEPETÇİ,ÜRETİM,GÜVEN MUSTAFAKEMALPAŞA,07:54,17:46,08:00,17:46,"07:54, 17:46",9.87,1.5,8.0,7.5,0.5,0.0,8.0,NORMAL,False,
7.09.2026,7,Pazartesi,27235386938,00139,00139,ÖMÜRLÜ FERİK,KAZAN,MKP,07:47,17:04,08:00,17:04,"07:47, 17:04",9.28,1.5,7.5,7.5,0.0,0.0,7.5,NORMAL,False,
7.09.2026,7,Pazartesi,12268777280,00185,00185,ÜMMÜ AYDOĞAN,ÜRETİM,SUSURLUK TUR-REŞAT,07:50,17:04,08:00,17:04,"07:50, 17:04",9.23,1.5,7.5,7.5,0.0,0.0,7.5,NORMAL,False,
7.09.2026,7,Pazartesi,57541044000,01195,01195,ÜMMÜGÜLSÜM BAĞ,BALIK TEMİZLEME,KARACABEY,07:47,17:09,08:00,17:09,"07:47, 17:09",9.37,1.5,7.5,7.5,0.0,0.0,7.5,NORMAL,False,
7.09.2026,7,Pazartesi,10198947728,00410,00410,ÜMİT BATIN TÜRKAN,BAKIM,KARACABEY,08:10,19:09,08:00,19:09,"08:10, 19:09",10.98,1.5,9.5,7.5,2.0,0.0,9.5,NORMAL,False,
7.09.2026,7,Pazartesi,37075059770,01350,01350,ÜVEYS SEPETÇİ,ÜRETİM,GÜVEN MUSTAFAKEMALPAŞA,07:54,17:46,08:00,17:46,"07:54, 17:46",9.87,1.5,8.0,7.5,0.5,0.0,8.0,NORMAL,False,
7.09.2026,7,Pazartesi,29515203096,00092,00092,İBÜŞRAHİM YILDIRIM,MEYDAN,MKP,07:47,19:26,08:00,19:26,"07:47, 19:26",11.65,1.5,10.0,7.5,2.5,0.0,10.0,NORMAL,False,
7.09.2026,7,Pazartesi,25060351046,00230,00230,İSMAİL İMİR,OTOKLAV OPERATÖRÜ,SUSURLUK,08:04,17:35,08:00,17:35,"08:04, 17:35",9.52,1.5,8.0,7.5,0.5,0.0,8.0,NORMAL,False,
7.09.2026,7,Pazartesi,13720827796,00176,00176,ŞADİ BAŞARICI,BAKIM,KARACABEY,15:20,23:55,15:20,23:55,"15:20, 23:55",8.58,0.5,8.0,8.0,0.0,0.0,8.0,NORMAL,False,
7.09.2026,7,Pazartesi,38233180558,00178,00178,ŞAKİR KARAKAŞ,AMBAR,BANDIRMA,07:46,17:03,08:00,17:03,"07:46, 17:03",9.28,1.5,7.5,7.5,0.0,0.0,7.5,NORMAL,False,
7.09.2026,7,Pazartesi,25192322242,00179,00179,ŞAYİKA KOPARAN,AMBAR,BİGADİÇ,07:57,17:09,08:00,17:09,"07:57, 17:09",9.2,1.5,7.5,7.5,0.0,0.0,7.5,NORMAL,False,
7.09.2026,7,Pazartesi,38240191356,01161,01161,ŞENGÜL ALEMİN,ÜRETİM,HALİL DİĞRENCİ,-,19:55,08:00,19:55,19:55,11.92,1.5,10.5,7.5,3.0,0.0,10.5,GİRİŞ_YOK_AKŞAM,True,"Çıkış: 19:55 | Giriş Basılmadı (08:00 başı ile 10,5s korundu)"
8.09.2026,8,Salı,20437654348,00206,00206,ADALET KALAYCI,BALIK TEMİZLEME,BANDIRMA,07:39,18:06,08:00,18:06,"07:39, 18:06",10.45,1.5,8.5,7.5,1.0,0.0,8.5,NORMAL,False,
8.09.2026,8,Salı,18655664102,00011,00011,ADVİYE YARICI,BALIK TEMİZLEME,HALİL DİĞRENCİ,08:02,18:09,08:00,18:09,"08:02, 18:09",10.12,1.5,8.5,7.5,1.0,0.0,8.5,NORMAL,False,
8.09.2026,8,Salı,23527501454,00583,00583,AHMET BEYHAN,BAKIM,KARACABEY,07:45,20:02,08:00,20:02,"07:45, 20:02",12.28,1.5,10.5,7.5,3.0,0.0,10.5,NORMAL,False,
8.09.2026,8,Salı,16510742668,01154,01154,AKİF TÜRKÇÜ,BALIK TEMİZLİK,MKP,-,17:14,08:00,17:14,17:14,9.23,1.5,7.5,7.5,0.0,0.0,7.5,GİRİŞ_YOK_AKŞAM,True,"Çıkış: 17:14 | Giriş Basılmadı (08:00 başı ile 7,5s korundu)"
8.09.2026,8,Salı,18394573482,00208,00208,ANIL DEMİRTAŞ,KONSERVE ÜRETİM ELEMANI,GÖBEL,15:49,00:12,15:49,00:12,"15:49, 00:12",8.38,0.5,7.5,7.5,0.0,0.0,7.5,NORMAL,False,
8.09.2026,8,Salı,99320980932,00247,00247,ANUD ELMEAŞİ,BALIK TEMİZLEME,GÜVEN TURİZM,07:34,18:07,08:00,18:07,"07:34, 18:07",10.55,1.5,8.5,7.5,1.0,0.0,8.5,NORMAL,False,
8.09.2026,8,Salı,28336192374,00308,00308,ARZU KILA,AMBAR,BİGADİÇ,07:32,17:06,08:00,17:06,"07:32, 17:06",9.57,1.5,7.5,7.5,0.0,0.0,7.5,NORMAL,False,
8.09.2026,8,Salı,28033351500,01357,01357,ARZU ÖZTÜRK,BALIK TEMİZLEME,GÜVEN MUSTAFAKEMALPAŞA,07:59,18:06,08:00,18:06,"07:59, 18:06",10.12,1.5,8.5,7.5,1.0,0.0,8.5,NORMAL,False,
8.09.2026,8,Salı,24709461474,00894,00894,ASLI BAYRAKTAR,BALIK DOLUM,GÜVEN TURİZM,07:35,18:08,08:00,18:08,"07:35, 18:08",10.55,1.5,8.5,7.5,3.0,2.0,10.5,BÖLÜM_PRİMLİ,False,"Balık Dolum ve Kesim Primi: Fiili 8,5s -> Bonuslu 10,5s (+2,0s Prim)"
8.09.2026,8,Salı,22426711476,00754,00754,AYNUR DEMİRCAN,BALIK TEMİZLEME,HALİL DİĞRENCİ,07:45,18:07,08:00,18:07,"07:45, 18:07",10.37,1.5,8.5,7.5,1.0,0.0,8.5,NORMAL,False,
8.09.2026,8,Salı,13543834438,01145,01145,AYSEL ÇETİNTAŞ,ÜRETİM,HALİL DİĞRENCİ,08:00,17:06,08:00,17:06,"08:00, 17:06",9.1,1.5,7.5,7.5,0.0,0.0,7.5,NORMAL,False,
8.09.2026,8,Salı,25567503092,00211,00211,AYÇA SEZER,KALİTE,BANDIRMA,07:39,17:58,08:00,17:58,"07:39, 17:58",10.32,1.5,8.5,7.5,1.0,0.0,8.5,NORMAL,False,
8.09.2026,8,Salı,24280352994,00214,00214,AYŞE KARAMAN,BALIK TEMİZLEME,BALIKESİR,07:49,17:59,08:00,17:59,"07:49, 17:59",10.17,1.5,8.5,7.5,1.0,0.0,8.5,NORMAL,False,
8.09.2026,8,Salı,34120156552,00215,00215,AYŞE YILMAZ,BALIK DOLUM,MKP,09:44,19:48,09:30,19:48,"09:44, 19:48",10.07,1.5,8.5,6.0,4.5,2.0,10.5,BÖLÜM_PRİMLİ,False,"Balık Dolum ve Kesim Primi: Fiili 8,5s -> Bonuslu 10,5s (+2,0s Prim)"
8.09.2026,8,Salı,11284759850,00018,00018,AYŞE ÇENECİOĞLU,AMBAR,BİGADİÇ,07:32,17:06,08:00,17:06,"07:32, 17:06",9.57,1.5,7.5,7.5,0.0,0.0,7.5,NORMAL,False,
8.09.2026,8,Salı,25610607388,01353,01353,BAHAR FİDAN,ÜRETİM,SÇEVİKAT ÇELİK,20:01,08:00,00:00,08:00,"20:01, 08:00",11.98,0.5,7.5,7.5,0.0,0.0,7.5,NORMAL,False,
8.09.2026,8,Salı,12496719380,01139,01139,BEDİA KAYMAZ,AMBAR,BİGADİÇ,07:32,17:11,08:00,17:11,"07:32, 17:11",9.65,1.5,7.5,7.5,0.0,0.0,7.5,NORMAL,False,
8.09.2026,8,Salı,14725695762,00025,00025,BEHİCE YALMAN,BALIK DOLUM,GÖBEL,09:44,19:48,09:30,19:48,"09:44, 19:48",10.07,1.5,8.5,6.0,4.5,2.0,10.5,BÖLÜM_PRİMLİ,False,"Balık Dolum ve Kesim Primi: Fiili 8,5s -> Bonuslu 10,5s (+2,0s Prim)"
8.09.2026,8,Salı,11206757414,00902,00902,BERK BERBER,ÇEVRE MÜHENDİSİ,BANDIRMA,08:31,20:39,08:30,20:39,"08:31, 20:39",12.13,1.5,10.5,7.0,3.5,0.0,10.5,NORMAL,False,
8.09.2026,8,Salı,25297298992,00216,00216,BETÜL TUNÇ,BALIK TEMİZLEME,BANDIRMA,07:39,18:05,08:00,18:05,"07:39, 18:05",10.43,1.5,8.5,7.5,1.0,0.0,8.5,NORMAL,False,
8.09.2026,8,Salı,13741828666,01228,01228,BEYZA YAĞMUR HAN,ÜRETİM,HALİL DİĞRENCİ,20:02,08:00,00:00,08:00,"20:02, 08:00",11.97,0.5,7.5,7.5,0.0,0.0,7.5,NORMAL,False,
8.09.2026,8,Salı,10201948476,01170,01170,BUKET DÖNMEZ,KALİTE,HALİL DİĞRENCİ,08:00,17:11,08:00,17:11,"08:00, 17:11",9.18,1.5,7.5,7.5,0.0,0.0,7.5,NORMAL,False,
8.09.2026,8,Salı,36388061296,01284,01284,BUKET SARİBAL,BALIK TEMİZLEME,GÜVEN TURİZM,07:34,18:04,08:00,18:04,"07:34, 18:04",10.5,1.5,8.5,7.5,1.0,0.0,8.5,NORMAL,False,
8.09.2026,8,Salı,11950763822,01348,01348,BİLGİYE TOPAL,BALIK TEMİZLEME,GÜVEN MUSTAFAKEMALPAŞA,07:57,18:08,08:00,18:08,"07:57, 18:08",10.18,1.5,8.5,7.5,1.0,0.0,8.5,NORMAL,False,
8.09.2026,8,Salı,31678238334,00922,00922,CANSEL AKCAN,BALIK TEMİZLEME,GÜVEN MUSTAFAKEMALPAŞA,07:57,18:05,08:00,18:05,"07:57, 18:05",10.13,1.5,8.5,7.5,1.0,0.0,8.5,NORMAL,False,
8.09.2026,8,Salı,16933572286,00030,00030,CANSEVER ÇÇAKMAK,AMBAR,BİGADİÇ,07:32,17:08,08:00,17:08,"07:32, 17:08",9.6,1.5,7.5,7.5,0.0,0.0,7.5,NORMAL,False,
8.09.2026,8,Salı,33154180038,00031,00031,CEMALETTİN BEDİZCİ,BAKIM,KARACABEY,07:44,19:47,08:00,19:47,"07:44, 19:47",12.05,1.5,10.0,7.5,2.5,0.0,10.0,NORMAL,False,
8.09.2026,8,Salı,17488585028,00217,00217,CEMİLE KARAN,BALIK TEMİZLEME,BALIKESİR,07:50,17:59,08:00,17:59,"07:50, 17:59",10.15,1.5,8.5,7.5,1.0,0.0,8.5,NORMAL,False,
8.09.2026,8,Salı,23083367440,00320,00320,CEYDA ÖZ,KALİTE,BİGADİÇ,15:49,00:00,15:49,00:00,"15:49, 00:00",8.18,0.5,7.5,7.5,0.0,0.0,7.5,NORMAL,False,
8.09.2026,8,Salı,16699736366,01330,01330,CEYLAN BATAN,BALIK TEMİZLEME,GÜVEN MUSTAFAKEMALPAŞA,07:57,18:10,08:00,18:10,"07:57, 18:10",10.22,1.5,8.5,7.5,1.0,0.0,8.5,NORMAL,False,
8.09.2026,8,Salı,19313787324,00943,00943,CİHAN YILMAZ,BALIK,HALİL DİĞRENCİ,07:45,17:23,08:00,17:23,"07:45, 17:23",9.63,1.5,7.5,7.5,0.0,0.0,7.5,NORMAL,False,
8.09.2026,8,Salı,37525041782,00218,00218,DERYA SEVİNÇ,FORMEN,MKP,07:42,18:05,08:00,18:05,"07:42, 18:05",10.38,1.5,8.5,7.5,1.0,0.0,8.5,NORMAL,False,
8.09.2026,8,Salı,24961035246,01098,01098,DUDU ÖRENGÜL,KALİTE,GÜVEN MUSTAFAKEMALPAŞA,10:27,19:51,10:30,19:51,"10:27, 19:51",9.4,1.5,8.0,5.0,3.0,0.0,8.0,NORMAL,False,
8.09.2026,8,Salı,99848635024,00283,00283,DUHA EL MUFADDİ,BALIK TEMİZLEME,MKP,07:42,18:08,08:00,18:08,"07:42, 18:08",10.43,1.5,8.5,7.5,1.0,0.0,8.5,NORMAL,False,
8.09.2026,8,Salı,23509358892,00386,00386,DÖNDÜ ŞAHİN,KALİTE,BANDIRMA,23:34,08:03,00:00,08:03,"23:34, 08:03",8.48,0.5,7.5,7.5,0.0,0.0,7.5,NORMAL,False,
8.09.2026,8,Salı,17329708456,01285,01285,DİLEK ÇEKİN,BALIK TEMİZLEME,GÜVEN TURİZM,07:34,18:05,08:00,18:05,"07:34, 18:05",10.52,1.5,8.5,7.5,1.0,0.0,8.5,NORMAL,False,
8.09.2026,8,Salı,10456937386,01362,01362,DİLEK ÇETİN,,HALİL DİĞRENCİ,08:01,19:59,08:00,19:59,"08:01, 19:59",11.97,1.5,10.5,7.5,3.0,0.0,10.5,NORMAL,False,
8.09.2026,8,Salı,12562741222,00872,00872,EBRU ÖÖZALP,BALIK TEMİZLEME,BALIKESİR,07:50,18:03,08:00,18:03,"07:50, 18:03",10.22,1.5,8.5,7.5,1.0,0.0,8.5,NORMAL,False,
8.09.2026,8,Salı,29563469352,00563,00563,EDİP EKİNCİ,KAZAN,SUSURLUK,19:46,07:53,19:30,07:53,"19:46, 07:53",12.12,0.5,12.0,4.0,8.0,0.0,12.0,NORMAL,False,
8.09.2026,8,Salı,10066843626,00374,00374,EFE EVİM,AMBAR,BİGADİÇ,07:33,17:07,08:00,17:07,"07:33, 17:07",9.57,1.5,7.5,7.5,0.0,0.0,7.5,NORMAL,False,
8.09.2026,8,Salı,14266711334,00037,00037,EFRAİM DUMAN,AMBAR,SUSURLUK,19:46,07:56,19:30,07:56,"19:46, 07:56",12.17,0.5,12.0,4.0,8.0,0.0,12.0,NORMAL,False,
8.09.2026,8,Salı,20036722080,00039,00039,ELMAS OMAY,AMBAR,BALIKESİR,07:49,17:58,08:00,17:58,"07:49, 17:58",10.15,1.5,8.5,7.5,1.0,0.0,8.5,NORMAL,False,
8.09.2026,8,Salı,16591633060,00038,00038,ELİF TUNÇ,KALİTE,BANDIRMA,05:53,18:49,00:00,18:49,"05:53, 18:49",12.93,0.5,18.0,7.5,10.5,0.0,18.0,NORMAL,False,
8.09.2026,8,Salı,20266511430,00002,00002,ELİF YAVAŞ,MUHASEBE,SUSURLUK,08:07,17:05,08:00,17:05,"08:07, 17:05",8.97,1.5,7.5,7.5,0.0,0.0,7.5,NORMAL,False,
8.09.2026,8,Salı,31009103096,00204,00204,EMEL SANAN,AMBAR,BİGADİÇ,07:32,17:12,08:00,17:12,"07:32, 17:12",9.67,1.5,7.5,7.5,0.0,0.0,7.5,NORMAL,False,
8.09.2026,8,Salı,21550576494,01091,01091,EMRE BAŞAR,ÜRETİM,GÜVEN MUSTAFAKEMALPAŞA,07:59,20:01,08:00,20:01,"07:59, 20:01",12.03,1.5,10.5,7.5,3.0,0.0,10.5,NORMAL,False,
8.09.2026,8,Salı,12523718256,00043,00043,EMİNE BAYER,AMBAR,BİGADİÇ,07:32,17:06,08:00,17:06,"07:32, 17:06",9.57,1.5,7.5,7.5,0.0,0.0,7.5,NORMAL,False,
8.09.2026,8,Salı,16111749134,01300,01300,EMİNE KARAMAN,BALIK TEMİZLEME,HALİL DİĞRENCİ,08:02,18:06,08:00,18:06,"08:02, 18:06",10.07,1.5,8.5,7.5,1.0,0.0,8.5,NORMAL,False,
8.09.2026,8,Salı,12379749978,00197,00197,EMİNE SARI,YEMEKHANE,BALIKESİR,07:49,17:59,08:00,17:59,"07:49, 17:59",10.17,1.5,8.5,7.5,1.0,0.0,8.5,NORMAL,False,
8.09.2026,8,Salı,45328882280,00859,00859,EMİNE YAVUZ,BALIK TEMİZLEME,GÜVEN TURİZM,07:34,18:05,08:00,18:05,"07:34, 18:05",10.52,1.5,8.5,7.5,1.0,0.0,8.5,NORMAL,False,
8.09.2026,8,Salı,20503503198,00045,00045,EMİNE ÇAPAR,YEMEKHANE,GÖBEL,18:44,04:44,18:30,04:44,"18:44, 04:44",10.0,0.5,9.5,5.0,4.5,0.0,9.5,NORMAL,False,
8.09.2026,8,Salı,10036852948,00046,00046,EMİRHAN MUTLU,BAKIM,GÖBEL,08:11,17:28,08:00,17:28,"08:11, 17:28",9.28,1.5,8.0,7.5,0.5,0.0,8.0,NORMAL,False,
8.09.2026,8,Salı,29470204244,00007,00007,ENDER BİLBAY,KAPI GÖREVLİSİ,GÖBEL,15:50,00:02,15:50,00:02,"15:50, 00:02",8.2,0.5,7.5,7.5,0.0,0.0,7.5,NORMAL,False,
8.09.2026,8,Salı,98284188514,00293,00293,ENES ABDE,BALIK TEMİZLEME,MKP,07:42,18:07,08:00,18:07,"07:42, 18:07",10.42,1.5,8.5,7.5,1.0,0.0,8.5,NORMAL,False,
8.09.2026,8,Salı,34795126850,01351,01351,ERCAN POLAT,BİLGİSAYAR MÜHENDİSİ,KARACABEY,07:47,18:00,08:00,18:00,"07:47, 18:00",10.22,1.5,8.5,7.5,1.0,0.0,8.5,NORMAL,False,
8.09.2026,8,Salı,23131415628,00047,00047,ERDİN TETİK,MEYDAN,SUSURLUK,23:51,07:53,00:00,07:53,"23:51, 07:53",8.03,0.5,7.5,7.5,0.0,0.0,7.5,NORMAL,False,
8.09.2026,8,Salı,22260441248,00198,00198,ERSİN ESER,BAKIM,GÖBEL,07:57,07:59,07:57,07:59,"07:57, 19:55, 07:59",0.05,0.0,7.5,7.5,0.0,0.0,7.5,ÇOKLU_BASIM_MIN_MAX,True,"Çoklu Basım: İlk Giriş 07:57, Son Çıkış 07:59 (7,5s)"
8.09.2026,8,Salı,32372355358,01081,01081,ESMER BİÇER,ÜRETİM,HALİL DİĞRENCİ,08:01,17:06,08:00,17:06,"08:01, 17:06",9.08,1.5,7.5,7.5,0.0,0.0,7.5,NORMAL,False,
8.09.2026,8,Salı,11633067636,00221,00221,EİREMŞAH KIZILKAYA,BALIK DOLUM,GÖBEL,09:44,19:48,09:30,19:48,"09:44, 19:48",10.07,1.5,8.5,6.0,4.5,2.0,10.5,BÖLÜM_PRİMLİ,False,"Balık Dolum ve Kesim Primi: Fiili 8,5s -> Bonuslu 10,5s (+2,0s Prim)"
8.09.2026,8,Salı,35183294274,00926,00926,FATMA DEMİRER,BALIK TEMİZLEME,GÜVEN MUSTAFAKEMALPAŞA,07:57,18:06,08:00,18:06,"07:57, 18:06",10.15,1.5,8.5,7.5,1.0,0.0,8.5,NORMAL,False,
8.09.2026,8,Salı,32986036254,00056,00056,FATMA ÇAM,ÜRETİM,BİGADİÇ,15:49,00:04,15:49,00:04,"15:49, 00:04",8.25,0.5,7.5,7.5,0.0,0.0,7.5,NORMAL,False,
8.09.2026,8,Salı,31594082608,00057,00057,FATMA ÖZÇAM,ÜRETİM,BİGADİÇ,15:49,00:08,15:49,00:08,"15:49, 00:08",8.32,0.5,7.5,7.5,0.0,0.0,7.5,NORMAL,False,
8.09.2026,8,Salı,11890896888,00223,00223,FATMAGÜL ÇEKİ,BALIK DOLUM,MKP,09:44,19:48,09:30,19:48,"09:44, 19:48",10.07,1.5,8.5,6.0,4.5,2.0,10.5,BÖLÜM_PRİMLİ,False,"Balık Dolum ve Kesim Primi: Fiili 8,5s -> Bonuslu 10,5s (+2,0s Prim)"
8.09.2026,8,Salı,21898406446,01065,01065,FERUDUN BAKAN,ÜRETİM,BİGADİÇ,15:49,00:03,15:49,00:03,"15:49, 00:03",8.23,0.5,7.5,7.5,0.0,0.0,7.5,NORMAL,False,
8.09.2026,8,Salı,31933222184,00224,00224,FEVZİYE EREL,BALIK TEMİZLEME,HALİL DİĞRENCİ,08:02,18:02,08:00,18:02,"08:02, 18:02",10.0,1.5,8.5,7.5,1.0,0.0,8.5,NORMAL,False,
8.09.2026,8,Salı,17431713232,00927,00927,FİSUN ETİLER,,GÜVEN MUSTAFAKEMALPAŞA,07:57,18:01,08:00,18:01,"07:57, 18:01",10.07,1.5,8.5,7.5,1.0,0.0,8.5,NORMAL,False,
8.09.2026,8,Salı,33739783340,00739,00739,GURBET DUMAN,BALIK TEMİZLEME,HALİL DİĞRENCİ,08:03,18:05,08:00,18:05,"08:03, 18:05",10.03,1.5,8.5,7.5,1.0,0.0,8.5,NORMAL,False,
8.09.2026,8,Salı,33379057108,00423,00423,GÜLAY GÜNDOĞDU,BALIK TEMİZLEME,BALIKESİR,07:49,18:01,08:00,18:01,"07:49, 18:01",10.2,1.5,8.5,7.5,1.0,0.0,8.5,NORMAL,False,
8.09.2026,8,Salı,24541318660,00065,00065,GÜLCAN BİLGİÇ,AMBAR,BİGADİÇ,07:32,17:06,08:00,17:06,"07:32, 17:06",9.57,1.5,7.5,7.5,0.0,0.0,7.5,NORMAL,False,
8.09.2026,8,Salı,33211034366,00225,00225,GÜLER ÇAPKIN,BALIK TEMİZLEME,KARACABEY,07:39,18:06,08:00,18:06,"07:39, 18:06",10.45,1.5,8.5,7.5,1.0,0.0,8.5,NORMAL,False,
8.09.2026,8,Salı,53689106020,00073,00073,GÜLSÜM GÖRGÜLÜ,AMBAR,BİGADİÇ,07:32,17:06,08:00,17:06,"07:32, 17:06",9.57,1.5,7.5,7.5,0.0,0.0,7.5,NORMAL,False,
8.09.2026,8,Salı,45184908278,00226,00226,GÜLTEN DURMAZ,BALIK DOLUM,GÖBEL,09:44,19:48,09:30,19:48,"09:44, 19:48",10.07,1.5,8.5,6.0,4.5,2.0,10.5,BÖLÜM_PRİMLİ,False,"Balık Dolum ve Kesim Primi: Fiili 8,5s -> Bonuslu 10,5s (+2,0s Prim)"
8.09.2026,8,Salı,10996768938,00071,00071,GÜLTEN GİDER,AMBAR,BİGADİÇ,07:32,17:07,08:00,17:07,"07:32, 17:07",9.58,1.5,7.5,7.5,0.0,0.0,7.5,NORMAL,False,
8.09.2026,8,Salı,21010592606,01022,01022,GÜLÜMSER KARABIYIK,BALIK TEMİZLEME,GÜVEN MUSTAFAKEMALPAŞA,07:59,17:59,08:00,17:59,"07:59, 17:59",10.0,1.5,8.5,7.5,1.0,0.0,8.5,NORMAL,False,
8.09.2026,8,Salı,11257940650,01202,01202,GÜLŞEN YAĞMUR YÜKSEL,ÜRETİM,GÜVEN MUSTAFAKEMALPAŞA,07:58,20:00,08:00,20:00,"07:58, 20:00",12.03,1.5,10.5,7.5,3.0,0.0,10.5,NORMAL,False,
8.09.2026,8,Salı,11593899780,00773,00773,GÜRAY PALA,BALIK KESİM,HALİL DİĞRENCİ,20:05,08:00,00:00,08:00,"20:05, 08:00",11.92,0.5,7.5,7.5,2.0,2.0,9.5,BÖLÜM_PRİMLİ,False,"Balık Dolum ve Kesim Primi: Fiili 7,5s -> Bonuslu 9,5s (+2,0s Prim)"
8.09.2026,8,Salı,23638497776,00075,00075,HACER BEYHAN,BALIK TEMİZLEME,HALİL DİĞRENCİ,07:45,18:05,08:00,18:05,"07:45, 18:05",10.33,1.5,8.5,7.5,1.0,0.0,8.5,NORMAL,False,
8.09.2026,8,Salı,22639531168,01078,01078,HAFİZE AVCIOĞLU,BALIK TEMİZLEME,GÜVEN TURİZM,07:34,18:06,08:00,18:06,"07:34, 18:06",10.53,1.5,8.5,7.5,1.0,0.0,8.5,NORMAL,False,
8.09.2026,8,Salı,20290485820,01060,01060,HANİFE YILDIRIM,BALIK TEMİZLEME,BALIKESİR,07:49,18:04,08:00,18:04,"07:49, 18:04",10.25,1.5,8.5,7.5,1.0,0.0,8.5,NORMAL,False,
8.09.2026,8,Salı,14779989510,00080,00080,HARUN YAHYA DURSUN,BALIK DOLUM,GÖBEL,10:30,21:28,10:30,21:28,"10:30, 21:28",10.97,1.5,9.5,5.0,6.5,2.0,11.5,BÖLÜM_PRİMLİ,False,"Balık Dolum ve Kesim Primi: Fiili 9,5s -> Bonuslu 11,5s (+2,0s Prim)"
8.09.2026,8,Salı,45823635220,01148,01148,HATİCE GÖLBAŞ,ÜRETİM,HALİL DİĞRENCİ,08:03,17:06,08:00,17:06,"08:03, 17:06",9.05,1.5,7.5,7.5,0.0,0.0,7.5,NORMAL,False,
8.09.2026,8,Salı,31324091924,00084,00084,HATİCE KURT,ÜRETİM,BİGADİÇ,15:48,00:10,15:48,00:10,"15:48, 00:10",8.37,0.5,7.5,7.5,0.0,0.0,7.5,NORMAL,False,
8.09.2026,8,Salı,10817807990,01096,01096,HATİCE ONUK,ÜRETİM,HALİL DİĞRENCİ,08:00,17:58,08:00,17:58,"08:00, 17:58",9.97,1.5,8.5,7.5,1.0,0.0,8.5,NORMAL,False,
8.09.2026,8,Salı,33850041688,00577,00577,HATİCE SAVAŞÇI,BALIK TEMİZLEME,BALIKESİR,07:50,18:01,08:00,18:01,"07:50, 18:01",10.18,1.5,8.5,7.5,1.0,0.0,8.5,NORMAL,False,
8.09.2026,8,Salı,26002427744,00227,00227,HAVVA ALPER,BALIK DOLUM,MKP,09:45,19:48,09:30,19:48,"09:45, 19:48",10.05,1.5,8.5,6.0,4.5,2.0,10.5,BÖLÜM_PRİMLİ,False,"Balık Dolum ve Kesim Primi: Fiili 8,5s -> Bonuslu 10,5s (+2,0s Prim)"
8.09.2026,8,Salı,26653281238,00228,00228,HAVVA BAYRAM,BALIK TEMİZLEME,BALIKESİR,07:49,18:00,08:00,18:00,"07:49, 18:00",10.18,1.5,8.5,7.5,1.0,0.0,8.5,NORMAL,False,
8.09.2026,8,Salı,10156949566,01270,01270,HAYRİYE BEYİRKEN,ÜRETİM,HALİL DİĞRENCİ,08:01,20:00,08:00,20:00,"08:01, 08:02, 20:00",11.98,1.5,10.5,7.5,3.0,0.0,10.5,ÇOKLU_BASIM_MIN_MAX,True,"Çoklu Basım: İlk Giriş 08:01, Son Çıkış 20:00 (10,5s)"
8.09.2026,8,Salı,11284916406,01143,01143,HÜLYA TANIŞ,BALIK TEMİZLEME,GÜVEN MUSTAFAKEMALPAŞA,07:57,18:06,08:00,18:06,"07:57, 18:06",10.15,1.5,8.5,7.5,1.0,0.0,8.5,NORMAL,False,
8.09.2026,8,Salı,30856107820,00091,00091,HÜLYA ÜÜNAL,AMBAR,BİGADİÇ,07:32,17:11,08:00,17:11,"07:32, 17:11",9.65,1.5,7.5,7.5,0.0,0.0,7.5,NORMAL,False,
8.09.2026,8,Salı,23524501518,00231,00231,KADRİYE BEYHAN,BALIK TEMİZLEME,HALİL DİĞRENCİ,07:45,18:04,08:00,18:04,"07:45, 18:04",10.32,1.5,8.5,7.5,1.0,0.0,8.5,NORMAL,False,
8.09.2026,8,Salı,49981303052,00093,00093,KADİR AZAR,AMBAR,KARACABEY,07:38,17:58,08:00,17:58,"07:38, 17:58",10.33,1.5,8.5,7.5,1.0,0.0,8.5,NORMAL,False,
8.09.2026,8,Salı,27448226656,00095,00095,KAMİLE DAĞDÇELEN,AMBAR,BİGADİÇ,07:32,17:06,08:00,17:06,"07:32, 17:06",9.57,1.5,7.5,7.5,0.0,0.0,7.5,NORMAL,False,
8.09.2026,8,Salı,99656887974,00294,00294,KEFA EL HUDUR,BALIK TEMİZLEME,MKP,07:43,18:07,08:00,18:07,"07:43, 18:07",10.4,1.5,8.5,7.5,1.0,0.0,8.5,NORMAL,False,
8.09.2026,8,Salı,33067084584,00097,00097,KEMAL DURMUŞ,İŞLETME,SUSURLUK,19:47,08:04,19:30,08:04,"19:47, 08:04",12.28,0.5,12.0,4.0,8.0,0.0,12.0,NORMAL,False,
8.09.2026,8,Salı,33397029286,01327,01327,KÜBÜŞRA ALTAY,SATIN ALMA,BANDIRMA,07:39,18:00,08:00,18:00,"07:39, 18:00",10.35,1.5,8.5,7.5,1.0,0.0,8.5,NORMAL,False,
8.09.2026,8,Salı,25657430024,00199,00199,KÜRŞAT TÜRKAN,BAKIM,KARACABEY,07:54,18:15,08:00,18:15,"07:54, 18:15",10.35,1.5,8.5,7.5,1.0,0.0,8.5,NORMAL,False,
8.09.2026,8,Salı,99959615564,00200,00200,MAHMOUD ALZALEK,ELEKTRİK,SUSURLUK,19:47,07:59,19:30,07:59,"19:47, 07:59",12.2,0.5,12.0,4.0,8.0,0.0,12.0,NORMAL,False,
8.09.2026,8,Salı,20458603738,00528,00528,MAHMURE ESEN,BALIK TEMİZLEME,HALİL DİĞRENCİ,07:45,18:05,08:00,18:05,"07:45, 18:05",10.33,1.5,8.5,7.5,1.0,0.0,8.5,NORMAL,False,
8.09.2026,8,Salı,29749160806,00104,00104,MAHİR HİLMİ ULUKÖK,YENİ BALIK HATTI,SUSURLUK,08:02,17:27,08:00,17:27,"08:02, 17:27",9.42,1.5,8.0,7.5,0.5,0.0,8.0,NORMAL,False,
8.09.2026,8,Salı,13876724772,00500,00500,MEHMET KARTAL,AMBAR,SUSURLUK,19:47,07:52,19:30,07:52,"19:47, 07:52",12.08,0.5,12.0,4.0,8.0,0.0,12.0,NORMAL,False,
8.09.2026,8,Salı,30181166332,00233,00233,MEMNUNE KARAMAN,BALIK TEMİZLEME,BALIKESİR,07:49,18:04,08:00,18:04,"07:49, 18:04",10.25,1.5,8.5,7.5,1.0,0.0,8.5,NORMAL,False,
8.09.2026,8,Salı,61984174392,01070,01070,MESERRET DAĞ,ÜRETİM,SÇEVİKAT ÇELİK,20:03,08:01,00:00,08:01,"20:03, 08:01",11.97,0.5,7.5,7.5,0.0,0.0,7.5,NORMAL,False,
8.09.2026,8,Salı,28027546004,00112,00112,MESUT ERDEL,BAKIM,SUSURLUK,08:04,17:28,08:00,17:28,"08:04, 17:28",9.4,1.5,8.0,7.5,0.5,0.0,8.0,NORMAL,False,
8.09.2026,8,Salı,25354441064,01264,01264,METANET DİNÇER,ÜRETİM,HALİL DİĞRENCİ,20:03,07:59,00:00,07:59,"20:03, 07:59",11.93,0.5,7.5,7.5,0.0,0.0,7.5,NORMAL,False,
8.09.2026,8,Salı,99248627704,00005,00005,MHD BASSEL ALZALEK,ELEKTRİK,SUSURLUK,07:23,19:51,08:00,19:51,"07:23, 19:51",12.47,1.5,10.5,7.5,3.0,0.0,10.5,NORMAL,False,
8.09.2026,8,Salı,99347757876,00116,00116,MUHAMMED SAMİH SERHAN,AMBAR,GÖBEL,19:35,07:53,19:30,07:53,"19:35, 07:53",12.3,0.5,12.0,4.0,8.0,0.0,12.0,NORMAL,False,
8.09.2026,8,Salı,23329391024,00514,00514,MUKATDES KARAMANOĞLU,BALIK TEMİZLEME,BALIKESİR,07:50,18:03,08:00,18:03,"07:50, 18:03",10.22,1.5,8.5,7.5,1.0,0.0,8.5,NORMAL,False,
8.09.2026,8,Salı,15205679746,00572,00572,MURAT YONSUL,AMBAR,GÖBEL,07:46,20:17,08:00,20:17,"07:46, 20:17",12.52,1.5,10.5,7.5,3.0,0.0,10.5,NORMAL,False,
8.09.2026,8,Salı,25621221832,00118,00118,MUSTAFA KAYA,İŞLETME,MKP,07:42,19:59,08:00,19:59,"07:42, 19:59",12.28,1.5,10.5,7.5,3.0,0.0,10.5,NORMAL,False,
8.09.2026,8,Salı,,01373,01373,MUSTAFA KURT,,HALİL DİĞRENCİ,07:38,18:05,08:00,18:05,"07:38, 18:05",10.45,1.5,8.5,7.5,1.0,0.0,8.5,NORMAL,False,
8.09.2026,8,Salı,21976553468,00234,00234,MÜCAHİT ÇOLAK,BALIK TEMİZLEME,KARACABEY,07:39,18:03,08:00,18:03,"07:39, 18:03",10.4,1.5,8.5,7.5,1.0,0.0,8.5,NORMAL,False,
8.09.2026,8,Salı,31195265912,01056,01056,MÜRVET ÇAKAN,BALIK TEMİZLEME,HALİL DİĞRENCİ,08:02,18:05,08:00,18:05,"08:02, 18:05",10.05,1.5,8.5,7.5,1.0,0.0,8.5,NORMAL,False,
8.09.2026,8,Salı,23539402008,00716,00716,MÜRVET ŞAFAK,ÜRETİM,SUSURLUK TUR-REŞAT,07:50,17:05,08:00,17:05,"07:50, 17:05",9.25,1.5,7.5,7.5,0.0,0.0,7.5,NORMAL,False,
8.09.2026,8,Salı,33124024560,00120,00120,MÜZEYYEN ERDİNÇ,BALIK TEMİZLEME,BALIKESİR,07:50,18:05,08:00,18:05,"07:50, 18:05",10.25,1.5,8.5,7.5,1.0,0.0,8.5,NORMAL,False,
8.09.2026,8,Salı,12556753194,00235,00235,NACİYE KARABULUT,BALIK TEMİZLEME,BALIKESİR,07:49,18:01,08:00,18:01,"07:49, 18:01",10.2,1.5,8.5,7.5,1.0,0.0,8.5,NORMAL,False,
8.09.2026,8,Salı,16324748870,01178,01178,NAZMİYE ÇELİK,BALIK TEMİZLEME,GÜVEN MUSTAFAKEMALPAŞA,07:57,18:11,08:00,18:11,"07:57, 18:11",10.23,1.5,8.5,7.5,1.0,0.0,8.5,NORMAL,False,
8.09.2026,8,Salı,28510235804,00121,00121,NAİL AKSOY,ŞÖFÖR,SUSURLUK,23:52,08:01,00:00,08:01,"09:09, 23:52, 08:01",8.15,0.5,7.5,7.5,0.0,0.0,7.5,ÇOKLU_BASIM_MIN_MAX,True,"Çoklu Basım: İlk Giriş 23:52, Son Çıkış 08:01 (7,5s)"
8.09.2026,8,Salı,38710924712,00887,00887,NECLA ABİ,BALIK TEMİZLEME,GÜVEN TURİZM,07:35,18:06,08:00,18:06,"07:35, 18:06",10.52,1.5,8.5,7.5,1.0,0.0,8.5,NORMAL,False,
8.09.2026,8,Salı,24031385950,00380,00380,NECMİ SEVER,MEYDAN,GÖBEL,07:45,16:43,08:00,16:43,"07:45, 16:43",8.97,1.5,7.0,7.0,0.0,0.0,7.0,NORMAL,False,
8.09.2026,8,Salı,21991561554,00930,00930,NECMİYE ÜÜLKER,BALIK TEMİZLEME,GÜVEN MUSTAFAKEMALPAŞA,07:57,18:01,08:00,18:01,"07:57, 18:01",10.07,1.5,8.5,7.5,1.0,0.0,8.5,NORMAL,False,
8.09.2026,8,Salı,15842906410,01080,01080,NERMİN BİÇER,ÜRETİM,HALİL DİĞRENCİ,08:01,17:06,08:00,17:06,"08:01, 17:06",9.08,1.5,7.5,7.5,0.0,0.0,7.5,NORMAL,False,
8.09.2026,8,Salı,14452686422,00371,00371,NESRİN GÜZEL,BALIK TEMİZLEME,BALIKESİR,07:49,18:03,08:00,18:03,"07:49, 18:03",10.23,1.5,8.5,7.5,1.0,0.0,8.5,NORMAL,False,
8.09.2026,8,Salı,17902565544,00128,00128,NURAY AVCI,YEMEKHANE,BALIKESİR,07:50,17:59,08:00,17:59,"07:50, 17:59",10.15,1.5,8.5,7.5,1.0,0.0,8.5,NORMAL,False,
8.09.2026,8,Salı,25970637896,00129,00129,NURAY ELİSÇIKIŞ,AMBAR,BALIKESİR,07:49,17:59,08:00,17:59,"07:49, 17:59",10.17,1.5,8.5,7.5,1.0,0.0,8.5,NORMAL,False,
8.09.2026,8,Salı,38449011448,01040,01040,NURAY LAÇİN,ÜRETİM,GÜVEN MUSTAFAKEMALPAŞA,07:58,20:00,08:00,20:00,"07:58, 20:00",12.03,1.5,10.5,7.5,3.0,0.0,10.5,NORMAL,False,
8.09.2026,8,Salı,21478446602,00236,00236,NURCAN EREN,BALIK TEMİZLEME,BALIKESİR,07:49,18:00,08:00,18:00,"07:49, 18:00",10.18,1.5,8.5,7.5,1.0,0.0,8.5,NORMAL,False,
8.09.2026,8,Salı,15736612786,01352,01352,NURGÜL ADIGÜL,ÜRETİM,BİGADİÇ,15:49,00:03,15:49,00:03,"15:49, 00:03",8.23,0.5,7.5,7.5,0.0,0.0,7.5,NORMAL,False,
8.09.2026,8,Salı,13318692676,01064,01064,NURGÜL PARLAS,ÜRETİM,BİGADİÇ,15:49,00:04,15:49,00:04,"15:49, 00:04",8.25,0.5,7.5,7.5,0.0,0.0,7.5,NORMAL,False,
8.09.2026,8,Salı,22186447318,00137,00137,NURTEN CAN,ÜRETİM,SUSURLUK TUR-REŞAT,07:37,19:10,08:00,19:10,"07:37, 19:10",11.55,1.5,9.5,7.5,2.0,0.0,9.5,NORMAL,False,
8.09.2026,8,Salı,27289383990,00931,00931,NURTEN ERDEM,BALIK TEMİZLEME,GÜVEN MUSTAFAKEMALPAŞA,07:58,18:08,08:00,18:08,"07:58, 18:08",10.17,1.5,8.5,7.5,1.0,0.0,8.5,NORMAL,False,
8.09.2026,8,Salı,13420739290,00003,00003,NURİ GÜLSER,KAPI GÖREVLİSİ,GÖBEL,07:45,15:55,08:00,15:55,"07:45, 15:55",8.17,0.5,7.5,7.5,0.0,0.0,7.5,NORMAL,False,
8.09.2026,8,Salı,52996654668,00237,00237,NURİYE AKKUŞ,BALIK TEMİZLEME,BANDIRMA,07:39,18:06,08:00,18:06,"07:39, 18:06",10.45,1.5,8.5,7.5,1.0,0.0,8.5,NORMAL,False,
8.09.2026,8,Salı,13189854302,00006,00006,OZAN BUĞA,BAKIM,MKP,23:47,07:44,00:00,07:44,"23:47, 07:44",7.95,0.5,7.0,7.0,0.0,0.0,7.0,NORMAL,False,
8.09.2026,8,Salı,01376,01376,01376,PERİHAN YOZAN,DİĞER,HALİL DİĞRENCİ,07:59,17:59,08:00,17:59,"07:59, 17:59",10.0,1.5,8.5,7.5,1.0,0.0,8.5,NORMAL,False,
8.09.2026,8,Salı,29677146866,00238,00238,RABİYE ÇENECİOĞLU,BALIK TEMİZLEME,BALIKESİR,07:50,18:04,08:00,18:04,"07:50, 18:04",10.23,1.5,8.5,7.5,1.0,0.0,8.5,NORMAL,False,
8.09.2026,8,Salı,29359208356,00145,00145,RAMAZAN KÜÇÜKÇÇAKIR,ŞÖFÖR,SUSURLUK,07:56,16:58,08:00,16:58,"07:56, 16:58",9.03,1.5,7.5,7.5,0.0,0.0,7.5,NORMAL,False,
8.09.2026,8,Salı,24022385860,01316,01316,RECEP İÇÖZ,MEYDAN,GÖBEL,07:38,17:04,08:00,17:04,"07:38, 17:04",9.43,1.5,7.5,7.5,0.0,0.0,7.5,NORMAL,False,
8.09.2026,8,Salı,28108249688,00146,00146,RIDVAN DEMİRDAK,ŞÖFÖR,GÖBEL,-,15:54,08:00,15:54,15:54,7.9,0.5,7.5,7.5,0.0,0.0,7.5,GİRİŞ_YOK_AKŞAM,True,"Çıkış: 15:54 | Giriş Basılmadı (08:00 başı ile 7,5s korundu)"
8.09.2026,8,Salı,34807027090,00536,00536,SABRİ ACAR,YENİ BALIK HATTI,SUSURLUK,23:48,07:45,00:00,07:45,"08:04, 23:48, 07:45",7.95,0.5,7.0,7.0,0.0,0.0,7.0,ÇOKLU_BASIM_MIN_MAX,True,"Çoklu Basım: İlk Giriş 23:48, Son Çıkış 07:45 (7,0s)"
8.09.2026,8,Salı,31027151864,00147,00147,SABİHA GİRGİN,ÜRETİM,SUSURLUK TUR-REŞAT,07:37,17:05,08:00,17:05,"07:37, 17:05",9.47,1.5,7.5,7.5,0.0,0.0,7.5,NORMAL,False,
8.09.2026,8,Salı,16579732808,01341,01341,SANİYE AKBAY,ÜRETİM,SÇEVİKAT ÇELİK,20:05,08:06,00:00,08:06,"20:05, 08:06",12.02,0.5,7.5,7.5,0.0,0.0,7.5,NORMAL,False,
8.09.2026,8,Salı,30373124058,00149,00149,SANİYE CEYLAN,AMBAR,BİGADİÇ,07:32,17:08,08:00,17:08,"07:32, 17:08",9.6,1.5,7.5,7.5,0.0,0.0,7.5,NORMAL,False,
8.09.2026,8,Salı,14164714154,00150,00150,SARA EROĞLU,AMBAR,BALIKESİR,07:49,17:05,08:00,17:05,"07:49, 17:05",9.27,1.5,7.5,7.5,0.0,0.0,7.5,NORMAL,False,
8.09.2026,8,Salı,24178356332,00153,00153,SEHER ÖZDEN,YEMEKHANE,BALIKESİR,07:50,17:59,08:00,17:59,"07:50, 17:59",10.15,1.5,8.5,7.5,1.0,0.0,8.5,NORMAL,False,
8.09.2026,8,Salı,11248811624,00009,00009,SELAHATTİN SÖĞÜT,ŞÖFÖR,GÖBEL,09:08,19:55,09:00,19:55,"09:08, 19:55",10.78,1.5,9.5,6.5,3.0,0.0,9.5,NORMAL,False,
8.09.2026,8,Salı,19723478966,01069,01069,SELMA AYHAN,ÜRETİM,BİGADİÇ,15:49,00:05,15:49,00:05,"15:49, 00:05",8.27,0.5,7.5,7.5,0.0,0.0,7.5,NORMAL,False,
8.09.2026,8,Salı,49369567458,00559,00559,SELMA TUNÇ,BALIK TEMİZLEME,BALIKESİR,07:49,18:04,08:00,18:04,"07:49, 18:04",10.25,1.5,8.5,7.5,1.0,0.0,8.5,NORMAL,False,
8.09.2026,8,Salı,33451458564,01227,01227,SELMATA ANIK,ÜRETİM,HALİL DİĞRENCİ,20:02,08:02,00:00,08:02,"20:02, 08:02",12.0,0.5,7.5,7.5,0.0,0.0,7.5,NORMAL,False,
8.09.2026,8,Salı,,01371,01371,SELİM KIRAY,,GÜVEN MUSTAFAKEMALPAŞA,07:45,17:10,08:00,17:10,"07:45, 17:10",9.42,1.5,7.5,7.5,0.0,0.0,7.5,NORMAL,False,
8.09.2026,8,Salı,19633628390,01279,01279,SERAP KURUMLU,BALIK TEMİZLEME,GÜVEN MUSTAFAKEMALPAŞA,07:58,18:08,08:00,18:08,"07:58, 18:08",10.17,1.5,8.5,7.5,1.0,0.0,8.5,NORMAL,False,
8.09.2026,8,Salı,16231745504,01129,01129,SERKAN YUMİTKEN,ÜRETİM,HALİL DİĞRENCİ,08:02,20:03,08:00,20:03,"08:02, 20:03",12.02,1.5,10.5,7.5,3.0,0.0,10.5,NORMAL,False,
8.09.2026,8,Salı,13696829374,01361,01361,SERPİL İİPEK,,HALİL DİĞRENCİ,20:02,08:05,00:00,08:05,"20:02, 08:05",12.05,0.5,7.5,7.5,0.0,0.0,7.5,NORMAL,False,
8.09.2026,8,Salı,13498698468,00165,00165,SEVGİ AYCAN,BALIK TEMİZLEME,BANDIRMA,07:39,18:05,08:00,18:05,"07:39, 18:05",10.43,1.5,8.5,7.5,1.0,0.0,8.5,NORMAL,False,
8.09.2026,8,Salı,17611699134,00884,00884,SEVİLAY DÖNMEZ,BALIK TEMİZLEME,GÜVEN TURİZM,07:34,18:08,08:00,18:08,"07:34, 18:08",10.57,1.5,8.5,7.5,1.0,0.0,8.5,NORMAL,False,
8.09.2026,8,Salı,29200163070,01066,01066,SEZGİN YILDIRIM,ÜRETİM,BİGADİÇ,15:48,00:03,15:48,00:03,"15:48, 00:03",8.25,0.5,7.5,7.5,0.0,0.0,7.5,NORMAL,False,
8.09.2026,8,Salı,01370,01370,01370,SEZGİN İRGÖREN,DİĞER,GÜVEN MUSTAFAKEMALPAŞA,07:37,15:10,08:00,15:10,"07:37, 15:10",7.55,1.5,5.5,5.5,0.0,0.0,5.5,NORMAL,False,
8.09.2026,8,Salı,01374,01374,01374,SUZAN ÇİFTÇİ,DİĞER,HALİL DİĞRENCİ,08:04,20:00,08:00,20:00,"08:04, 20:00",11.93,1.5,10.5,7.5,3.0,0.0,10.5,NORMAL,False,
8.09.2026,8,Salı,10582783284,00170,00170,SİBEL ÇÇAKIR,ÜRETİM,BİGADİÇ,15:50,00:07,15:50,00:07,"15:50, 00:07",8.28,0.5,7.5,7.5,0.0,0.0,7.5,NORMAL,False,
8.09.2026,8,Salı,29761139378,01038,01038,TALHA YAVAŞ,KALİTE,BANDIRMA,23:34,08:05,00:00,08:05,"23:34, 08:05",8.52,0.5,7.5,7.5,0.0,0.0,7.5,NORMAL,False,
8.09.2026,8,Salı,20374606288,01047,01047,TANER BEYİRKEN,ÜRETİM,HALİL DİĞRENCİ,08:02,20:02,08:00,20:02,"08:02, 20:02",12.0,1.5,10.5,7.5,3.0,0.0,10.5,NORMAL,False,
8.09.2026,8,Salı,10705928394,00976,00976,TAYFUN GÜNCÜ,BALIK TEMİZLEME,HALİL DİĞRENCİ,08:02,18:00,08:00,18:00,"08:02, 18:00",9.97,1.5,8.5,7.5,1.0,0.0,8.5,NORMAL,False,
8.09.2026,8,Salı,13252843738,00243,00243,TAYFUN TIĞRAK,FORMEN,KARACABEY,07:45,19:47,08:00,19:47,"07:45, 19:47",12.03,1.5,10.0,7.5,2.5,0.0,10.0,NORMAL,False,
8.09.2026,8,Salı,32938871292,00183,00183,TAYFUN ÇELİK,MEYDAN,MKP,07:43,18:07,08:00,18:07,"07:43, 18:07",10.4,1.5,8.5,7.5,1.0,0.0,8.5,NORMAL,False,
8.09.2026,8,Salı,30925156292,00501,00501,TUNCAY METİN,KAPI GÖREVLİSİ,SUSURLUK,23:52,08:00,00:00,08:00,"23:52, 08:00",8.13,0.5,7.5,7.5,0.0,0.0,7.5,NORMAL,False,
8.09.2026,8,Salı,23077372900,01116,01116,VAHİDE YAŞAR,ÜRETİM,BİGADİÇ,15:49,00:08,15:49,00:08,"15:49, 00:08",8.32,0.5,7.5,7.5,0.0,0.0,7.5,NORMAL,False,
8.09.2026,8,Salı,18364673952,01269,01269,YEŞİM BEYİRKEN,ÜRETİM,HALİL DİĞRENCİ,08:04,20:00,08:00,20:00,"08:04, 20:00",11.93,1.5,10.5,7.5,3.0,0.0,10.5,NORMAL,False,
8.09.2026,8,Salı,14701796544,00582,00582,YUSUF SAMAR,MUHASEBE,KARACABEY,07:46,18:00,08:00,18:00,"07:46, 18:00",10.23,1.5,8.5,7.5,1.0,0.0,8.5,NORMAL,False,
8.09.2026,8,Salı,10528936408,01364,01364,YUSUF ÇETİN,,HALİL DİĞRENCİ,08:03,19:59,08:00,19:59,"08:03, 19:59",11.93,1.5,10.5,7.5,3.0,0.0,10.5,NORMAL,False,
8.09.2026,8,Salı,31861120316,00191,00191,ZAHİDE GÜRBÜZ,BALIK TEMİZLEME,BALIKESİR,07:50,18:03,08:00,18:03,"07:50, 18:03",10.22,1.5,8.5,7.5,1.0,0.0,8.5,NORMAL,False,
8.09.2026,8,Salı,27560597764,01048,01048,ZAHİDE HAĞİ,BALIK TEMİZLEME,HALİL DİĞRENCİ,08:02,18:07,08:00,18:07,"08:02, 18:07",10.08,1.5,8.5,7.5,1.0,0.0,8.5,NORMAL,False,
8.09.2026,8,Salı,31552110794,00935,00935,ZAHİDE KALDEMİR,BALIK TEMİZLEME,GÜVEN MUSTAFAKEMALPAŞA,07:57,18:06,08:00,18:06,"07:57, 18:06",10.15,1.5,8.5,7.5,1.0,0.0,8.5,NORMAL,False,
8.09.2026,8,Salı,22249543988,00192,00192,ZAHİDE NEDİRLİ,KALİTE,KARACABEY,07:38,17:58,08:00,17:58,"07:38, 17:58",10.33,1.5,8.5,7.5,1.0,0.0,8.5,NORMAL,False,
8.09.2026,8,Salı,10820807680,01097,01097,ZEHRA ONUK,ÜRETİM,HALİL DİĞRENCİ,08:01,17:06,08:00,17:06,"08:01, 17:06",9.08,1.5,7.5,7.5,0.0,0.0,7.5,NORMAL,False,
8.09.2026,8,Salı,28729335166,00936,00936,ZELİHA KEİREMETÇİ,BALIK TEMİZLEME,GÜVEN MUSTAFAKEMALPAŞA,07:57,18:08,08:00,18:08,"07:57, 18:08",10.18,1.5,8.5,7.5,1.0,0.0,8.5,NORMAL,False,
8.09.2026,8,Salı,14047825472,00937,00937,ZELİHA ORUÇ,BALIK TEMİZLEME,GÜVEN MUSTAFAKEMALPAŞA,07:56,18:05,08:00,18:05,"07:56, 18:05",10.15,1.5,8.5,7.5,1.0,0.0,8.5,NORMAL,False,
8.09.2026,8,Salı,24289352612,00244,00244,ZEYNEP KARAMAN,BALIK TEMİZLEME,BALIKESİR,07:49,17:59,08:00,17:59,"07:49, 17:59",10.17,1.5,8.5,7.5,1.0,0.0,8.5,NORMAL,False,
8.09.2026,8,Salı,33742169780,00246,00246,ZEYNEP KURT,BALIK DOLUM,MKP,09:45,19:48,09:30,19:48,"09:45, 19:48",10.05,1.5,8.5,6.0,4.5,2.0,10.5,BÖLÜM_PRİMLİ,False,"Balık Dolum ve Kesim Primi: Fiili 8,5s -> Bonuslu 10,5s (+2,0s Prim)"
8.09.2026,8,Salı,22498412394,00765,00765,ZEYNEP ONBAŞI,YEMEKHANE,BALIKESİR,07:49,17:59,08:00,17:59,"07:49, 17:59",10.17,1.5,8.5,7.5,1.0,0.0,8.5,NORMAL,False,
8.09.2026,8,Salı,22319750032,00782,00782,ÇİDEM FİDAN,BALIK TEMİZLEME,BANDIRMA,07:39,18:08,08:00,18:08,"07:39, 18:08",10.48,1.5,8.5,7.5,1.0,0.0,8.5,NORMAL,False,
8.09.2026,8,Salı,17749594400,00033,00033,ÇİSEM BÇAKIR,KALİTE,SUSURLUK,15:48,23:58,15:48,23:58,"15:48, 23:58",8.17,0.5,7.5,7.5,0.0,0.0,7.5,NORMAL,False,
8.09.2026,8,Salı,33037193346,01349,01349,ÖMÜR SEPETÇİ,ÜRETİM,GÜVEN MUSTAFAKEMALPAŞA,07:59,17:59,08:00,17:59,"07:59, 17:59",10.0,1.5,8.5,7.5,1.0,0.0,8.5,NORMAL,False,
8.09.2026,8,Salı,27235386938,00139,00139,ÖMÜRLÜ FERİK,KAZAN,MKP,07:43,19:53,08:00,19:53,"07:43, 19:53",12.17,1.5,10.5,7.5,3.0,0.0,10.5,NORMAL,False,
8.09.2026,8,Salı,12268777280,00185,00185,ÜMMÜ AYDOĞAN,ÜRETİM,SUSURLUK TUR-REŞAT,07:50,19:10,08:00,19:10,"07:50, 19:10",11.33,1.5,9.5,7.5,2.0,0.0,9.5,NORMAL,False,
8.09.2026,8,Salı,57541044000,01195,01195,ÜMMÜGÜLSÜM BAĞ,BALIK TEMİZLEME,KARACABEY,07:39,18:07,08:00,18:07,"07:39, 18:07",10.47,1.5,8.5,7.5,1.0,0.0,8.5,NORMAL,False,
8.09.2026,8,Salı,10198947728,00410,00410,ÜMİT BATIN TÜRKAN,BAKIM,KARACABEY,07:54,18:15,08:00,18:15,"07:54, 18:15",10.35,1.5,8.5,7.5,1.0,0.0,8.5,NORMAL,False,
8.09.2026,8,Salı,37075059770,01350,01350,ÜVEYS SEPETÇİ,ÜRETİM,GÜVEN MUSTAFAKEMALPAŞA,07:59,17:59,08:00,17:59,"07:59, 17:59",10.0,1.5,8.5,7.5,1.0,0.0,8.5,NORMAL,False,
8.09.2026,8,Salı,29515203096,00092,00092,İBÜŞRAHİM YILDIRIM,MEYDAN,MKP,07:29,19:49,08:00,19:49,"07:29, 19:49",12.33,1.5,10.0,7.5,2.5,0.0,10.0,NORMAL,False,
8.09.2026,8,Salı,42844787082,00783,00783,İSMAİL BARAK,BALIK KESİM,HALİL DİĞRENCİ,20:05,08:00,00:00,08:00,"20:05, 08:00",11.92,0.5,7.5,7.5,2.0,2.0,9.5,BÖLÜM_PRİMLİ,False,"Balık Dolum ve Kesim Primi: Fiili 7,5s -> Bonuslu 9,5s (+2,0s Prim)"
8.09.2026,8,Salı,25060351046,00230,00230,İSMAİL İMİR,OTOKLAV OPERATÖRÜ,SUSURLUK,08:02,17:38,08:00,17:38,"08:02, 17:38",9.6,1.5,8.0,7.5,0.5,0.0,8.0,NORMAL,False,
8.09.2026,8,Salı,13720827796,00176,00176,ŞADİ BAŞARICI,BAKIM,KARACABEY,15:51,00:04,15:51,00:04,"15:51, 00:04",8.22,0.5,7.5,7.5,0.0,0.0,7.5,NORMAL,False,
8.09.2026,8,Salı,38233180558,00178,00178,ŞAKİR KARAKAŞ,AMBAR,BANDIRMA,07:44,18:01,08:00,18:01,"07:44, 18:01",10.28,1.5,8.5,7.5,1.0,0.0,8.5,NORMAL,False,
8.09.2026,8,Salı,25192322242,00179,00179,ŞAYİKA KOPARAN,AMBAR,BİGADİÇ,07:33,17:07,08:00,17:07,"07:33, 17:07",9.57,1.5,7.5,7.5,0.0,0.0,7.5,NORMAL,False,
8.09.2026,8,Salı,38240191356,01161,01161,ŞENGÜL ALEMİN,ÜRETİM,HALİL DİĞRENCİ,20:02,08:00,00:00,08:00,"20:02, 08:00",11.97,0.5,7.5,7.5,0.0,0.0,7.5,NORMAL,False,
9.09.2026,9,Çarşamba,20437654348,00206,00206,ADALET KALAYCI,BALIK TEMİZLEME,BANDIRMA,07:41,17:32,08:00,17:32,"07:41, 17:32",9.85,1.5,8.0,7.5,0.5,0.0,8.0,NORMAL,False,
9.09.2026,9,Çarşamba,18655664102,00011,00011,ADVİYE YARICI,BALIK TEMİZLEME,HALİL DİĞRENCİ,08:09,17:31,08:00,17:31,"08:09, 17:31",9.37,1.5,8.0,7.5,0.5,0.0,8.0,NORMAL,False,
9.09.2026,9,Çarşamba,44626409038,01113,01113,AHMET ALİ TÜRKMEN,ÜRETİM,BİGADİÇ,15:53,00:01,15:53,00:01,"15:53, 00:01",8.13,0.5,7.5,7.5,0.0,0.0,7.5,NORMAL,False,
9.09.2026,9,Çarşamba,23527501454,00583,00583,AHMET BEYHAN,BAKIM,KARACABEY,07:57,17:28,08:00,17:28,"07:57, 17:28",9.52,1.5,8.0,7.5,0.5,0.0,8.0,NORMAL,False,
9.09.2026,9,Çarşamba,21925456598,00830,00830,AHMET ÇÇAYLAK,AMBAR,BALIKESİR,07:48,17:03,08:00,17:03,"07:48, 17:03",9.25,1.5,7.5,7.5,0.0,0.0,7.5,NORMAL,False,
9.09.2026,9,Çarşamba,13183506030,01102,01102,ALİ EŞREF AKIN,ÜRETİM,HALİL DİĞRENCİ,08:09,20:04,08:00,20:04,"08:09, 20:04",11.92,1.5,10.5,7.5,3.0,0.0,10.5,NORMAL,False,
9.09.2026,9,Çarşamba,18394573482,00208,00208,ANIL DEMİRTAŞ,KONSERVE ÜRETİM ELEMANI,GÖBEL,16:01,04:03,16:00,04:03,"16:01, 04:03",12.03,0.5,11.5,7.5,4.0,0.0,11.5,NORMAL,False,
9.09.2026,9,Çarşamba,28336192374,00308,00308,ARZU KILA,AMBAR,BİGADİÇ,07:35,17:07,08:00,17:07,"07:35, 17:07",9.53,1.5,7.5,7.5,0.0,0.0,7.5,NORMAL,False,
9.09.2026,9,Çarşamba,28033351500,01357,01357,ARZU ÖZTÜRK,BALIK TEMİZLEME,GÜVEN MUSTAFAKEMALPAŞA,07:52,17:32,08:00,17:32,"07:52, 17:32",9.67,1.5,8.0,7.5,0.5,0.0,8.0,NORMAL,False,
9.09.2026,9,Çarşamba,24709461474,00894,00894,ASLI BAYRAKTAR,BALIK DOLUM,GÜVEN TURİZM,07:37,17:33,08:00,17:33,"07:37, 17:33",9.93,1.5,8.0,7.5,2.5,2.0,10.0,BÖLÜM_PRİMLİ,False,"Balık Dolum ve Kesim Primi: Fiili 8,0s -> Bonuslu 10,0s (+2,0s Prim)"
9.09.2026,9,Çarşamba,,01375,01375,ATAKAN KAVRAM,,HALİL DİĞRENCİ,08:10,-,08:10,17:00,08:10,7.5,1.5,7.5,7.5,0.0,0.0,7.5,ÇIKIŞ_YOK_SABAH,True,"Giriş: 08:10 | Çıkış Basılmadı (Tam Gün 7,5s yazıldı)"
9.09.2026,9,Çarşamba,22426711476,00754,00754,AYNUR DEMİRCAN,BALIK TEMİZLEME,HALİL DİĞRENCİ,07:57,17:31,08:00,17:31,"07:57, 17:31",9.57,1.5,8.0,7.5,0.5,0.0,8.0,NORMAL,False,
9.09.2026,9,Çarşamba,13543834438,01145,01145,AYSEL ÇETİNTAŞ,ÜRETİM,HALİL DİĞRENCİ,08:08,20:04,08:00,20:04,"08:08, 20:04",11.93,1.5,10.5,7.5,3.0,0.0,10.5,NORMAL,False,
9.09.2026,9,Çarşamba,25567503092,00211,00211,AYÇA SEZER,KALİTE,BANDIRMA,07:49,08:16,08:00,08:16,"07:49, 13:37, 20:50, 08:16",0.45,0.0,0.5,0.5,0.0,0.0,0.5,ÇOKLU_BASIM_MIN_MAX,True,"Çoklu Basım: İlk Giriş 07:49, Son Çıkış 08:16 (0,5s)"
9.09.2026,9,Çarşamba,24280352994,00214,00214,AYŞE KARAMAN,BALIK TEMİZLEME,BALIKESİR,07:49,17:23,08:00,17:23,"07:49, 17:23",9.57,1.5,7.5,7.5,0.0,0.0,7.5,NORMAL,False,
9.09.2026,9,Çarşamba,34120156552,00215,00215,AYŞE YILMAZ,BALIK DOLUM,MKP,09:45,19:10,09:30,19:10,"09:45, 19:10",9.42,1.5,8.0,6.0,4.0,2.0,10.0,BÖLÜM_PRİMLİ,False,"Balık Dolum ve Kesim Primi: Fiili 8,0s -> Bonuslu 10,0s (+2,0s Prim)"
9.09.2026,9,Çarşamba,11284759850,00018,00018,AYŞE ÇENECİOĞLU,AMBAR,BİGADİÇ,07:34,17:05,08:00,17:05,"07:34, 17:05",9.52,1.5,7.5,7.5,0.0,0.0,7.5,NORMAL,False,
9.09.2026,9,Çarşamba,25610607388,01353,01353,BAHAR FİDAN,ÜRETİM,SÇEVİKAT ÇELİK,19:54,08:00,20:00,08:00,"19:54, 08:00",12.1,0.5,11.5,3.5,8.0,0.0,11.5,NORMAL,False,
9.09.2026,9,Çarşamba,12496719380,01139,01139,BEDİA KAYMAZ,AMBAR,BİGADİÇ,07:34,17:09,08:00,17:09,"07:34, 17:09",9.58,1.5,7.5,7.5,0.0,0.0,7.5,NORMAL,False,
9.09.2026,9,Çarşamba,14725695762,00025,00025,BEHİCE YALMAN,BALIK DOLUM,GÖBEL,09:45,19:02,09:30,19:02,"09:45, 19:02",9.28,1.5,8.0,6.0,4.0,2.0,10.0,BÖLÜM_PRİMLİ,False,"Balık Dolum ve Kesim Primi: Fiili 8,0s -> Bonuslu 10,0s (+2,0s Prim)"
9.09.2026,9,Çarşamba,11206757414,00902,00902,BERK BERBER,ÇEVRE MÜHENDİSİ,BANDIRMA,09:01,15:26,09:00,15:26,"09:01, 09:56, 15:26",6.42,1.5,5.0,5.0,0.0,0.0,5.0,ÇOKLU_BASIM_MIN_MAX,True,"Çoklu Basım: İlk Giriş 09:01, Son Çıkış 15:26 (5,0s)"
9.09.2026,9,Çarşamba,25297298992,00216,00216,BETÜL TUNÇ,BALIK TEMİZLEME,BANDIRMA,07:41,17:30,08:00,17:30,"07:41, 17:30",9.82,1.5,8.0,7.5,0.5,0.0,8.0,NORMAL,False,
9.09.2026,9,Çarşamba,13741828666,01228,01228,BEYZA YAĞMUR HAN,ÜRETİM,HALİL DİĞRENCİ,19:53,08:02,20:00,08:02,"19:53, 08:02",12.15,0.5,11.5,3.5,8.0,0.0,11.5,NORMAL,False,
9.09.2026,9,Çarşamba,10201948476,01170,01170,BUKET DÖNMEZ,KALİTE,HALİL DİĞRENCİ,08:08,17:17,08:00,17:17,"08:08, 17:17",9.15,1.5,7.5,7.5,0.0,0.0,7.5,NORMAL,False,
9.09.2026,9,Çarşamba,28103495080,01336,01336,BÜŞRA YAVRUTÜRK,ÜRETİM,SÇEVİKAT ÇELİK,08:11,17:05,08:00,17:05,"08:11, 17:05",8.9,1.5,7.5,7.5,0.0,0.0,7.5,NORMAL,False,
9.09.2026,9,Çarşamba,33316051664,01339,01339,BİLGİNUR SÜMER,BALIK TEMİZLEME,BALIKESİR,07:51,17:24,08:00,17:24,"07:51, 17:24",9.55,1.5,7.5,7.5,0.0,0.0,7.5,NORMAL,False,
9.09.2026,9,Çarşamba,11950763822,01348,01348,BİLGİYE TOPAL,BALIK TEMİZLEME,GÜVEN MUSTAFAKEMALPAŞA,07:52,17:34,08:00,17:34,"07:52, 17:34",9.7,1.5,8.0,7.5,0.5,0.0,8.0,NORMAL,False,
9.09.2026,9,Çarşamba,31678238334,00922,00922,CANSEL AKCAN,BALIK TEMİZLEME,GÜVEN MUSTAFAKEMALPAŞA,07:52,17:33,08:00,17:33,"07:52, 17:33",9.68,1.5,8.0,7.5,0.5,0.0,8.0,NORMAL,False,
9.09.2026,9,Çarşamba,16933572286,00030,00030,CANSEVER ÇÇAKMAK,AMBAR,BİGADİÇ,07:34,17:06,08:00,17:06,"07:34, 17:06",9.53,1.5,7.5,7.5,0.0,0.0,7.5,NORMAL,False,
9.09.2026,9,Çarşamba,33154180038,00031,00031,CEMALETTİN BEDİZCİ,BAKIM,KARACABEY,07:46,19:01,08:00,19:01,"07:46, 19:01",11.25,1.5,9.5,7.5,2.0,0.0,9.5,NORMAL,False,
9.09.2026,9,Çarşamba,17488585028,00217,00217,CEMİLE KARAN,BALIK TEMİZLEME,BALIKESİR,07:50,17:23,08:00,17:23,"07:50, 17:23",9.55,1.5,7.5,7.5,0.0,0.0,7.5,NORMAL,False,
9.09.2026,9,Çarşamba,23083367440,00320,00320,CEYDA ÖZ,KALİTE,BİGADİÇ,15:53,00:04,15:53,00:04,"15:53, 00:04",8.18,0.5,7.5,7.5,0.0,0.0,7.5,NORMAL,False,
9.09.2026,9,Çarşamba,16699736366,01330,01330,CEYLAN BATAN,BALIK TEMİZLEME,GÜVEN MUSTAFAKEMALPAŞA,07:52,17:34,08:00,17:34,"07:52, 17:34",9.7,1.5,8.0,7.5,0.5,0.0,8.0,NORMAL,False,
9.09.2026,9,Çarşamba,19313787324,00943,00943,CİHAN YILMAZ,BALIK,HALİL DİĞRENCİ,07:57,17:23,08:00,17:23,"07:57, 17:23",9.43,1.5,7.5,7.5,0.0,0.0,7.5,NORMAL,False,
9.09.2026,9,Çarşamba,37525041782,00218,00218,DERYA SEVİNÇ,FORMEN,MKP,07:44,17:36,08:00,17:36,"07:44, 17:36",9.87,1.5,8.0,7.5,0.5,0.0,8.0,NORMAL,False,
9.09.2026,9,Çarşamba,24961035246,01098,01098,DUDU ÖRENGÜL,KALİTE,GÜVEN MUSTAFAKEMALPAŞA,07:51,19:10,08:00,19:10,"07:51, 19:10",11.32,1.5,9.5,7.5,2.0,0.0,9.5,NORMAL,False,
9.09.2026,9,Çarşamba,99848635024,00283,00283,DUHA EL MUFADDİ,BALIK TEMİZLEME,MKP,07:45,17:36,08:00,17:36,"07:45, 17:36",9.85,1.5,8.0,7.5,0.5,0.0,8.0,NORMAL,False,
9.09.2026,9,Çarşamba,23509358892,00386,00386,DÖNDÜ ŞAHİN,KALİTE,BANDIRMA,23:47,08:16,00:00,08:16,"23:47, 08:16",8.48,0.5,7.5,7.5,0.0,0.0,7.5,NORMAL,False,
9.09.2026,9,Çarşamba,17329708456,01285,01285,DİLEK ÇEKİN,BALIK TEMİZLEME,GÜVEN TURİZM,07:36,17:32,08:00,17:32,"07:36, 17:32",9.93,1.5,8.0,7.5,0.5,0.0,8.0,NORMAL,False,
9.09.2026,9,Çarşamba,10456937386,01362,01362,DİLEK ÇETİN,,HALİL DİĞRENCİ,08:08,20:05,08:00,20:05,"08:08, 08:09, 20:05",11.95,1.5,10.5,7.5,3.0,0.0,10.5,ÇOKLU_BASIM_MIN_MAX,True,"Çoklu Basım: İlk Giriş 08:08, Son Çıkış 20:05 (10,5s)"
9.09.2026,9,Çarşamba,29563469352,00563,00563,EDİP EKİNCİ,KAZAN,SUSURLUK,19:51,07:48,20:00,07:48,"19:51, 07:48",11.95,0.5,11.0,3.5,7.5,0.0,11.0,NORMAL,False,
9.09.2026,9,Çarşamba,10066843626,00374,00374,EFE EVİM,AMBAR,BİGADİÇ,07:35,17:06,08:00,17:06,"07:35, 17:06",9.52,1.5,7.5,7.5,0.0,0.0,7.5,NORMAL,False,
9.09.2026,9,Çarşamba,14266711334,00037,00037,EFRAİM DUMAN,AMBAR,SUSURLUK,19:51,07:56,20:00,07:56,"19:51, 07:56",12.08,0.5,11.5,3.5,8.0,0.0,11.5,NORMAL,False,
9.09.2026,9,Çarşamba,20036722080,00039,00039,ELMAS OMAY,AMBAR,BALIKESİR,07:49,17:26,08:00,17:26,"07:49, 17:26",9.62,1.5,8.0,7.5,0.5,0.0,8.0,NORMAL,False,
9.09.2026,9,Çarşamba,20266511430,00002,00002,ELİF YAVAŞ,MUHASEBE,SUSURLUK,08:10,17:04,08:00,17:04,"08:10, 17:04",8.9,1.5,7.5,7.5,0.0,0.0,7.5,NORMAL,False,
9.09.2026,9,Çarşamba,31009103096,00204,00204,EMEL SANAN,AMBAR,BİGADİÇ,07:34,17:09,08:00,17:09,"07:34, 17:09",9.58,1.5,7.5,7.5,0.0,0.0,7.5,NORMAL,False,
9.09.2026,9,Çarşamba,21550576494,01091,01091,EMRE BAŞAR,ÜRETİM,GÜVEN MUSTAFAKEMALPAŞA,07:53,17:23,08:00,17:23,"07:53, 17:23",9.5,1.5,7.5,7.5,0.0,0.0,7.5,NORMAL,False,
9.09.2026,9,Çarşamba,12523718256,00043,00043,EMİNE BAYER,AMBAR,BİGADİÇ,07:34,17:05,08:00,17:05,"07:34, 17:05",9.52,1.5,7.5,7.5,0.0,0.0,7.5,NORMAL,False,
9.09.2026,9,Çarşamba,16111749134,01300,01300,EMİNE KARAMAN,BALIK TEMİZLEME,HALİL DİĞRENCİ,08:09,17:29,08:00,17:29,"08:09, 17:29",9.33,1.5,8.0,7.5,0.5,0.0,8.0,NORMAL,False,
9.09.2026,9,Çarşamba,12379749978,00197,00197,EMİNE SARI,YEMEKHANE,BALIKESİR,07:51,17:23,08:00,17:23,"07:51, 17:23",9.53,1.5,7.5,7.5,0.0,0.0,7.5,NORMAL,False,
9.09.2026,9,Çarşamba,45328882280,00859,00859,EMİNE YAVUZ,BALIK TEMİZLEME,GÜVEN TURİZM,07:37,17:30,08:00,17:30,"07:37, 17:30",9.88,1.5,8.0,7.5,0.5,0.0,8.0,NORMAL,False,
9.09.2026,9,Çarşamba,20503503198,00045,00045,EMİNE ÇAPAR,YEMEKHANE,GÖBEL,18:39,04:13,18:30,04:13,"18:39, 04:13",9.57,0.5,9.0,5.0,4.0,0.0,9.0,NORMAL,False,
9.09.2026,9,Çarşamba,37030668238,01180,01180,EMİNE ŞENTÜRK CİNGÖZ,BALIK TEMİZLEME,GÜVEN TURİZM,07:37,17:33,08:00,17:33,"07:37, 17:33",9.93,1.5,8.0,7.5,0.5,0.0,8.0,NORMAL,False,
9.09.2026,9,Çarşamba,10036852948,00046,00046,EMİRHAN MUTLU,BAKIM,GÖBEL,08:07,19:58,08:00,19:58,"08:07, 19:58",11.85,1.5,10.5,7.5,3.0,0.0,10.5,NORMAL,False,
9.09.2026,9,Çarşamba,29470204244,00007,00007,ENDER BİLBAY,KAPI GÖREVLİSİ,GÖBEL,16:01,00:01,16:00,00:01,"16:01, 00:01",8.0,0.5,7.5,7.5,0.0,0.0,7.5,NORMAL,False,
9.09.2026,9,Çarşamba,98284188514,00293,00293,ENES ABDE,BALIK TEMİZLEME,MKP,07:45,17:36,08:00,17:36,"07:45, 17:36",9.85,1.5,8.0,7.5,0.5,0.0,8.0,NORMAL,False,
9.09.2026,9,Çarşamba,34795126850,01351,01351,ERCAN POLAT,BİLGİSAYAR MÜHENDİSİ,KARACABEY,07:42,17:32,08:00,17:32,"07:42, 17:32",9.83,1.5,8.0,7.5,0.5,0.0,8.0,NORMAL,False,
9.09.2026,9,Çarşamba,23131415628,00047,00047,ERDİN TETİK,MEYDAN,SUSURLUK,23:49,07:54,00:00,07:54,"23:49, 07:54",8.08,0.5,7.5,7.5,0.0,0.0,7.5,NORMAL,False,
9.09.2026,9,Çarşamba,22260441248,00198,00198,ERSİN ESER,BAKIM,GÖBEL,19:57,07:55,20:00,07:55,"19:57, 07:55",11.97,0.5,11.5,3.5,8.0,0.0,11.5,NORMAL,False,
9.09.2026,9,Çarşamba,11633067636,00221,00221,EİREMŞAH KIZILKAYA,BALIK DOLUM,GÖBEL,09:45,19:01,09:30,19:01,"09:45, 19:01",9.27,1.5,8.0,6.0,4.0,2.0,10.0,BÖLÜM_PRİMLİ,False,"Balık Dolum ve Kesim Primi: Fiili 8,0s -> Bonuslu 10,0s (+2,0s Prim)"
9.09.2026,9,Çarşamba,35183294274,00926,00926,FATMA DEMİRER,BALIK TEMİZLEME,GÜVEN MUSTAFAKEMALPAŞA,07:52,17:31,08:00,17:31,"07:52, 17:31",9.65,1.5,8.0,7.5,0.5,0.0,8.0,NORMAL,False,
9.09.2026,9,Çarşamba,32986036254,00056,00056,FATMA ÇAM,ÜRETİM,BİGADİÇ,15:53,00:02,15:53,00:02,"15:53, 00:02",8.15,0.5,7.5,7.5,0.0,0.0,7.5,NORMAL,False,
9.09.2026,9,Çarşamba,31594082608,00057,00057,FATMA ÖZÇAM,ÜRETİM,BİGADİÇ,15:53,00:07,15:53,00:07,"15:53, 00:07",8.23,0.5,7.5,7.5,0.0,0.0,7.5,NORMAL,False,
9.09.2026,9,Çarşamba,11890896888,00223,00223,FATMAGÜL ÇEKİ,BALIK DOLUM,MKP,09:46,19:10,09:30,19:10,"09:46, 19:10",9.4,1.5,8.0,6.0,4.0,2.0,10.0,BÖLÜM_PRİMLİ,False,"Balık Dolum ve Kesim Primi: Fiili 8,0s -> Bonuslu 10,0s (+2,0s Prim)"
9.09.2026,9,Çarşamba,21898406446,01065,01065,FERUDUN BAKAN,ÜRETİM,BİGADİÇ,15:53,00:02,15:53,00:02,"15:53, 00:02",8.15,0.5,7.5,7.5,0.0,0.0,7.5,NORMAL,False,
9.09.2026,9,Çarşamba,31933222184,00224,00224,FEVZİYE EREL,BALIK TEMİZLEME,HALİL DİĞRENCİ,08:09,17:27,08:00,17:27,"08:09, 17:27",9.3,1.5,8.0,7.5,0.5,0.0,8.0,NORMAL,False,
9.09.2026,9,Çarşamba,17431713232,00927,00927,FİSUN ETİLER,,GÜVEN MUSTAFAKEMALPAŞA,07:51,17:25,08:00,17:25,"07:51, 17:25",9.57,1.5,7.5,7.5,0.0,0.0,7.5,NORMAL,False,
9.09.2026,9,Çarşamba,33739783340,00739,00739,GURBET DUMAN,BALIK TEMİZLEME,HALİL DİĞRENCİ,08:09,17:31,08:00,17:31,"08:09, 17:31",9.37,1.5,8.0,7.5,0.5,0.0,8.0,NORMAL,False,
9.09.2026,9,Çarşamba,33379057108,00423,00423,GÜLAY GÜNDOĞDU,BALIK TEMİZLEME,BALIKESİR,07:49,17:25,08:00,17:25,"07:49, 17:25",9.6,1.5,7.5,7.5,0.0,0.0,7.5,NORMAL,False,
9.09.2026,9,Çarşamba,24541318660,00065,00065,GÜLCAN BİLGİÇ,AMBAR,BİGADİÇ,07:34,17:06,08:00,17:06,"07:34, 17:06",9.53,1.5,7.5,7.5,0.0,0.0,7.5,NORMAL,False,
9.09.2026,9,Çarşamba,53689106020,00073,00073,GÜLSÜM GÖRGÜLÜ,AMBAR,BİGADİÇ,07:35,17:06,08:00,17:06,"07:35, 17:06",9.52,1.5,7.5,7.5,0.0,0.0,7.5,NORMAL,False,
9.09.2026,9,Çarşamba,45184908278,00226,00226,GÜLTEN DURMAZ,BALIK DOLUM,GÖBEL,09:45,19:01,09:30,19:01,"09:45, 19:01",9.27,1.5,8.0,6.0,4.0,2.0,10.0,BÖLÜM_PRİMLİ,False,"Balık Dolum ve Kesim Primi: Fiili 8,0s -> Bonuslu 10,0s (+2,0s Prim)"
9.09.2026,9,Çarşamba,10996768938,00071,00071,GÜLTEN GİDER,AMBAR,BİGADİÇ,07:34,17:13,08:00,17:13,"07:34, 17:13",9.65,1.5,7.5,7.5,0.0,0.0,7.5,NORMAL,False,
9.09.2026,9,Çarşamba,21010592606,01022,01022,GÜLÜMSER KARABIYIK,BALIK TEMİZLEME,GÜVEN MUSTAFAKEMALPAŞA,07:53,17:23,08:00,17:23,"07:53, 17:23",9.5,1.5,7.5,7.5,0.0,0.0,7.5,NORMAL,False,
9.09.2026,9,Çarşamba,11257940650,01202,01202,GÜLŞEN YAĞMUR YÜKSEL,ÜRETİM,GÜVEN MUSTAFAKEMALPAŞA,07:53,17:23,08:00,17:23,"07:53, 17:23",9.5,1.5,7.5,7.5,0.0,0.0,7.5,NORMAL,False,
9.09.2026,9,Çarşamba,11593899780,00773,00773,GÜRAY PALA,BALIK KESİM,HALİL DİĞRENCİ,19:49,07:54,19:30,07:54,"19:49, 07:54",12.08,0.5,12.0,4.0,10.0,2.0,14.0,BÖLÜM_PRİMLİ,False,"Balık Dolum ve Kesim Primi: Fiili 12,0s -> Bonuslu 14,0s (+2,0s Prim)"
9.09.2026,9,Çarşamba,23638497776,00075,00075,HACER BEYHAN,BALIK TEMİZLEME,HALİL DİĞRENCİ,07:57,17:27,08:00,17:27,"07:57, 17:27",9.5,1.5,8.0,7.5,0.5,0.0,8.0,NORMAL,False,
9.09.2026,9,Çarşamba,22639531168,01078,01078,HAFİZE AVCIOĞLU,BALIK TEMİZLEME,GÜVEN TURİZM,07:37,17:27,08:00,17:27,"07:37, 17:27",9.83,1.5,8.0,7.5,0.5,0.0,8.0,NORMAL,False,
9.09.2026,9,Çarşamba,,01372,01372,HAMİDE DURAK,,SÇEVİKAT ÇELİK,08:10,-,08:10,17:00,08:10,7.5,1.5,7.5,7.5,0.0,0.0,7.5,ÇIKIŞ_YOK_SABAH,True,"Giriş: 08:10 | Çıkış Basılmadı (Tam Gün 7,5s yazıldı)"
9.09.2026,9,Çarşamba,13708835836,01159,01159,HAMİT GİRGİN,BALIK TEMİZLEME,GÜVEN MUSTAFAKEMALPAŞA,07:51,17:32,08:00,17:32,"07:51, 17:32",9.68,1.5,8.0,7.5,0.5,0.0,8.0,NORMAL,False,
9.09.2026,9,Çarşamba,20290485820,01060,01060,HANİFE YILDIRIM,BALIK TEMİZLEME,BALIKESİR,07:50,17:27,08:00,17:27,"07:50, 17:27",9.62,1.5,8.0,7.5,0.5,0.0,8.0,NORMAL,False,
9.09.2026,9,Çarşamba,14779989510,00080,00080,HARUN YAHYA DURSUN,BALIK DOLUM,GÖBEL,08:42,20:33,08:30,20:33,"08:42, 20:33",11.85,1.5,10.5,7.0,5.5,2.0,12.5,BÖLÜM_PRİMLİ,False,"Balık Dolum ve Kesim Primi: Fiili 10,5s -> Bonuslu 12,5s (+2,0s Prim)"
9.09.2026,9,Çarşamba,31324091924,00084,00084,HATİCE KURT,ÜRETİM,BİGADİÇ,15:52,00:09,15:52,00:09,"15:52, 00:09",8.28,0.5,7.5,7.5,0.0,0.0,7.5,NORMAL,False,
9.09.2026,9,Çarşamba,33850041688,00577,00577,HATİCE SAVAŞÇI,BALIK TEMİZLEME,BALIKESİR,07:50,17:25,08:00,17:25,"07:50, 17:25",9.58,1.5,7.5,7.5,0.0,0.0,7.5,NORMAL,False,
9.09.2026,9,Çarşamba,26002427744,00227,00227,HAVVA ALPER,BALIK DOLUM,MKP,09:46,19:11,09:30,19:11,"09:46, 19:11",9.42,1.5,8.0,6.0,4.0,2.0,10.0,BÖLÜM_PRİMLİ,False,"Balık Dolum ve Kesim Primi: Fiili 8,0s -> Bonuslu 10,0s (+2,0s Prim)"
9.09.2026,9,Çarşamba,26653281238,00228,00228,HAVVA BAYRAM,BALIK TEMİZLEME,BALIKESİR,07:50,17:24,08:00,17:24,"07:50, 17:24",9.57,1.5,7.5,7.5,0.0,0.0,7.5,NORMAL,False,
9.09.2026,9,Çarşamba,30367150308,00852,00852,HAYRULLAH TOPRAK,AMBAR,GÜVEN TURİZM,07:56,17:08,08:00,17:08,"07:56, 17:08",9.2,1.5,7.5,7.5,0.0,0.0,7.5,NORMAL,False,
9.09.2026,9,Çarşamba,10156949566,01270,01270,HAYRİYE BEYİRKEN,ÜRETİM,HALİL DİĞRENCİ,08:08,17:04,08:00,17:04,"08:08, 17:04",8.93,1.5,7.5,7.5,0.0,0.0,7.5,NORMAL,False,
9.09.2026,9,Çarşamba,11284916406,01143,01143,HÜLYA TANIŞ,BALIK TEMİZLEME,GÜVEN MUSTAFAKEMALPAŞA,07:51,17:24,08:00,17:24,"07:51, 17:24",9.55,1.5,7.5,7.5,0.0,0.0,7.5,NORMAL,False,
9.09.2026,9,Çarşamba,33289026430,00480,00480,HÜLYA TOPAL,AMBAR,BİGADİÇ,07:34,17:09,08:00,17:09,"07:34, 17:09",9.58,1.5,7.5,7.5,0.0,0.0,7.5,NORMAL,False,
9.09.2026,9,Çarşamba,30856107820,00091,00091,HÜLYA ÜÜNAL,AMBAR,BİGADİÇ,07:34,17:09,08:00,17:09,"07:34, 17:09",9.58,1.5,7.5,7.5,0.0,0.0,7.5,NORMAL,False,
9.09.2026,9,Çarşamba,23524501518,00231,00231,KADRİYE BEYHAN,BALIK TEMİZLEME,HALİL DİĞRENCİ,07:57,17:28,08:00,17:28,"07:57, 17:28",9.52,1.5,8.0,7.5,0.5,0.0,8.0,NORMAL,False,
9.09.2026,9,Çarşamba,49981303052,00093,00093,KADİR AZAR,AMBAR,KARACABEY,07:43,17:32,08:00,17:32,"07:43, 17:32",9.82,1.5,8.0,7.5,0.5,0.0,8.0,NORMAL,False,
9.09.2026,9,Çarşamba,27448226656,00095,00095,KAMİLE DAĞDÇELEN,AMBAR,BİGADİÇ,07:34,17:05,08:00,17:05,"07:34, 17:05",9.52,1.5,7.5,7.5,0.0,0.0,7.5,NORMAL,False,
9.09.2026,9,Çarşamba,99656887974,00294,00294,KEFA EL HUDUR,BALIK TEMİZLEME,MKP,07:45,17:36,08:00,17:36,"07:45, 17:36",9.85,1.5,8.0,7.5,0.5,0.0,8.0,NORMAL,False,
9.09.2026,9,Çarşamba,33067084584,00097,00097,KEMAL DURMUŞ,İŞLETME,SUSURLUK,19:51,08:02,20:00,08:02,"19:51, 08:02",12.18,0.5,11.5,3.5,8.0,0.0,11.5,NORMAL,False,
9.09.2026,9,Çarşamba,37573316870,01220,01220,KEZİBAN ARAS,ÜRETİM,SÇEVİKAT ÇELİK,19:54,08:08,20:00,08:08,"19:54, 08:08",12.23,0.5,11.5,3.5,8.0,0.0,11.5,NORMAL,False,
9.09.2026,9,Çarşamba,33397029286,01327,01327,KÜBÜŞRA ALTAY,SATIN ALMA,BANDIRMA,07:41,17:30,08:00,17:30,"07:41, 17:30",9.82,1.5,8.0,7.5,0.5,0.0,8.0,NORMAL,False,
9.09.2026,9,Çarşamba,25657430024,00199,00199,KÜRŞAT TÜRKAN,BAKIM,KARACABEY,07:55,18:26,08:00,18:26,"07:55, 18:26",10.52,1.5,9.0,7.5,1.5,0.0,9.0,NORMAL,False,
9.09.2026,9,Çarşamba,19783626574,00103,00103,MACİDE PIRLAK,BALIK TEMİZLEME,KARACABEY,07:43,17:29,08:00,17:29,"07:43, 17:29",9.77,1.5,8.0,7.5,0.5,0.0,8.0,NORMAL,False,
9.09.2026,9,Çarşamba,99959615564,00200,00200,MAHMOUD ALZALEK,ELEKTRİK,SUSURLUK,19:50,07:54,19:30,07:54,"19:50, 07:54",12.07,0.5,12.0,4.0,8.0,0.0,12.0,NORMAL,False,
9.09.2026,9,Çarşamba,20458603738,00528,00528,MAHMURE ESEN,BALIK TEMİZLEME,HALİL DİĞRENCİ,07:57,17:28,08:00,17:28,"07:57, 17:28",9.52,1.5,8.0,7.5,0.5,0.0,8.0,NORMAL,False,
9.09.2026,9,Çarşamba,29749160806,00104,00104,MAHİR HİLMİ ULUKÖK,YENİ BALIK HATTI,SUSURLUK,08:02,16:18,08:00,16:18,"08:02, 16:18",8.27,0.5,7.5,7.5,0.0,0.0,7.5,NORMAL,False,
9.09.2026,9,Çarşamba,13876724772,00500,00500,MEHMET KARTAL,AMBAR,SUSURLUK,19:51,07:51,20:00,07:51,"19:51, 07:51",12.0,0.5,11.5,3.5,8.0,0.0,11.5,NORMAL,False,
9.09.2026,9,Çarşamba,30181166332,00233,00233,MEMNUNE KARAMAN,BALIK TEMİZLEME,BALIKESİR,07:49,17:25,08:00,17:25,"07:49, 17:25",9.6,1.5,7.5,7.5,0.0,0.0,7.5,NORMAL,False,
9.09.2026,9,Çarşamba,61984174392,01070,01070,MESERRET DAĞ,ÜRETİM,SÇEVİKAT ÇELİK,19:53,08:05,20:00,08:05,"19:53, 08:05",12.2,0.5,11.5,3.5,8.0,0.0,11.5,NORMAL,False,
9.09.2026,9,Çarşamba,28027546004,00112,00112,MESUT ERDEL,BAKIM,SUSURLUK,08:07,17:35,08:00,17:35,"08:07, 17:35",9.47,1.5,8.0,7.5,0.5,0.0,8.0,NORMAL,False,
9.09.2026,9,Çarşamba,25354441064,01264,01264,METANET DİNÇER,ÜRETİM,HALİL DİĞRENCİ,19:51,07:59,20:00,07:59,"19:51, 07:59",12.13,0.5,11.5,3.5,8.0,0.0,11.5,NORMAL,False,
9.09.2026,9,Çarşamba,99248627704,00005,00005,MHD BASSEL ALZALEK,ELEKTRİK,SUSURLUK,-,19:52,08:00,19:52,19:52,11.87,1.5,10.5,7.5,3.0,0.0,10.5,GİRİŞ_YOK_AKŞAM,True,"Çıkış: 19:52 | Giriş Basılmadı (08:00 başı ile 10,5s korundu)"
9.09.2026,9,Perşembe,99347757876,00116,00116,MUHAMMED SAMİH SERHAN,AMBAR,GÖBEL,00:08,06:59,00:00,06:59,"00:08, 06:59",6.85,0.5,6.5,6.5,0.0,0.0,6.5,NORMAL,False,
9.09.2026,9,Çarşamba,23329391024,00514,00514,MUKATDES KARAMANOĞLU,BALIK TEMİZLEME,BALIKESİR,07:50,17:26,08:00,17:26,"07:50, 17:26",9.6,1.5,8.0,7.5,0.5,0.0,8.0,NORMAL,False,
9.09.2026,9,Çarşamba,15205679746,00572,00572,MURAT YONSUL,AMBAR,GÖBEL,07:45,-,07:45,17:00,07:45,7.5,1.5,7.5,7.5,0.0,0.0,7.5,ÇIKIŞ_YOK_SABAH,True,"Giriş: 07:45 | Çıkış Basılmadı (Tam Gün 7,5s yazıldı)"
9.09.2026,9,Çarşamba,25621221832,00118,00118,MUSTAFA KAYA,İŞLETME,MKP,07:45,20:00,08:00,20:00,"07:45, 20:00",12.25,1.5,10.5,7.5,3.0,0.0,10.5,NORMAL,False,
9.09.2026,9,Çarşamba,,01373,01373,MUSTAFA KURT,,HALİL DİĞRENCİ,07:43,-,07:43,17:00,07:43,7.5,1.5,7.5,7.5,0.0,0.0,7.5,ÇIKIŞ_YOK_SABAH,True,"Giriş: 07:43 | Çıkış Basılmadı (Tam Gün 7,5s yazıldı)"
9.09.2026,9,Çarşamba,21976553468,00234,00234,MÜCAHİT ÇOLAK,BALIK TEMİZLEME,KARACABEY,07:43,17:32,08:00,17:32,"07:43, 17:32",9.82,1.5,8.0,7.5,0.5,0.0,8.0,NORMAL,False,
9.09.2026,9,Çarşamba,31195265912,01056,01056,MÜRVET ÇAKAN,BALIK TEMİZLEME,HALİL DİĞRENCİ,08:09,17:28,08:00,17:28,"08:09, 17:28",9.32,1.5,8.0,7.5,0.5,0.0,8.0,NORMAL,False,
9.09.2026,9,Çarşamba,23539402008,00716,00716,MÜRVET ŞAFAK,ÜRETİM,SUSURLUK TUR-REŞAT,07:51,17:05,08:00,17:05,"07:51, 17:05",9.23,1.5,7.5,7.5,0.0,0.0,7.5,NORMAL,False,
9.09.2026,9,Çarşamba,33124024560,00120,00120,MÜZEYYEN ERDİNÇ,BALIK TEMİZLEME,BALIKESİR,07:50,17:28,08:00,17:28,"07:50, 17:28",9.63,1.5,8.0,7.5,0.5,0.0,8.0,NORMAL,False,
9.09.2026,9,Çarşamba,12556753194,00235,00235,NACİYE KARABULUT,BALIK TEMİZLEME,BALIKESİR,07:50,17:25,08:00,17:25,"07:50, 17:25",9.58,1.5,7.5,7.5,0.0,0.0,7.5,NORMAL,False,
9.09.2026,9,Çarşamba,16324748870,01178,01178,NAZMİYE ÇELİK,BALIK TEMİZLEME,GÜVEN MUSTAFAKEMALPAŞA,07:52,17:36,08:00,17:36,"07:52, 17:36",9.73,1.5,8.0,7.5,0.5,0.0,8.0,NORMAL,False,
9.09.2026,9,Çarşamba,28510235804,00121,00121,NAİL AKSOY,ŞÖFÖR,SUSURLUK,23:50,07:54,00:00,07:54,"23:50, 07:54",8.07,0.5,7.5,7.5,0.0,0.0,7.5,NORMAL,False,
9.09.2026,9,Çarşamba,38710924712,00887,00887,NECLA ABİ,BALIK TEMİZLEME,GÜVEN TURİZM,07:37,17:31,08:00,17:31,"07:37, 17:31",9.9,1.5,8.0,7.5,0.5,0.0,8.0,NORMAL,False,
9.09.2026,9,Çarşamba,24031385950,00380,00380,NECMİ SEVER,MEYDAN,GÖBEL,07:46,17:05,08:00,17:05,"07:46, 17:05",9.32,1.5,7.5,7.5,0.0,0.0,7.5,NORMAL,False,
9.09.2026,9,Çarşamba,21991561554,00930,00930,NECMİYE ÜÜLKER,BALIK TEMİZLEME,GÜVEN MUSTAFAKEMALPAŞA,07:52,17:25,08:00,17:25,"07:52, 17:25",9.55,1.5,7.5,7.5,0.0,0.0,7.5,NORMAL,False,
9.09.2026,9,Çarşamba,14452686422,00371,00371,NESRİN GÜZEL,BALIK TEMİZLEME,BALIKESİR,07:50,17:25,08:00,17:25,"07:50, 17:25",9.58,1.5,7.5,7.5,0.0,0.0,7.5,NORMAL,False,
9.09.2026,9,Çarşamba,17902565544,00128,00128,NURAY AVCI,YEMEKHANE,BALIKESİR,07:51,17:23,08:00,17:23,"07:51, 17:23",9.53,1.5,7.5,7.5,0.0,0.0,7.5,NORMAL,False,
9.09.2026,9,Çarşamba,25970637896,00129,00129,NURAY ELİSÇIKIŞ,AMBAR,BALIKESİR,07:51,17:23,08:00,17:23,"07:51, 17:23",9.53,1.5,7.5,7.5,0.0,0.0,7.5,NORMAL,False,
9.09.2026,9,Çarşamba,21478446602,00236,00236,NURCAN EREN,BALIK TEMİZLEME,BALIKESİR,07:50,17:24,08:00,17:24,"07:50, 17:24",9.57,1.5,7.5,7.5,0.0,0.0,7.5,NORMAL,False,
9.09.2026,9,Çarşamba,15736612786,01352,01352,NURGÜL ADIGÜL,ÜRETİM,BİGADİÇ,15:53,00:04,15:53,00:04,"15:53, 00:04",8.18,0.5,7.5,7.5,0.0,0.0,7.5,NORMAL,False,
9.09.2026,9,Çarşamba,13318692676,01064,01064,NURGÜL PARLAS,ÜRETİM,BİGADİÇ,15:53,00:02,15:53,00:02,"15:53, 00:02",8.15,0.5,7.5,7.5,0.0,0.0,7.5,NORMAL,False,
9.09.2026,9,Çarşamba,22186447318,00137,00137,NURTEN CAN,ÜRETİM,SUSURLUK TUR-REŞAT,07:45,17:05,08:00,17:05,"07:45, 17:05",9.33,1.5,7.5,7.5,0.0,0.0,7.5,NORMAL,False,
9.09.2026,9,Çarşamba,27289383990,00931,00931,NURTEN ERDEM,BALIK TEMİZLEME,GÜVEN MUSTAFAKEMALPAŞA,07:52,17:32,08:00,17:32,"07:52, 17:32",9.67,1.5,8.0,7.5,0.5,0.0,8.0,NORMAL,False,
9.09.2026,9,Çarşamba,13420739290,00003,00003,NURİ GÜLSER,KAPI GÖREVLİSİ,GÖBEL,07:46,16:03,08:00,16:03,"07:46, 09:58, 10:07, 16:03",8.28,0.5,7.5,7.5,0.0,0.0,7.5,ÇOKLU_BASIM_MIN_MAX,True,"Çoklu Basım: İlk Giriş 07:46, Son Çıkış 16:03 (7,5s)"
9.09.2026,9,Çarşamba,52996654668,00237,00237,NURİYE AKKUŞ,BALIK TEMİZLEME,BANDIRMA,07:41,17:30,08:00,17:30,"07:41, 17:30",9.82,1.5,8.0,7.5,0.5,0.0,8.0,NORMAL,False,
9.09.2026,9,Çarşamba,13189854302,00006,00006,OZAN BUĞA,BAKIM,MKP,23:59,08:05,00:00,08:05,"23:59, 08:05",8.1,0.5,7.5,7.5,0.0,0.0,7.5,NORMAL,False,
9.09.2026,9,Çarşamba,29677146866,00238,00238,RABİYE ÇENECİOĞLU,BALIK TEMİZLEME,BALIKESİR,07:50,17:25,08:00,17:25,"07:50, 17:25",9.58,1.5,7.5,7.5,0.0,0.0,7.5,NORMAL,False,
9.09.2026,9,Çarşamba,29359208356,00145,00145,RAMAZAN KÜÇÜKÇÇAKIR,ŞÖFÖR,SUSURLUK,08:01,16:57,08:00,16:57,"08:01, 16:57",8.93,1.5,7.5,7.5,0.0,0.0,7.5,NORMAL,False,
9.09.2026,9,Çarşamba,24022385860,01316,01316,RECEP İÇÖZ,MEYDAN,GÖBEL,07:35,17:03,08:00,17:03,"07:35, 17:03",9.47,1.5,7.5,7.5,0.0,0.0,7.5,NORMAL,False,
9.09.2026,9,Çarşamba,28108249688,00146,00146,RIDVAN DEMİRDAK,ŞÖFÖR,GÖBEL,16:01,23:56,16:00,23:56,"16:01, 23:56",7.92,0.5,7.5,7.5,0.0,0.0,7.5,NORMAL,False,
9.09.2026,9,Çarşamba,34807027090,00536,00536,SABRİ ACAR,YENİ BALIK HATTI,SUSURLUK,23:55,07:54,00:00,07:54,"23:55, 07:54",7.98,0.5,7.5,7.5,0.0,0.0,7.5,NORMAL,False,
9.09.2026,9,Çarşamba,33640164108,01130,01130,SAMET YUMİTKEN,ÜRETİM,HALİL DİĞRENCİ,08:08,20:03,08:00,20:03,"08:08, 20:03",11.92,1.5,10.5,7.5,3.0,0.0,10.5,NORMAL,False,
9.09.2026,9,Çarşamba,30373124058,00149,00149,SANİYE CEYLAN,AMBAR,BİGADİÇ,07:35,17:06,08:00,17:06,"07:35, 17:06",9.52,1.5,7.5,7.5,0.0,0.0,7.5,NORMAL,False,
9.09.2026,9,Çarşamba,14164714154,00150,00150,SARA EROĞLU,AMBAR,BALIKESİR,07:49,17:08,08:00,17:08,"07:49, 17:08",9.32,1.5,7.5,7.5,0.0,0.0,7.5,NORMAL,False,
9.09.2026,9,Çarşamba,24178356332,00153,00153,SEHER ÖZDEN,YEMEKHANE,BALIKESİR,07:50,17:24,08:00,17:24,"07:50, 17:24",9.57,1.5,7.5,7.5,0.0,0.0,7.5,NORMAL,False,
9.09.2026,9,Çarşamba,11248811624,00009,00009,SELAHATTİN SÖĞÜT,ŞÖFÖR,GÖBEL,09:57,21:24,10:00,21:24,"09:57, 20:08, 21:24",11.45,1.5,9.5,5.5,4.0,0.0,9.5,ÇOKLU_BASIM_MIN_MAX,True,"Çoklu Basım: İlk Giriş 09:57, Son Çıkış 21:24 (9,5s)"
9.09.2026,9,Çarşamba,19723478966,01069,01069,SELMA AYHAN,ÜRETİM,BİGADİÇ,15:52,00:05,15:52,00:05,"15:52, 00:05",8.22,0.5,7.5,7.5,0.0,0.0,7.5,NORMAL,False,
9.09.2026,9,Çarşamba,49369567458,00559,00559,SELMA TUNÇ,BALIK TEMİZLEME,BALIKESİR,07:49,17:27,08:00,17:27,"07:49, 17:27",9.63,1.5,8.0,7.5,0.5,0.0,8.0,NORMAL,False,
9.09.2026,9,Çarşamba,33451458564,01227,01227,SELMATA ANIK,ÜRETİM,HALİL DİĞRENCİ,19:53,08:07,20:00,08:07,"19:53, 08:07",12.23,0.5,11.5,3.5,8.0,0.0,11.5,NORMAL,False,
9.09.2026,9,Çarşamba,19633628390,01279,01279,SERAP KURUMLU,BALIK TEMİZLEME,GÜVEN MUSTAFAKEMALPAŞA,07:52,17:34,08:00,17:34,"07:52, 17:34",9.7,1.5,8.0,7.5,0.5,0.0,8.0,NORMAL,False,
9.09.2026,9,Çarşamba,24136488860,01007,01007,SEREN BURHAN,BALIK TEMİZLEME,GÜVEN MUSTAFAKEMALPAŞA,07:52,17:33,08:00,17:33,"07:52, 17:33",9.68,1.5,8.0,7.5,0.5,0.0,8.0,NORMAL,False,
9.09.2026,9,Çarşamba,16231745504,01129,01129,SERKAN YUMİTKEN,ÜRETİM,HALİL DİĞRENCİ,08:09,20:04,08:00,20:04,"08:09, 20:04",11.92,1.5,10.5,7.5,3.0,0.0,10.5,NORMAL,False,
9.09.2026,9,Çarşamba,13696829374,01361,01361,SERPİL İİPEK,,HALİL DİĞRENCİ,19:50,08:09,19:30,08:09,"19:50, 08:09",12.32,0.5,12.0,4.0,8.0,0.0,12.0,NORMAL,False,
9.09.2026,9,Çarşamba,13498698468,00165,00165,SEVGİ AYCAN,BALIK TEMİZLEME,BANDIRMA,07:41,17:31,08:00,17:31,"07:41, 17:31",9.83,1.5,8.0,7.5,0.5,0.0,8.0,NORMAL,False,
9.09.2026,9,Çarşamba,17611699134,00884,00884,SEVİLAY DÖNMEZ,BALIK TEMİZLEME,GÜVEN TURİZM,07:37,17:33,08:00,17:33,"07:37, 17:33",9.93,1.5,8.0,7.5,0.5,0.0,8.0,NORMAL,False,
9.09.2026,9,Çarşamba,15250777510,01063,01063,SEZAİ ÇELİK,BALIK,HALİL DİĞRENCİ,08:09,17:20,08:00,17:20,"08:09, 17:20",9.18,1.5,7.5,7.5,0.0,0.0,7.5,NORMAL,False,
9.09.2026,9,Çarşamba,29200163070,01066,01066,SEZGİN YILDIRIM,ÜRETİM,BİGADİÇ,15:52,00:02,15:52,00:02,"15:52, 00:02",8.17,0.5,7.5,7.5,0.0,0.0,7.5,NORMAL,False,
9.09.2026,9,Çarşamba,01370,01370,01370,SEZGİN İRGÖREN,DİĞER,GÜVEN MUSTAFAKEMALPAŞA,07:45,-,07:45,17:00,07:45,7.5,1.5,7.5,7.5,0.0,0.0,7.5,ÇIKIŞ_YOK_SABAH,True,"Giriş: 07:45 | Çıkış Basılmadı (Tam Gün 7,5s yazıldı)"
9.09.2026,9,Çarşamba,18442962398,01221,01221,SILA GÜNEŞ,ÜRETİM,SÇEVİKAT ÇELİK,19:54,08:08,20:00,08:08,"19:54, 08:08",12.23,0.5,11.5,3.5,8.0,0.0,11.5,NORMAL,False,
9.09.2026,9,Çarşamba,01374,01374,01374,SUZAN ÇİFTÇİ,DİĞER,HALİL DİĞRENCİ,08:11,-,08:11,17:00,08:11,7.5,1.5,7.5,7.5,0.0,0.0,7.5,ÇIKIŞ_YOK_SABAH,True,"Giriş: 08:11 | Çıkış Basılmadı (Tam Gün 7,5s yazıldı)"
9.09.2026,9,Çarşamba,42014033940,01072,01072,SÇEVİKAT ÇELİK,ÜRETİM,SÇEVİKAT ÇELİK,19:53,07:51,20:00,07:51,"07:59, 19:53, 07:51",11.97,0.5,11.5,3.5,8.0,0.0,11.5,ÇOKLU_BASIM_MIN_MAX,True,"Çoklu Basım: İlk Giriş 19:53, Son Çıkış 07:51 (11,5s)"
9.09.2026,9,Çarşamba,10582783284,00170,00170,SİBEL ÇÇAKIR,ÜRETİM,BİGADİÇ,15:53,00:05,15:53,00:05,"15:53, 00:05",8.2,0.5,7.5,7.5,0.0,0.0,7.5,NORMAL,False,
9.09.2026,9,Çarşamba,29761139378,01038,01038,TALHA YAVAŞ,KALİTE,BANDIRMA,23:48,08:16,00:00,08:16,"23:48, 08:16",8.47,0.5,7.5,7.5,0.0,0.0,7.5,NORMAL,False,
9.09.2026,9,Çarşamba,20374606288,01047,01047,TANER BEYİRKEN,ÜRETİM,HALİL DİĞRENCİ,08:09,20:06,08:00,20:06,"08:09, 20:06",11.95,1.5,10.5,7.5,3.0,0.0,10.5,NORMAL,False,
9.09.2026,9,Çarşamba,10705928394,00976,00976,TAYFUN GÜNCÜ,BALIK TEMİZLEME,HALİL DİĞRENCİ,08:09,17:23,08:00,17:23,"08:09, 17:23",9.23,1.5,7.5,7.5,0.0,0.0,7.5,NORMAL,False,
9.09.2026,9,Çarşamba,13252843738,00243,00243,TAYFUN TIĞRAK,FORMEN,KARACABEY,07:46,19:04,08:00,19:04,"07:46, 19:04",11.3,1.5,9.5,7.5,2.0,0.0,9.5,NORMAL,False,
9.09.2026,9,Çarşamba,32938871292,00183,00183,TAYFUN ÇELİK,MEYDAN,MKP,07:46,17:36,08:00,17:36,"07:46, 17:36",9.83,1.5,8.0,7.5,0.5,0.0,8.0,NORMAL,False,
9.09.2026,9,Çarşamba,30925156292,00501,00501,TUNCAY METİN,KAPI GÖREVLİSİ,SUSURLUK,23:49,08:00,00:00,08:00,"23:49, 08:00",8.18,0.5,7.5,7.5,0.0,0.0,7.5,NORMAL,False,
9.09.2026,9,Çarşamba,23077372900,01116,01116,VAHİDE YAŞAR,ÜRETİM,BİGADİÇ,15:53,00:02,15:53,00:02,"15:53, 00:02",8.15,0.5,7.5,7.5,0.0,0.0,7.5,NORMAL,False,
9.09.2026,9,Çarşamba,14701796544,00582,00582,YUSUF SAMAR,MUHASEBE,KARACABEY,07:43,17:32,08:00,17:32,"07:43, 17:32",9.82,1.5,8.0,7.5,0.5,0.0,8.0,NORMAL,False,
9.09.2026,9,Çarşamba,31861120316,00191,00191,ZAHİDE GÜRBÜZ,BALIK TEMİZLEME,BALIKESİR,07:50,17:26,08:00,17:26,"07:50, 17:26",9.6,1.5,8.0,7.5,0.5,0.0,8.0,NORMAL,False,
9.09.2026,9,Çarşamba,27560597764,01048,01048,ZAHİDE HAĞİ,BALIK TEMİZLEME,HALİL DİĞRENCİ,08:09,17:32,08:00,17:32,"08:09, 17:32",9.38,1.5,8.0,7.5,0.5,0.0,8.0,NORMAL,False,
9.09.2026,9,Çarşamba,31552110794,00935,00935,ZAHİDE KALDEMİR,BALIK TEMİZLEME,GÜVEN MUSTAFAKEMALPAŞA,07:52,17:29,08:00,17:29,"07:52, 17:29",9.62,1.5,8.0,7.5,0.5,0.0,8.0,NORMAL,False,
9.09.2026,9,Çarşamba,22249543988,00192,00192,ZAHİDE NEDİRLİ,KALİTE,KARACABEY,07:43,17:32,08:00,17:32,"07:43, 17:32",9.82,1.5,8.0,7.5,0.5,0.0,8.0,NORMAL,False,
9.09.2026,9,Çarşamba,28729335166,00936,00936,ZELİHA KEİREMETÇİ,BALIK TEMİZLEME,GÜVEN MUSTAFAKEMALPAŞA,07:51,17:31,08:00,17:31,"07:51, 17:31",9.67,1.5,8.0,7.5,0.5,0.0,8.0,NORMAL,False,
9.09.2026,9,Çarşamba,14047825472,00937,00937,ZELİHA ORUÇ,BALIK TEMİZLEME,GÜVEN MUSTAFAKEMALPAŞA,07:51,17:31,08:00,17:31,"07:51, 17:31",9.67,1.5,8.0,7.5,0.5,0.0,8.0,NORMAL,False,
9.09.2026,9,Çarşamba,22498412394,00765,00765,ZEYNEP ONBAŞI,YEMEKHANE,BALIKESİR,07:49,17:23,08:00,17:23,"07:49, 17:23",9.57,1.5,7.5,7.5,0.0,0.0,7.5,NORMAL,False,
9.09.2026,9,Çarşamba,22319750032,00782,00782,ÇİDEM FİDAN,BALIK TEMİZLEME,BANDIRMA,07:41,17:31,08:00,17:31,"07:41, 17:31",9.83,1.5,8.0,7.5,0.5,0.0,8.0,NORMAL,False,
9.09.2026,9,Çarşamba,17749594400,00033,00033,ÇİSEM BÇAKIR,KALİTE,SUSURLUK,15:52,23:56,15:52,23:56,"15:52, 23:56",8.07,0.5,7.5,7.5,0.0,0.0,7.5,NORMAL,False,
9.09.2026,9,Çarşamba,33037193346,01349,01349,ÖMÜR SEPETÇİ,ÜRETİM,GÜVEN MUSTAFAKEMALPAŞA,07:53,17:31,08:00,17:31,"07:53, 17:31",9.63,1.5,8.0,7.5,0.5,0.0,8.0,NORMAL,False,
9.09.2026,9,Çarşamba,27235386938,00139,00139,ÖMÜRLÜ FERİK,KAZAN,MKP,07:45,17:36,08:00,17:36,"07:45, 17:36",9.85,1.5,8.0,7.5,0.5,0.0,8.0,NORMAL,False,
9.09.2026,9,Çarşamba,12268777280,00185,00185,ÜMMÜ AYDOĞAN,ÜRETİM,SUSURLUK TUR-REŞAT,07:51,17:05,08:00,17:05,"07:51, 17:05",9.23,1.5,7.5,7.5,0.0,0.0,7.5,NORMAL,False,
9.09.2026,9,Çarşamba,57541044000,01195,01195,ÜMMÜGÜLSÜM BAĞ,BALIK TEMİZLEME,KARACABEY,07:43,17:32,08:00,17:32,"07:43, 17:32",9.82,1.5,8.0,7.5,0.5,0.0,8.0,NORMAL,False,
9.09.2026,9,Çarşamba,10198947728,00410,00410,ÜMİT BATIN TÜRKAN,BAKIM,KARACABEY,07:55,18:26,08:00,18:26,"07:55, 18:26",10.52,1.5,9.0,7.5,1.5,0.0,9.0,NORMAL,False,
9.09.2026,9,Çarşamba,37075059770,01350,01350,ÜVEYS SEPETÇİ,ÜRETİM,GÜVEN MUSTAFAKEMALPAŞA,07:53,17:31,08:00,17:31,"07:53, 17:31",9.63,1.5,8.0,7.5,0.5,0.0,8.0,NORMAL,False,
9.09.2026,9,Çarşamba,29515203096,00092,00092,İBÜŞRAHİM YILDIRIM,MEYDAN,MKP,07:44,19:10,08:00,19:10,"07:44, 19:10",11.43,1.5,9.5,7.5,2.0,0.0,9.5,NORMAL,False,
9.09.2026,9,Çarşamba,25060351046,00230,00230,İSMAİL İMİR,OTOKLAV OPERATÖRÜ,SUSURLUK,08:02,16:19,08:00,16:19,"08:02, 16:19",8.28,0.5,7.5,7.5,0.0,0.0,7.5,NORMAL,False,
9.09.2026,9,Çarşamba,13720827796,00176,00176,ŞADİ BAŞARICI,BAKIM,KARACABEY,15:40,00:10,15:40,00:10,"15:40, 00:10",8.5,0.5,7.5,7.5,0.0,0.0,7.5,NORMAL,False,
9.09.2026,9,Çarşamba,38233180558,00178,00178,ŞAKİR KARAKAŞ,AMBAR,BANDIRMA,07:42,17:27,08:00,17:27,"07:42, 17:27",9.75,1.5,8.0,7.5,0.5,0.0,8.0,NORMAL,False,
9.09.2026,9,Çarşamba,25192322242,00179,00179,ŞAYİKA KOPARAN,AMBAR,BİGADİÇ,07:35,17:07,08:00,17:07,"07:35, 17:07",9.53,1.5,7.5,7.5,0.0,0.0,7.5,NORMAL,False,
9.09.2026,9,Çarşamba,38240191356,01161,01161,ŞENGÜL ALEMİN,ÜRETİM,HALİL DİĞRENCİ,19:50,07:59,19:30,07:59,"19:50, 07:59",12.15,0.5,12.0,4.0,12.0,4.0,16.0,BÖLÜM_PRİMLİ,False,"Üretim Primi: Fiili 12,0s -> Bonuslu 16,0s (+4,0s Prim)"
9.09.2026,9,Çarşamba,10255820520,00242,00242,ŞERBANE SARAN,BALIK TEMİZLEME,BALIKESİR,07:50,17:25,08:00,17:25,"07:50, 17:25",9.58,1.5,7.5,7.5,0.0,0.0,7.5,NORMAL,False,
10.09.2026,10,Perşembe,20437654348,00206,00206,ADALET KALAYCI,BALIK TEMİZLEME,BANDIRMA,07:46,17:05,08:00,17:05,"07:46, 17:05",9.32,1.5,7.5,7.5,0.0,0.0,7.5,NORMAL,False,
10.09.2026,10,Perşembe,,01297,01297,ADEM YILDIRIM,,GÜVEN MUSTAFAKEMALPAŞA,07:48,20:01,08:00,20:01,"07:48, 20:01",12.22,1.5,10.5,7.5,3.0,0.0,10.5,NORMAL,False,
10.09.2026,10,Perşembe,18655664102,00011,00011,ADVİYE YARICI,BALIK TEMİZLEME,HALİL DİĞRENCİ,08:02,17:04,08:00,17:04,"08:02, 17:04",9.03,1.5,7.5,7.5,0.0,0.0,7.5,NORMAL,False,
10.09.2026,10,Perşembe,44626409038,01113,01113,AHMET ALİ TÜRKMEN,ÜRETİM,BİGADİÇ,15:52,00:03,15:52,00:03,"15:52, 00:03",8.18,0.5,7.5,7.5,0.0,0.0,7.5,NORMAL,False,
10.09.2026,10,Perşembe,23527501454,00583,00583,AHMET BEYHAN,BAKIM,KARACABEY,07:48,20:01,08:00,20:01,"07:48, 20:01",12.22,1.5,10.5,7.5,3.0,0.0,10.5,NORMAL,False,
10.09.2026,10,Perşembe,21925456598,00830,00830,AHMET ÇÇAYLAK,AMBAR,BALIKESİR,07:37,16:03,08:00,16:03,"07:37, 16:03",8.43,0.5,7.5,7.5,0.0,0.0,7.5,NORMAL,False,
10.09.2026,10,Perşembe,16510742668,01154,01154,AKİF TÜRKÇÜ,BALIK TEMİZLİK,MKP,-,17:36,08:00,17:36,17:36,9.6,1.5,8.0,7.5,0.5,0.0,8.0,GİRİŞ_YOK_AKŞAM,True,"Çıkış: 17:36 | Giriş Basılmadı (08:00 başı ile 8,0s korundu)"
10.09.2026,10,Perşembe,18394573482,00208,00208,ANIL DEMİRTAŞ,KONSERVE ÜRETİM ELEMANI,GÖBEL,16:03,00:11,16:00,00:11,"16:03, 00:11",8.13,0.5,7.5,7.5,0.0,0.0,7.5,NORMAL,False,
10.09.2026,10,Perşembe,28336192374,00308,00308,ARZU KILA,AMBAR,BİGADİÇ,07:36,19:41,08:00,19:41,"07:36, 19:41",12.08,1.5,10.0,7.5,2.5,0.0,10.0,NORMAL,False,
10.09.2026,10,Perşembe,28033351500,01357,01357,ARZU ÖZTÜRK,BALIK TEMİZLEME,GÜVEN MUSTAFAKEMALPAŞA,07:53,17:06,08:00,17:06,"07:53, 17:06",9.22,1.5,7.5,7.5,0.0,0.0,7.5,NORMAL,False,
10.09.2026,10,Perşembe,24709461474,00894,00894,ASLI BAYRAKTAR,BALIK DOLUM,GÜVEN TURİZM,07:33,17:07,08:00,17:07,"07:33, 17:07",9.57,1.5,7.5,7.5,2.0,2.0,9.5,BÖLÜM_PRİMLİ,False,"Balık Dolum ve Kesim Primi: Fiili 7,5s -> Bonuslu 9,5s (+2,0s Prim)"
10.09.2026,10,Perşembe,12572550074,00209,00209,ASYA TİLKİ,BALIK TEMİZLEME,KARACABEY,07:42,17:07,08:00,17:07,"07:42, 17:07",9.42,1.5,7.5,7.5,0.0,0.0,7.5,NORMAL,False,
10.09.2026,10,Perşembe,22426711476,00754,00754,AYNUR DEMİRCAN,BALIK TEMİZLEME,HALİL DİĞRENCİ,07:47,17:04,08:00,17:04,"07:47, 17:04",9.28,1.5,7.5,7.5,0.0,0.0,7.5,NORMAL,False,
10.09.2026,10,Perşembe,25567503092,00211,00211,AYÇA SEZER,KALİTE,BANDIRMA,16:00,08:11,16:00,08:11,"16:00, 08:11",16.18,0.5,15.5,7.5,8.0,0.0,15.5,NORMAL,False,
10.09.2026,10,Perşembe,24280352994,00214,00214,AYŞE KARAMAN,BALIK TEMİZLEME,BALIKESİR,07:48,17:01,08:00,17:01,"07:48, 17:01",9.22,1.5,7.5,7.5,0.0,0.0,7.5,NORMAL,False,
10.09.2026,10,Perşembe,34120156552,00215,00215,AYŞE YILMAZ,BALIK DOLUM,MKP,07:53,19:04,08:00,19:04,"07:53, 19:04",11.18,1.5,9.5,7.5,4.0,2.0,11.5,BÖLÜM_PRİMLİ,False,"Balık Dolum ve Kesim Primi: Fiili 9,5s -> Bonuslu 11,5s (+2,0s Prim)"
10.09.2026,10,Perşembe,11284759850,00018,00018,AYŞE ÇENECİOĞLU,AMBAR,BİGADİÇ,07:36,19:40,08:00,19:40,"07:36, 19:40",12.07,1.5,10.0,7.5,2.5,0.0,10.0,NORMAL,False,
10.09.2026,10,Perşembe,25610607388,01353,01353,BAHAR FİDAN,ÜRETİM,SÇEVİKAT ÇELİK,19:53,07:51,20:00,07:51,"19:53, 07:51",11.97,0.5,11.5,3.5,8.0,0.0,11.5,NORMAL,False,
10.09.2026,10,Perşembe,12496719380,01139,01139,BEDİA KAYMAZ,AMBAR,BİGADİÇ,07:36,19:41,08:00,19:41,"07:36, 19:41",12.08,1.5,10.0,7.5,2.5,0.0,10.0,NORMAL,False,
10.09.2026,10,Perşembe,14725695762,00025,00025,BEHİCE YALMAN,BALIK DOLUM,GÖBEL,07:43,18:57,08:00,18:57,"07:43, 18:57",11.23,1.5,9.5,7.5,4.0,2.0,11.5,BÖLÜM_PRİMLİ,False,"Balık Dolum ve Kesim Primi: Fiili 9,5s -> Bonuslu 11,5s (+2,0s Prim)"
10.09.2026,10,Perşembe,11206757414,00902,00902,BERK BERBER,ÇEVRE MÜHENDİSİ,BANDIRMA,08:12,18:23,08:00,18:23,"08:12, 18:23",10.18,1.5,8.5,7.5,1.0,0.0,8.5,NORMAL,False,
10.09.2026,10,Perşembe,25297298992,00216,00216,BETÜL TUNÇ,BALIK TEMİZLEME,BANDIRMA,07:46,17:03,08:00,17:03,"07:46, 17:03",9.28,1.5,7.5,7.5,0.0,0.0,7.5,NORMAL,False,
10.09.2026,10,Perşembe,10201948476,01170,01170,BUKET DÖNMEZ,KALİTE,HALİL DİĞRENCİ,08:02,20:01,08:00,20:01,"08:02, 20:01",11.98,1.5,10.5,7.5,3.0,0.0,10.5,NORMAL,False,
10.09.2026,10,Perşembe,11950763822,01348,01348,BİLGİYE TOPAL,BALIK TEMİZLEME,GÜVEN MUSTAFAKEMALPAŞA,07:51,17:06,08:00,17:06,"07:51, 17:06",9.25,1.5,7.5,7.5,0.0,0.0,7.5,NORMAL,False,
10.09.2026,10,Perşembe,31678238334,00922,00922,CANSEL AKCAN,BALIK TEMİZLEME,GÜVEN MUSTAFAKEMALPAŞA,07:51,17:06,08:00,17:06,"07:51, 17:06",9.25,1.5,7.5,7.5,0.0,0.0,7.5,NORMAL,False,
10.09.2026,10,Perşembe,16933572286,00030,00030,CANSEVER ÇÇAKMAK,AMBAR,BİGADİÇ,07:36,19:39,08:00,19:39,"07:36, 19:39",12.05,1.5,10.0,7.5,2.5,0.0,10.0,NORMAL,False,
10.09.2026,10,Perşembe,33154180038,00031,00031,CEMALETTİN BEDİZCİ,BAKIM,KARACABEY,07:45,19:09,08:00,19:09,"07:45, 19:09",11.4,1.5,9.5,7.5,2.0,0.0,9.5,NORMAL,False,
10.09.2026,10,Perşembe,17488585028,00217,00217,CEMİLE KARAN,BALIK TEMİZLEME,BALIKESİR,07:50,16:57,08:00,16:57,"07:50, 16:57",9.12,1.5,7.5,7.5,0.0,0.0,7.5,NORMAL,False,
10.09.2026,10,Perşembe,23083367440,00320,00320,CEYDA ÖZ,KALİTE,BİGADİÇ,15:52,00:03,15:52,00:03,"15:52, 00:03",8.18,0.5,7.5,7.5,0.0,0.0,7.5,NORMAL,False,
10.09.2026,10,Perşembe,16699736366,01330,01330,CEYLAN BATAN,BALIK TEMİZLEME,GÜVEN MUSTAFAKEMALPAŞA,07:52,17:04,08:00,17:04,"07:52, 17:04",9.2,1.5,7.5,7.5,0.0,0.0,7.5,NORMAL,False,
10.09.2026,10,Perşembe,19313787324,00943,00943,CİHAN YILMAZ,BALIK,HALİL DİĞRENCİ,08:06,16:57,08:00,16:57,"08:06, 16:57",8.85,1.5,7.5,7.5,0.0,0.0,7.5,NORMAL,False,
10.09.2026,10,Perşembe,37525041782,00218,00218,DERYA SEVİNÇ,FORMEN,MKP,07:51,17:05,08:00,17:05,"07:51, 17:05",9.23,1.5,7.5,7.5,0.0,0.0,7.5,NORMAL,False,
10.09.2026,10,Perşembe,24961035246,01098,01098,DUDU ÖRENGÜL,KALİTE,GÜVEN MUSTAFAKEMALPAŞA,07:50,19:04,08:00,19:04,"07:50, 19:04",11.23,1.5,9.5,7.5,2.0,0.0,9.5,NORMAL,False,
10.09.2026,10,Perşembe,99848635024,00283,00283,DUHA EL MUFADDİ,BALIK TEMİZLEME,MKP,07:53,17:05,08:00,17:05,"07:53, 17:05",9.2,1.5,7.5,7.5,0.0,0.0,7.5,NORMAL,False,
10.09.2026,10,Perşembe,23509358892,00386,00386,DÖNDÜ ŞAHİN,KALİTE,BANDIRMA,23:44,08:11,00:00,08:11,"23:44, 08:11",8.45,0.5,7.5,7.5,0.0,0.0,7.5,NORMAL,False,
10.09.2026,10,Perşembe,17329708456,01285,01285,DİLEK ÇEKİN,BALIK TEMİZLEME,GÜVEN TURİZM,07:33,17:06,08:00,17:06,"07:33, 17:06",9.55,1.5,7.5,7.5,0.0,0.0,7.5,NORMAL,False,
10.09.2026,10,Perşembe,10456937386,01362,01362,DİLEK ÇETİN,,HALİL DİĞRENCİ,08:06,20:04,08:00,20:04,"08:06, 20:04",11.97,1.5,10.5,7.5,3.0,0.0,10.5,NORMAL,False,
10.09.2026,10,Perşembe,12562741222,00872,00872,EBRU ÖÖZALP,BALIK TEMİZLEME,BALIKESİR,07:50,17:03,08:00,17:03,"07:50, 17:03",9.22,1.5,7.5,7.5,0.0,0.0,7.5,NORMAL,False,
10.09.2026,10,Perşembe,29563469352,00563,00563,EDİP EKİNCİ,KAZAN,SUSURLUK,19:58,08:01,20:00,08:01,"19:58, 08:01",12.05,0.5,11.5,3.5,8.0,0.0,11.5,NORMAL,False,
10.09.2026,10,Perşembe,10066843626,00374,00374,EFE EVİM,AMBAR,BİGADİÇ,07:37,19:40,08:00,19:40,"07:37, 19:40",12.05,1.5,10.0,7.5,2.5,0.0,10.0,NORMAL,False,
10.09.2026,10,Perşembe,14266711334,00037,00037,EFRAİM DUMAN,AMBAR,SUSURLUK,19:58,07:56,20:00,07:56,"19:58, 07:56",11.97,0.5,11.5,3.5,8.0,0.0,11.5,NORMAL,False,
10.09.2026,10,Perşembe,20036722080,00039,00039,ELMAS OMAY,AMBAR,BALIKESİR,07:50,19:39,08:00,19:39,"07:50, 19:39",11.82,1.5,10.0,7.5,2.5,0.0,10.0,NORMAL,False,
10.09.2026,10,Perşembe,16591633060,00038,00038,ELİF TUNÇ,KALİTE,BANDIRMA,07:46,18:16,08:00,18:16,"07:46, 18:16",10.5,1.5,8.5,7.5,1.0,0.0,8.5,NORMAL,False,
10.09.2026,10,Perşembe,20266511430,00002,00002,ELİF YAVAŞ,MUHASEBE,SUSURLUK,08:03,18:03,08:00,18:03,"08:03, 18:03",10.0,1.5,8.5,7.5,1.0,0.0,8.5,NORMAL,False,
10.09.2026,10,Perşembe,31009103096,00204,00204,EMEL SANAN,AMBAR,BİGADİÇ,07:35,19:41,08:00,19:41,"07:35, 19:41",12.1,1.5,10.0,7.5,2.5,0.0,10.0,NORMAL,False,
10.09.2026,10,Perşembe,12523718256,00043,00043,EMİNE BAYER,AMBAR,BİGADİÇ,07:36,19:40,08:00,19:40,"07:36, 19:40",12.07,1.5,10.0,7.5,2.5,0.0,10.0,NORMAL,False,
10.09.2026,10,Perşembe,16111749134,01300,01300,EMİNE KARAMAN,BALIK TEMİZLEME,HALİL DİĞRENCİ,08:06,17:03,08:00,17:03,"08:06, 17:03",8.95,1.5,7.5,7.5,0.0,0.0,7.5,NORMAL,False,
10.09.2026,10,Perşembe,12379749978,00197,00197,EMİNE SARI,YEMEKHANE,BALIKESİR,07:48,16:57,08:00,16:57,"07:48, 16:57",9.15,1.5,7.5,7.5,0.0,0.0,7.5,NORMAL,False,
10.09.2026,10,Perşembe,45328882280,00859,00859,EMİNE YAVUZ,BALIK TEMİZLEME,GÜVEN TURİZM,07:33,17:04,08:00,17:04,"07:33, 17:04",9.52,1.5,7.5,7.5,0.0,0.0,7.5,NORMAL,False,
10.09.2026,10,Perşembe,20503503198,00045,00045,EMİNE ÇAPAR,YEMEKHANE,GÖBEL,18:38,04:31,18:30,04:31,"18:38, 04:31",9.88,0.5,9.5,5.0,4.5,0.0,9.5,NORMAL,False,
10.09.2026,10,Perşembe,37030668238,01180,01180,EMİNE ŞENTÜRK CİNGÖZ,BALIK TEMİZLEME,GÜVEN TURİZM,07:34,17:07,08:00,17:07,"07:34, 17:07",9.55,1.5,7.5,7.5,0.0,0.0,7.5,NORMAL,False,
10.09.2026,10,Perşembe,10036852948,00046,00046,EMİRHAN MUTLU,BAKIM,GÖBEL,08:14,18:20,08:00,18:20,"08:14, 18:20",10.1,1.5,8.5,7.5,1.0,0.0,8.5,NORMAL,False,
10.09.2026,10,Perşembe,29470204244,00007,00007,ENDER BİLBAY,KAPI GÖREVLİSİ,GÖBEL,16:03,23:51,16:00,23:51,"16:03, 23:51",7.8,0.5,7.5,7.5,0.0,0.0,7.5,NORMAL,False,
10.09.2026,10,Perşembe,98284188514,00293,00293,ENES ABDE,BALIK TEMİZLEME,MKP,07:52,17:05,08:00,17:05,"07:52, 17:05",9.22,1.5,7.5,7.5,0.0,0.0,7.5,NORMAL,False,
10.09.2026,10,Perşembe,34795126850,01351,01351,ERCAN POLAT,BİLGİSAYAR MÜHENDİSİ,KARACABEY,07:42,17:37,08:00,17:37,"07:42, 17:37",9.92,1.5,8.0,7.5,0.5,0.0,8.0,NORMAL,False,
10.09.2026,10,Perşembe,35581001238,00481,00481,ERCÜMENT AYGÜL,AMBAR,SUSURLUK,08:15,04:24,08:00,04:24,"08:15, 15:49, 00:02, 04:24",20.15,1.5,18.5,7.5,11.0,0.0,18.5,ÇOKLU_BASIM_MIN_MAX,True,"Çoklu Basım: İlk Giriş 08:15, Son Çıkış 04:24 (18,5s)"
10.09.2026,10,Perşembe,23131415628,00047,00047,ERDİN TETİK,MEYDAN,SUSURLUK,23:45,07:58,00:00,07:58,"23:45, 07:58",8.22,0.5,7.5,7.5,0.0,0.0,7.5,NORMAL,False,
10.09.2026,10,Perşembe,22260441248,00198,00198,ERSİN ESER,BAKIM,GÖBEL,19:53,07:56,20:00,07:56,"19:53, 07:56",12.05,0.5,11.5,3.5,8.0,0.0,11.5,NORMAL,False,
10.09.2026,10,Perşembe,11633067636,00221,00221,EİREMŞAH KIZILKAYA,BALIK DOLUM,GÖBEL,07:43,18:58,08:00,18:58,"07:43, 18:58",11.25,1.5,9.5,7.5,4.0,2.0,11.5,BÖLÜM_PRİMLİ,False,"Balık Dolum ve Kesim Primi: Fiili 9,5s -> Bonuslu 11,5s (+2,0s Prim)"
10.09.2026,10,Perşembe,35183294274,00926,00926,FATMA DEMİRER,BALIK TEMİZLEME,GÜVEN MUSTAFAKEMALPAŞA,07:51,17:04,08:00,17:04,"07:51, 17:04",9.22,1.5,7.5,7.5,0.0,0.0,7.5,NORMAL,False,
10.09.2026,10,Perşembe,32986036254,00056,00056,FATMA ÇAM,ÜRETİM,BİGADİÇ,15:52,00:04,15:52,00:04,"15:52, 00:04",8.2,0.5,7.5,7.5,0.0,0.0,7.5,NORMAL,False,
10.09.2026,10,Perşembe,31594082608,00057,00057,FATMA ÖZÇAM,ÜRETİM,BİGADİÇ,15:53,00:04,15:53,00:04,"15:53, 00:04",8.18,0.5,7.5,7.5,0.0,0.0,7.5,NORMAL,False,
10.09.2026,10,Perşembe,11890896888,00223,00223,FATMAGÜL ÇEKİ,BALIK DOLUM,MKP,07:53,19:04,08:00,19:04,"07:53, 19:04",11.18,1.5,9.5,7.5,4.0,2.0,11.5,BÖLÜM_PRİMLİ,False,"Balık Dolum ve Kesim Primi: Fiili 9,5s -> Bonuslu 11,5s (+2,0s Prim)"
10.09.2026,10,Perşembe,21898406446,01065,01065,FERUDUN BAKAN,ÜRETİM,BİGADİÇ,15:52,00:03,15:52,00:03,"15:52, 00:03",8.18,0.5,7.5,7.5,0.0,0.0,7.5,NORMAL,False,
10.09.2026,10,Perşembe,31933222184,00224,00224,FEVZİYE EREL,BALIK TEMİZLEME,HALİL DİĞRENCİ,08:06,17:02,08:00,17:02,"08:06, 17:02",8.93,1.5,7.5,7.5,0.0,0.0,7.5,NORMAL,False,
10.09.2026,10,Perşembe,17431713232,00927,00927,FİSUN ETİLER,,GÜVEN MUSTAFAKEMALPAŞA,07:51,17:02,08:00,17:02,"07:51, 17:02",9.18,1.5,7.5,7.5,0.0,0.0,7.5,NORMAL,False,
10.09.2026,10,Perşembe,33739783340,00739,00739,GURBET DUMAN,BALIK TEMİZLEME,HALİL DİĞRENCİ,08:06,17:03,08:00,17:03,"08:06, 17:03",8.95,1.5,7.5,7.5,0.0,0.0,7.5,NORMAL,False,
10.09.2026,10,Perşembe,33379057108,00423,00423,GÜLAY GÜNDOĞDU,BALIK TEMİZLEME,BALIKESİR,07:48,17:00,08:00,17:00,"07:48, 17:00",9.2,1.5,7.5,7.5,0.0,0.0,7.5,NORMAL,False,
10.09.2026,10,Perşembe,15041774032,00882,00882,GÜLPERİ KALENDER,BALIK TEMİZLEME,BANDIRMA,07:46,17:03,08:00,17:03,"07:46, 17:03",9.28,1.5,7.5,7.5,0.0,0.0,7.5,NORMAL,False,
10.09.2026,10,Perşembe,53689106020,00073,00073,GÜLSÜM GÖRGÜLÜ,AMBAR,BİGADİÇ,07:36,19:38,08:00,19:38,"07:36, 19:38",12.03,1.5,10.0,7.5,2.5,0.0,10.0,NORMAL,False,
10.09.2026,10,Perşembe,45184908278,00226,00226,GÜLTEN DURMAZ,BALIK DOLUM,GÖBEL,07:43,18:57,08:00,18:57,"07:43, 18:57",11.23,1.5,9.5,7.5,4.0,2.0,11.5,BÖLÜM_PRİMLİ,False,"Balık Dolum ve Kesim Primi: Fiili 9,5s -> Bonuslu 11,5s (+2,0s Prim)"
10.09.2026,10,Perşembe,10996768938,00071,00071,GÜLTEN GİDER,AMBAR,BİGADİÇ,07:36,19:40,08:00,19:40,"07:36, 19:40",12.07,1.5,10.0,7.5,2.5,0.0,10.0,NORMAL,False,
10.09.2026,10,Perşembe,11593899780,00773,00773,GÜRAY PALA,BALIK KESİM,HALİL DİĞRENCİ,19:52,08:04,20:00,08:04,"19:52, 08:04",12.2,0.5,11.5,3.5,10.0,2.0,13.5,BÖLÜM_PRİMLİ,False,"Balık Dolum ve Kesim Primi: Fiili 11,5s -> Bonuslu 13,5s (+2,0s Prim)"
10.09.2026,10,Perşembe,23638497776,00075,00075,HACER BEYHAN,BALIK TEMİZLEME,HALİL DİĞRENCİ,07:48,17:02,08:00,17:02,"07:48, 17:02",9.23,1.5,7.5,7.5,0.0,0.0,7.5,NORMAL,False,
10.09.2026,10,Perşembe,22639531168,01078,01078,HAFİZE AVCIOĞLU,BALIK TEMİZLEME,GÜVEN TURİZM,07:33,17:04,08:00,17:04,"07:33, 17:04",9.52,1.5,7.5,7.5,0.0,0.0,7.5,NORMAL,False,
10.09.2026,10,Perşembe,20290485820,01060,01060,HANİFE YILDIRIM,BALIK TEMİZLEME,BALIKESİR,07:49,17:01,08:00,17:01,"07:49, 17:01",9.2,1.5,7.5,7.5,0.0,0.0,7.5,NORMAL,False,
10.09.2026,10,Perşembe,45823635220,01148,01148,HATİCE GÖLBAŞ,ÜRETİM,HALİL DİĞRENCİ,08:07,20:02,08:00,20:02,"08:07, 20:02",11.92,1.5,10.5,7.5,3.0,0.0,10.5,NORMAL,False,
10.09.2026,10,Perşembe,31324091924,00084,00084,HATİCE KURT,ÜRETİM,BİGADİÇ,15:52,00:04,15:52,00:04,"15:52, 00:04",8.2,0.5,7.5,7.5,0.0,0.0,7.5,NORMAL,False,
10.09.2026,10,Perşembe,10817807990,01096,01096,HATİCE ONUK,ÜRETİM,HALİL DİĞRENCİ,08:06,17:08,08:00,17:08,"08:06, 17:08",9.03,1.5,7.5,7.5,0.0,0.0,7.5,NORMAL,False,
10.09.2026,10,Perşembe,33850041688,00577,00577,HATİCE SAVAŞÇI,BALIK TEMİZLEME,BALIKESİR,07:49,17:01,08:00,17:01,"07:49, 17:01",9.2,1.5,7.5,7.5,0.0,0.0,7.5,NORMAL,False,
10.09.2026,10,Perşembe,26002427744,00227,00227,HAVVA ALPER,BALIK DOLUM,MKP,07:53,19:04,08:00,19:04,"07:53, 19:04",11.18,1.5,9.5,7.5,4.0,2.0,11.5,BÖLÜM_PRİMLİ,False,"Balık Dolum ve Kesim Primi: Fiili 9,5s -> Bonuslu 11,5s (+2,0s Prim)"
10.09.2026,10,Perşembe,26653281238,00228,00228,HAVVA BAYRAM,BALIK TEMİZLEME,BALIKESİR,07:49,17:01,08:00,17:01,"07:49, 17:01",9.2,1.5,7.5,7.5,0.0,0.0,7.5,NORMAL,False,
10.09.2026,10,Perşembe,30367150308,00852,00852,HAYRULLAH TOPRAK,AMBAR,GÜVEN TURİZM,08:00,17:07,08:00,17:07,"08:00, 17:07",9.12,1.5,7.5,7.5,0.0,0.0,7.5,NORMAL,False,
10.09.2026,10,Perşembe,10156949566,01270,01270,HAYRİYE BEYİRKEN,ÜRETİM,HALİL DİĞRENCİ,08:07,20:01,08:00,20:01,"08:07, 20:01",11.9,1.5,10.5,7.5,3.0,0.0,10.5,NORMAL,False,
10.09.2026,10,Perşembe,23524501518,00231,00231,KADRİYE BEYHAN,BALIK TEMİZLEME,HALİL DİĞRENCİ,07:48,17:02,08:00,17:02,"07:48, 17:02",9.23,1.5,7.5,7.5,0.0,0.0,7.5,NORMAL,False,
10.09.2026,10,Perşembe,49981303052,00093,00093,KADİR AZAR,AMBAR,KARACABEY,07:43,20:01,08:00,20:01,"07:43, 20:01",12.3,1.5,10.5,7.5,3.0,0.0,10.5,NORMAL,False,
10.09.2026,10,Perşembe,27448226656,00095,00095,KAMİLE DAĞDÇELEN,AMBAR,BİGADİÇ,07:36,-,07:36,17:00,07:36,7.5,1.5,7.5,7.5,0.0,0.0,7.5,ÇIKIŞ_YOK_SABAH,True,"Giriş: 07:36 | Çıkış Basılmadı (Tam Gün 7,5s yazıldı)"
10.09.2026,10,Perşembe,99656887974,00294,00294,KEFA EL HUDUR,BALIK TEMİZLEME,MKP,07:53,17:05,08:00,17:05,"07:53, 17:05",9.2,1.5,7.5,7.5,0.0,0.0,7.5,NORMAL,False,
10.09.2026,10,Perşembe,33067084584,00097,00097,KEMAL DURMUŞ,İŞLETME,SUSURLUK,19:58,08:04,20:00,08:04,"19:58, 08:04",12.1,0.5,11.5,3.5,8.0,0.0,11.5,NORMAL,False,
10.09.2026,10,Perşembe,33397029286,01327,01327,KÜBÜŞRA ALTAY,SATIN ALMA,BANDIRMA,07:46,17:02,08:00,17:02,"07:46, 17:02",9.27,1.5,7.5,7.5,0.0,0.0,7.5,NORMAL,False,
10.09.2026,10,Perşembe,25657430024,00199,00199,KÜRŞAT TÜRKAN,BAKIM,KARACABEY,08:06,18:30,08:00,18:30,"08:06, 18:30",10.4,1.5,9.0,7.5,1.5,0.0,9.0,NORMAL,False,
10.09.2026,10,Perşembe,19783626574,00103,00103,MACİDE PIRLAK,BALIK TEMİZLEME,KARACABEY,07:42,17:05,08:00,17:05,"07:42, 17:05",9.38,1.5,7.5,7.5,0.0,0.0,7.5,NORMAL,False,
10.09.2026,10,Perşembe,99959615564,00200,00200,MAHMOUD ALZALEK,ELEKTRİK,SUSURLUK,19:58,07:55,20:00,07:55,"19:58, 07:55",11.95,0.5,11.5,3.5,8.0,0.0,11.5,NORMAL,False,
10.09.2026,10,Perşembe,20458603738,00528,00528,MAHMURE ESEN,BALIK TEMİZLEME,HALİL DİĞRENCİ,07:48,17:03,08:00,17:03,"07:48, 17:03",9.25,1.5,7.5,7.5,0.0,0.0,7.5,NORMAL,False,
10.09.2026,10,Perşembe,29749160806,00104,00104,MAHİR HİLMİ ULUKÖK,YENİ BALIK HATTI,SUSURLUK,08:04,20:41,08:00,20:41,"08:04, 20:41",12.62,1.5,11.0,7.5,3.5,0.0,11.0,NORMAL,False,
10.09.2026,10,Perşembe,13876724772,00500,00500,MEHMET KARTAL,AMBAR,SUSURLUK,15:47,00:06,15:47,00:06,"15:47, 00:06",8.32,0.5,7.5,7.5,0.0,0.0,7.5,NORMAL,False,
10.09.2026,10,Perşembe,30181166332,00233,00233,MEMNUNE KARAMAN,BALIK TEMİZLEME,BALIKESİR,07:50,17:01,08:00,17:01,"07:50, 17:01",9.18,1.5,7.5,7.5,0.0,0.0,7.5,NORMAL,False,
10.09.2026,10,Perşembe,61984174392,01070,01070,MESERRET DAĞ,ÜRETİM,SÇEVİKAT ÇELİK,19:53,08:04,20:00,08:04,"19:53, 08:04",12.18,0.5,11.5,3.5,8.0,0.0,11.5,NORMAL,False,
10.09.2026,10,Perşembe,28027546004,00112,00112,MESUT ERDEL,BAKIM,SUSURLUK,08:07,18:20,08:00,18:20,"08:07, 18:20",10.22,1.5,8.5,7.5,1.0,0.0,8.5,NORMAL,False,
10.09.2026,10,Perşembe,25354441064,01264,01264,METANET DİNÇER,ÜRETİM,HALİL DİĞRENCİ,19:53,08:01,20:00,08:01,"19:53, 08:01",12.13,0.5,11.5,3.5,8.0,0.0,11.5,NORMAL,False,
10.09.2026,10,Perşembe,99248627704,00005,00005,MHD BASSEL ALZALEK,ELEKTRİK,SUSURLUK,07:36,19:59,08:00,19:59,"07:36, 19:59",12.38,1.5,10.5,7.5,3.0,0.0,10.5,NORMAL,False,
10.09.2026,10,Perşembe,99347757876,00116,00116,MUHAMMED SAMİH SERHAN,AMBAR,GÖBEL,17:42,00:11,17:30,00:11,"17:42, 00:11",6.48,0.5,6.0,6.0,0.0,0.0,6.0,NORMAL,False,
10.09.2026,10,Perşembe,23329391024,00514,00514,MUKATDES KARAMANOĞLU,BALIK TEMİZLEME,BALIKESİR,07:49,17:01,08:00,17:01,"07:49, 17:01",9.2,1.5,7.5,7.5,0.0,0.0,7.5,NORMAL,False,
10.09.2026,10,Perşembe,15205679746,00572,00572,MURAT YONSUL,AMBAR,GÖBEL,18:37,11:37,18:30,11:37,"10:10, 18:37, 11:37",17.0,0.5,16.5,5.0,11.5,0.0,16.5,ÇOKLU_BASIM_MIN_MAX,True,"Çoklu Basım: İlk Giriş 18:37, Son Çıkış 11:37 (16,5s)"
10.09.2026,10,Perşembe,25621221832,00118,00118,MUSTAFA KAYA,İŞLETME,MKP,07:52,19:59,08:00,19:59,"07:52, 19:59",12.12,1.5,10.5,7.5,3.0,0.0,10.5,NORMAL,False,
10.09.2026,10,Perşembe,21976553468,00234,00234,MÜCAHİT ÇOLAK,BALIK TEMİZLEME,KARACABEY,07:43,17:02,08:00,17:02,"07:43, 17:02",9.32,1.5,7.5,7.5,0.0,0.0,7.5,NORMAL,False,
10.09.2026,10,Perşembe,31195265912,01056,01056,MÜRVET ÇAKAN,BALIK TEMİZLEME,HALİL DİĞRENCİ,08:06,17:03,08:00,17:03,"08:06, 17:03",8.95,1.5,7.5,7.5,0.0,0.0,7.5,NORMAL,False,
10.09.2026,10,Perşembe,23539402008,00716,00716,MÜRVET ŞAFAK,ÜRETİM,SUSURLUK TUR-REŞAT,07:53,17:04,08:00,17:04,"07:53, 17:04",9.18,1.5,7.5,7.5,0.0,0.0,7.5,NORMAL,False,
10.09.2026,10,Perşembe,33124024560,00120,00120,MÜZEYYEN ERDİNÇ,BALIK TEMİZLEME,BALIKESİR,07:49,17:03,08:00,17:03,"07:49, 17:03",9.23,1.5,7.5,7.5,0.0,0.0,7.5,NORMAL,False,
10.09.2026,10,Perşembe,12556753194,00235,00235,NACİYE KARABULUT,BALIK TEMİZLEME,BALIKESİR,07:48,17:01,08:00,17:01,"07:48, 17:01",9.22,1.5,7.5,7.5,0.0,0.0,7.5,NORMAL,False,
10.09.2026,10,Perşembe,16324748870,01178,01178,NAZMİYE ÇELİK,BALIK TEMİZLEME,GÜVEN MUSTAFAKEMALPAŞA,07:51,17:04,08:00,17:04,"07:51, 17:04",9.22,1.5,7.5,7.5,0.0,0.0,7.5,NORMAL,False,
10.09.2026,10,Perşembe,28510235804,00121,00121,NAİL AKSOY,ŞÖFÖR,SUSURLUK,23:46,08:01,00:00,08:01,"23:46, 08:01",8.25,0.5,7.5,7.5,0.0,0.0,7.5,NORMAL,False,
10.09.2026,10,Perşembe,38710924712,00887,00887,NECLA ABİ,BALIK TEMİZLEME,GÜVEN TURİZM,07:33,17:06,08:00,17:06,"07:33, 17:06",9.55,1.5,7.5,7.5,0.0,0.0,7.5,NORMAL,False,
10.09.2026,10,Perşembe,24031385950,00380,00380,NECMİ SEVER,MEYDAN,GÖBEL,07:43,17:41,08:00,17:41,"07:43, 17:41",9.97,1.5,8.0,7.5,0.5,0.0,8.0,NORMAL,False,
10.09.2026,10,Perşembe,21991561554,00930,00930,NECMİYE ÜÜLKER,BALIK TEMİZLEME,GÜVEN MUSTAFAKEMALPAŞA,07:51,17:02,08:00,17:02,"07:51, 17:02",9.18,1.5,7.5,7.5,0.0,0.0,7.5,NORMAL,False,
10.09.2026,10,Perşembe,54874132756,00974,00974,NECİFE BAĞ,BALIK TEMİZLEME,KARACABEY,07:43,17:07,08:00,17:07,"07:43, 17:07",9.4,1.5,7.5,7.5,0.0,0.0,7.5,NORMAL,False,
10.09.2026,10,Perşembe,14452686422,00371,00371,NESRİN GÜZEL,BALIK TEMİZLEME,BALIKESİR,07:48,17:00,08:00,17:00,"07:48, 17:00",9.2,1.5,7.5,7.5,0.0,0.0,7.5,NORMAL,False,
10.09.2026,10,Perşembe,17902565544,00128,00128,NURAY AVCI,YEMEKHANE,BALIKESİR,07:49,16:57,08:00,16:57,"07:49, 16:57",9.13,1.5,7.5,7.5,0.0,0.0,7.5,NORMAL,False,
10.09.2026,10,Perşembe,25970637896,00129,00129,NURAY ELİSÇIKIŞ,AMBAR,BALIKESİR,07:49,17:00,08:00,17:00,"07:49, 17:00",9.18,1.5,7.5,7.5,0.0,0.0,7.5,NORMAL,False,
10.09.2026,10,Perşembe,21478446602,00236,00236,NURCAN EREN,BALIK TEMİZLEME,BALIKESİR,07:49,17:00,08:00,17:00,"07:49, 17:00",9.18,1.5,7.5,7.5,0.0,0.0,7.5,NORMAL,False,
10.09.2026,10,Perşembe,15736612786,01352,01352,NURGÜL ADIGÜL,ÜRETİM,BİGADİÇ,15:52,00:03,15:52,00:03,"15:52, 00:03",8.18,0.5,7.5,7.5,0.0,0.0,7.5,NORMAL,False,
10.09.2026,10,Perşembe,13318692676,01064,01064,NURGÜL PARLAS,ÜRETİM,BİGADİÇ,15:52,00:03,15:52,00:03,"15:52, 00:03",8.18,0.5,7.5,7.5,0.0,0.0,7.5,NORMAL,False,
10.09.2026,10,Perşembe,22186447318,00137,00137,NURTEN CAN,ÜRETİM,SUSURLUK TUR-REŞAT,07:37,17:04,08:00,17:04,"07:37, 17:04",9.45,1.5,7.5,7.5,0.0,0.0,7.5,NORMAL,False,
10.09.2026,10,Perşembe,27289383990,00931,00931,NURTEN ERDEM,BALIK TEMİZLEME,GÜVEN MUSTAFAKEMALPAŞA,07:51,17:05,08:00,17:05,"07:51, 17:05",9.23,1.5,7.5,7.5,0.0,0.0,7.5,NORMAL,False,
10.09.2026,10,Perşembe,13420739290,00003,00003,NURİ GÜLSER,KAPI GÖREVLİSİ,GÖBEL,07:42,16:06,08:00,16:06,"07:42, 16:06",8.4,0.5,7.5,7.5,0.0,0.0,7.5,NORMAL,False,
10.09.2026,10,Perşembe,52996654668,00237,00237,NURİYE AKKUŞ,BALIK TEMİZLEME,BANDIRMA,07:46,17:04,08:00,17:04,"07:46, 17:04",9.3,1.5,7.5,7.5,0.0,0.0,7.5,NORMAL,False,
10.09.2026,10,Perşembe,13189854302,00006,00006,OZAN BUĞA,BAKIM,MKP,23:04,09:32,00:00,09:32,"23:04, 09:32",10.47,0.5,9.0,7.5,1.5,0.0,9.0,NORMAL,False,
10.09.2026,10,Perşembe,29677146866,00238,00238,RABİYE ÇENECİOĞLU,BALIK TEMİZLEME,BALIKESİR,07:49,17:03,08:00,17:03,"07:49, 17:03",9.23,1.5,7.5,7.5,0.0,0.0,7.5,NORMAL,False,
10.09.2026,10,Perşembe,29359208356,00145,00145,RAMAZAN KÜÇÜKÇÇAKIR,ŞÖFÖR,SUSURLUK,07:58,16:57,08:00,16:57,"07:58, 16:57",8.98,1.5,7.5,7.5,0.0,0.0,7.5,NORMAL,False,
10.09.2026,10,Perşembe,24022385860,01316,01316,RECEP İÇÖZ,MEYDAN,GÖBEL,07:35,17:02,08:00,17:02,"07:35, 17:02",9.45,1.5,7.5,7.5,0.0,0.0,7.5,NORMAL,False,
10.09.2026,10,Perşembe,28108249688,00146,00146,RIDVAN DEMİRDAK,ŞÖFÖR,GÖBEL,16:03,23:53,16:00,23:53,"16:03, 23:53",7.83,0.5,7.5,7.5,0.0,0.0,7.5,NORMAL,False,
10.09.2026,10,Perşembe,,01071,01071,ROJDA DAĞ,,SÇEVİKAT ÇELİK,19:53,08:04,20:00,08:04,"19:53, 08:04",12.18,0.5,11.5,3.5,8.0,0.0,11.5,NORMAL,False,
10.09.2026,10,Perşembe,34807027090,00536,00536,SABRİ ACAR,YENİ BALIK HATTI,SUSURLUK,23:53,07:55,00:00,07:55,"23:53, 07:55",8.03,0.5,7.5,7.5,0.0,0.0,7.5,NORMAL,False,
10.09.2026,10,Perşembe,31027151864,00147,00147,SABİHA GİRGİN,ÜRETİM,SUSURLUK TUR-REŞAT,07:37,17:04,08:00,17:04,"07:37, 17:04",9.45,1.5,7.5,7.5,0.0,0.0,7.5,NORMAL,False,
10.09.2026,10,Perşembe,33640164108,01130,01130,SAMET YUMİTKEN,ÜRETİM,HALİL DİĞRENCİ,08:06,19:59,08:00,19:59,"08:06, 19:59",11.88,1.5,10.5,7.5,3.0,0.0,10.5,NORMAL,False,
10.09.2026,10,Perşembe,30373124058,00149,00149,SANİYE CEYLAN,AMBAR,BİGADİÇ,07:36,19:38,08:00,19:38,"07:36, 19:38",12.03,1.5,10.0,7.5,2.5,0.0,10.0,NORMAL,False,
10.09.2026,10,Perşembe,14164714154,00150,00150,SARA EROĞLU,AMBAR,BALIKESİR,07:48,19:38,08:00,19:38,"07:48, 19:38",11.83,1.5,10.0,7.5,2.5,0.0,10.0,NORMAL,False,
10.09.2026,10,Perşembe,11248811624,00009,00009,SELAHATTİN SÖĞÜT,ŞÖFÖR,GÖBEL,10:24,23:07,10:30,23:07,"10:24, 23:07",12.72,1.5,11.0,5.0,6.0,0.0,11.0,NORMAL,False,
10.09.2026,10,Perşembe,19723478966,01069,01069,SELMA AYHAN,ÜRETİM,BİGADİÇ,15:52,00:04,15:52,00:04,"15:52, 00:04",8.2,0.5,7.5,7.5,0.0,0.0,7.5,NORMAL,False,
10.09.2026,10,Perşembe,49369567458,00559,00559,SELMA TUNÇ,BALIK TEMİZLEME,BALIKESİR,07:48,17:02,08:00,17:02,"07:48, 17:02",9.23,1.5,7.5,7.5,0.0,0.0,7.5,NORMAL,False,
10.09.2026,10,Perşembe,33451458564,01227,01227,SELMATA ANIK,ÜRETİM,HALİL DİĞRENCİ,19:52,07:51,20:00,07:51,"19:52, 07:51",11.98,0.5,11.5,3.5,8.0,0.0,11.5,NORMAL,False,
10.09.2026,10,Perşembe,19633628390,01279,01279,SERAP KURUMLU,BALIK TEMİZLEME,GÜVEN MUSTAFAKEMALPAŞA,07:51,17:04,08:00,17:04,"07:51, 17:04",9.22,1.5,7.5,7.5,0.0,0.0,7.5,NORMAL,False,
10.09.2026,10,Perşembe,24136488860,01007,01007,SEREN BURHAN,BALIK TEMİZLEME,GÜVEN MUSTAFAKEMALPAŞA,07:51,17:07,08:00,17:07,"07:51, 17:07",9.27,1.5,7.5,7.5,0.0,0.0,7.5,NORMAL,False,
10.09.2026,10,Perşembe,16231745504,01129,01129,SERKAN YUMİTKEN,ÜRETİM,HALİL DİĞRENCİ,08:06,20:02,08:00,20:02,"08:06, 20:02",11.93,1.5,10.5,7.5,3.0,0.0,10.5,NORMAL,False,
10.09.2026,10,Perşembe,13696829374,01361,01361,SERPİL İİPEK,,HALİL DİĞRENCİ,19:54,08:06,20:00,08:06,"19:54, 08:06",12.2,0.5,11.5,3.5,8.0,0.0,11.5,NORMAL,False,
10.09.2026,10,Perşembe,13498698468,00165,00165,SEVGİ AYCAN,BALIK TEMİZLEME,BANDIRMA,07:46,17:03,08:00,17:03,"07:46, 17:03",9.28,1.5,7.5,7.5,0.0,0.0,7.5,NORMAL,False,
10.09.2026,10,Perşembe,17611699134,00884,00884,SEVİLAY DÖNMEZ,BALIK TEMİZLEME,GÜVEN TURİZM,07:33,17:06,08:00,17:06,"07:33, 17:06",9.55,1.5,7.5,7.5,0.0,0.0,7.5,NORMAL,False,
10.09.2026,10,Perşembe,15250777510,01063,01063,SEZAİ ÇELİK,BALIK,HALİL DİĞRENCİ,08:06,16:58,08:00,16:58,"08:06, 16:58",8.87,1.5,7.5,7.5,0.0,0.0,7.5,NORMAL,False,
10.09.2026,10,Perşembe,29200163070,01066,01066,SEZGİN YILDIRIM,ÜRETİM,BİGADİÇ,15:52,00:03,15:52,00:03,"15:52, 00:03",8.18,0.5,7.5,7.5,0.0,0.0,7.5,NORMAL,False,
10.09.2026,10,Perşembe,55963096430,00240,00240,SULTAN BAĞ,BALIK TEMİZLEME,KARACABEY,07:43,17:07,08:00,17:07,"07:43, 17:07",9.4,1.5,7.5,7.5,0.0,0.0,7.5,NORMAL,False,
10.09.2026,10,Perşembe,42014033940,01072,01072,SÇEVİKAT ÇELİK,ÜRETİM,SÇEVİKAT ÇELİK,19:53,07:53,20:00,07:53,"19:53, 07:53",12.0,0.5,11.5,3.5,8.0,0.0,11.5,NORMAL,False,
10.09.2026,10,Perşembe,10582783284,00170,00170,SİBEL ÇÇAKIR,ÜRETİM,BİGADİÇ,15:54,00:03,15:54,00:03,"15:54, 00:03",8.15,0.5,7.5,7.5,0.0,0.0,7.5,NORMAL,False,
10.09.2026,10,Perşembe,29761139378,01038,01038,TALHA YAVAŞ,KALİTE,BANDIRMA,23:44,08:11,00:00,08:11,"23:44, 08:11",8.45,0.5,7.5,7.5,0.0,0.0,7.5,NORMAL,False,
10.09.2026,10,Perşembe,10705928394,00976,00976,TAYFUN GÜNCÜ,BALIK TEMİZLEME,HALİL DİĞRENCİ,08:06,16:57,08:00,16:57,"08:06, 16:57",8.85,1.5,7.5,7.5,0.0,0.0,7.5,NORMAL,False,
10.09.2026,10,Perşembe,13252843738,00243,00243,TAYFUN TIĞRAK,FORMEN,KARACABEY,07:45,19:09,08:00,19:09,"07:45, 19:09",11.4,1.5,9.5,7.5,2.0,0.0,9.5,NORMAL,False,
10.09.2026,10,Perşembe,14701796544,00582,00582,YUSUF SAMAR,MUHASEBE,KARACABEY,07:42,17:36,08:00,17:36,"07:42, 17:36",9.9,1.5,8.0,7.5,0.5,0.0,8.0,NORMAL,False,
10.09.2026,10,Perşembe,10528936408,01364,01364,YUSUF ÇETİN,,HALİL DİĞRENCİ,08:07,20:04,08:00,20:04,"08:07, 20:04",11.95,1.5,10.5,7.5,3.0,0.0,10.5,NORMAL,False,
10.09.2026,10,Perşembe,31861120316,00191,00191,ZAHİDE GÜRBÜZ,BALIK TEMİZLEME,BALIKESİR,07:50,17:03,08:00,17:03,"07:50, 17:03",9.22,1.5,7.5,7.5,0.0,0.0,7.5,NORMAL,False,
10.09.2026,10,Perşembe,27560597764,01048,01048,ZAHİDE HAĞİ,BALIK TEMİZLEME,HALİL DİĞRENCİ,08:04,17:05,08:00,17:05,"08:04, 17:05",9.02,1.5,7.5,7.5,0.0,0.0,7.5,NORMAL,False,
10.09.2026,10,Perşembe,31552110794,00935,00935,ZAHİDE KALDEMİR,BALIK TEMİZLEME,GÜVEN MUSTAFAKEMALPAŞA,07:51,17:07,08:00,17:07,"07:51, 17:07",9.27,1.5,7.5,7.5,0.0,0.0,7.5,NORMAL,False,
10.09.2026,10,Perşembe,22249543988,00192,00192,ZAHİDE NEDİRLİ,KALİTE,KARACABEY,07:43,17:08,08:00,17:08,"07:43, 17:08",9.42,1.5,7.5,7.5,0.0,0.0,7.5,NORMAL,False,
10.09.2026,10,Perşembe,10820807680,01097,01097,ZEHRA ONUK,ÜRETİM,HALİL DİĞRENCİ,08:05,17:08,08:00,17:08,"08:05, 17:08",9.05,1.5,7.5,7.5,0.0,0.0,7.5,NORMAL,False,
10.09.2026,10,Perşembe,28729335166,00936,00936,ZELİHA KEİREMETÇİ,BALIK TEMİZLEME,GÜVEN MUSTAFAKEMALPAŞA,07:50,17:05,08:00,17:05,"07:50, 17:05",9.25,1.5,7.5,7.5,0.0,0.0,7.5,NORMAL,False,
10.09.2026,10,Perşembe,14047825472,00937,00937,ZELİHA ORUÇ,BALIK TEMİZLEME,GÜVEN MUSTAFAKEMALPAŞA,07:50,17:04,08:00,17:04,"07:50, 17:04",9.23,1.5,7.5,7.5,0.0,0.0,7.5,NORMAL,False,
10.09.2026,10,Perşembe,24289352612,00244,00244,ZEYNEP KARAMAN,BALIK TEMİZLEME,BALIKESİR,07:49,17:01,08:00,17:01,"07:49, 17:01",9.2,1.5,7.5,7.5,0.0,0.0,7.5,NORMAL,False,
10.09.2026,10,Perşembe,22498412394,00765,00765,ZEYNEP ONBAŞI,YEMEKHANE,BALIKESİR,07:49,16:57,08:00,16:57,"07:49, 16:57",9.13,1.5,7.5,7.5,0.0,0.0,7.5,NORMAL,False,
10.09.2026,10,Perşembe,22319750032,00782,00782,ÇİDEM FİDAN,BALIK TEMİZLEME,BANDIRMA,07:46,17:03,08:00,17:03,"07:46, 17:03",9.28,1.5,7.5,7.5,0.0,0.0,7.5,NORMAL,False,
10.09.2026,10,Perşembe,17749594400,00033,00033,ÇİSEM BÇAKIR,KALİTE,SUSURLUK,15:46,23:57,15:46,23:57,"15:46, 23:57",8.18,0.5,7.5,7.5,0.0,0.0,7.5,NORMAL,False,
10.09.2026,10,Perşembe,33037193346,01349,01349,ÖMÜR SEPETÇİ,ÜRETİM,GÜVEN MUSTAFAKEMALPAŞA,07:52,17:01,08:00,17:01,"07:52, 17:01",9.15,1.5,7.5,7.5,0.0,0.0,7.5,NORMAL,False,
10.09.2026,10,Perşembe,27235386938,00139,00139,ÖMÜRLÜ FERİK,KAZAN,MKP,07:35,21:50,08:00,21:50,"07:35, 21:50",14.25,1.5,12.5,7.5,5.0,0.0,12.5,NORMAL,False,
10.09.2026,10,Perşembe,12268777280,00185,00185,ÜMMÜ AYDOĞAN,ÜRETİM,SUSURLUK TUR-REŞAT,07:53,17:05,08:00,17:05,"07:53, 17:05",9.2,1.5,7.5,7.5,0.0,0.0,7.5,NORMAL,False,
10.09.2026,10,Perşembe,10198947728,00410,00410,ÜMİT BATIN TÜRKAN,BAKIM,KARACABEY,08:05,18:30,08:00,18:30,"08:05, 18:30",10.42,1.5,9.0,7.5,1.5,0.0,9.0,NORMAL,False,
10.09.2026,10,Perşembe,37075059770,01350,01350,ÜVEYS SEPETÇİ,ÜRETİM,GÜVEN MUSTAFAKEMALPAŞA,07:52,17:01,08:00,17:01,"07:52, 17:01",9.15,1.5,7.5,7.5,0.0,0.0,7.5,NORMAL,False,
10.09.2026,10,Perşembe,29515203096,00092,00092,İBÜŞRAHİM YILDIRIM,MEYDAN,MKP,07:34,19:59,08:00,19:59,"07:34, 19:59",12.42,1.5,10.5,7.5,3.0,0.0,10.5,NORMAL,False,
10.09.2026,10,Perşembe,42844787082,00783,00783,İSMAİL BARAK,BALIK KESİM,HALİL DİĞRENCİ,19:53,08:04,20:00,08:04,"19:53, 08:04",12.18,0.5,11.5,3.5,10.0,2.0,13.5,BÖLÜM_PRİMLİ,False,"Balık Dolum ve Kesim Primi: Fiili 11,5s -> Bonuslu 13,5s (+2,0s Prim)"
10.09.2026,10,Perşembe,25060351046,00230,00230,İSMAİL İMİR,OTOKLAV OPERATÖRÜ,SUSURLUK,08:03,20:41,08:00,20:41,"08:03, 20:41",12.63,1.5,11.0,7.5,3.5,0.0,11.0,NORMAL,False,
10.09.2026,10,Perşembe,13720827796,00176,00176,ŞADİ BAŞARICI,BAKIM,KARACABEY,17:09,23:28,17:00,23:28,"17:09, 23:28",6.32,0.5,6.0,6.0,0.0,0.0,6.0,NORMAL,False,
10.09.2026,10,Perşembe,38233180558,00178,00178,ŞAKİR KARAKAŞ,AMBAR,BANDIRMA,07:49,17:01,08:00,17:01,"07:49, 17:01",9.2,1.5,7.5,7.5,0.0,0.0,7.5,NORMAL,False,
10.09.2026,10,Perşembe,25192322242,00179,00179,ŞAYİKA KOPARAN,AMBAR,BİGADİÇ,07:37,19:41,08:00,19:41,"07:37, 19:41",12.07,1.5,10.0,7.5,2.5,0.0,10.0,NORMAL,False,
10.09.2026,10,Perşembe,38240191356,01161,01161,ŞENGÜL ALEMİN,ÜRETİM,HALİL DİĞRENCİ,-,19:53,08:00,19:53,19:53,11.88,1.5,10.5,7.5,3.0,0.0,10.5,GİRİŞ_YOK_AKŞAM,True,"Çıkış: 19:53 | Giriş Basılmadı (08:00 başı ile 10,5s korundu)"
10.09.2026,10,Perşembe,10255820520,00242,00242,ŞERBANE SARAN,BALIK TEMİZLEME,BALIKESİR,07:49,17:01,08:00,17:01,"07:49, 17:01",9.2,1.5,7.5,7.5,0.0,0.0,7.5,NORMAL,False,
11.09.2026,11,Cuma,18655664102,00011,00011,ADVİYE YARICI,BALIK TEMİZLEME,HALİL DİĞRENCİ,08:04,17:50,08:00,17:50,"08:04, 17:50",9.77,1.5,8.5,7.5,1.0,0.0,8.5,NORMAL,False,
11.09.2026,11,Cuma,44626409038,01113,01113,AHMET ALİ TÜRKMEN,ÜRETİM,BİGADİÇ,15:55,00:03,15:55,00:03,"15:55, 00:03",8.13,0.5,7.5,7.5,0.0,0.0,7.5,NORMAL,False,
11.09.2026,11,Cuma,21925456598,00830,00830,AHMET ÇÇAYLAK,AMBAR,BALIKESİR,21:40,07:54,00:00,07:54,"21:40, 07:54",10.23,0.5,7.5,7.5,0.0,0.0,7.5,NORMAL,False,
11.09.2026,11,Cuma,16510742668,01154,01154,AKİF TÜRKÇÜ,BALIK TEMİZLİK,MKP,-,17:20,08:00,17:20,17:20,9.33,1.5,7.5,7.5,0.0,0.0,7.5,GİRİŞ_YOK_AKŞAM,True,"Çıkış: 17:20 | Giriş Basılmadı (08:00 başı ile 7,5s korundu)"
11.09.2026,11,Cuma,,01382,01382,ALİ BALTA,,HALİL DİĞRENCİ,08:08,20:02,08:00,20:02,"08:08, 20:02",11.9,1.5,10.5,7.5,3.0,0.0,10.5,NORMAL,False,
11.09.2026,11,Cuma,13183506030,01102,01102,ALİ EŞREF AKIN,ÜRETİM,HALİL DİĞRENCİ,08:05,17:41,08:00,17:41,"08:05, 17:41",9.6,1.5,8.0,7.5,0.5,0.0,8.0,NORMAL,False,
11.09.2026,11,Cuma,18394573482,00208,00208,ANIL DEMİRTAŞ,KONSERVE ÜRETİM ELEMANI,GÖBEL,-,15:56,08:00,15:56,15:56,7.93,0.5,7.5,7.5,0.0,0.0,7.5,GİRİŞ_YOK_AKŞAM,True,"Çıkış: 15:56 | Giriş Basılmadı (08:00 başı ile 7,5s korundu)"
11.09.2026,11,Cuma,99320980932,00247,00247,ANUD ELMEAŞİ,BALIK TEMİZLEME,GÜVEN TURİZM,07:35,17:49,08:00,17:49,"07:35, 17:49",10.23,1.5,8.0,7.5,0.5,0.0,8.0,NORMAL,False,
11.09.2026,11,Cuma,28336192374,00308,00308,ARZU KILA,AMBAR,BİGADİÇ,07:48,17:13,08:00,17:13,"07:48, 17:13",9.42,1.5,7.5,7.5,0.0,0.0,7.5,NORMAL,False,
11.09.2026,11,Cuma,28033351500,01357,01357,ARZU ÖZTÜRK,BALIK TEMİZLEME,GÜVEN MUSTAFAKEMALPAŞA,07:52,17:48,08:00,17:48,"07:52, 17:48",9.93,1.5,8.0,7.5,0.5,0.0,8.0,NORMAL,False,
11.09.2026,11,Cuma,12572550074,00209,00209,ASYA TİLKİ,BALIK TEMİZLEME,KARACABEY,07:49,17:48,08:00,17:48,"07:49, 17:48",9.98,1.5,8.0,7.5,0.5,0.0,8.0,NORMAL,False,
11.09.2026,11,Cuma,22426711476,00754,00754,AYNUR DEMİRCAN,BALIK TEMİZLEME,HALİL DİĞRENCİ,07:56,17:47,08:00,17:47,"07:56, 17:47",9.85,1.5,8.0,7.5,0.5,0.0,8.0,NORMAL,False,
11.09.2026,11,Cuma,13543834438,01145,01145,AYSEL ÇETİNTAŞ,ÜRETİM,HALİL DİĞRENCİ,08:06,20:04,08:00,20:04,"08:06, 20:04",11.97,1.5,10.5,7.5,3.0,0.0,10.5,NORMAL,False,
11.09.2026,11,Cuma,,01385,01385,AYÇA KARAMAN,,HALİL DİĞRENCİ,20:13,-,20:13,08:00,20:13,7.5,0.5,7.5,7.5,0.0,0.0,7.5,GECE_TEK_BASIM,True,"Gece Basımı: 20:13 | Tek Basım (7,5s yazıldı)"
11.09.2026,11,Cuma,24280352994,00214,00214,AYŞE KARAMAN,BALIK TEMİZLEME,BALIKESİR,08:31,-,08:31,17:00,08:31,7.5,1.5,7.5,7.5,0.0,0.0,7.5,ÇIKIŞ_YOK_SABAH,True,"Giriş: 08:31 | Çıkış Basılmadı (Tam Gün 7,5s yazıldı)"
11.09.2026,11,Cuma,34120156552,00215,00215,AYŞE YILMAZ,BALIK DOLUM,MKP,09:40,19:06,09:30,19:06,"09:40, 19:06",9.43,1.5,8.0,6.0,4.0,2.0,10.0,BÖLÜM_PRİMLİ,False,"Balık Dolum ve Kesim Primi: Fiili 8,0s -> Bonuslu 10,0s (+2,0s Prim)"
11.09.2026,11,Cuma,11284759850,00018,00018,AYŞE ÇENECİOĞLU,AMBAR,BİGADİÇ,07:47,17:15,08:00,17:15,"07:47, 17:15",9.47,1.5,7.5,7.5,0.0,0.0,7.5,NORMAL,False,
11.09.2026,11,Cuma,25610607388,01353,01353,BAHAR FİDAN,ÜRETİM,SÇEVİKAT ÇELİK,20:01,07:48,00:00,07:48,"20:01, 07:48",11.78,0.5,7.5,7.5,0.0,0.0,7.5,NORMAL,False,
11.09.2026,11,Cuma,12496719380,01139,01139,BEDİA KAYMAZ,AMBAR,BİGADİÇ,07:48,17:16,08:00,17:16,"07:48, 17:16",9.47,1.5,7.5,7.5,0.0,0.0,7.5,NORMAL,False,
11.09.2026,11,Cuma,14725695762,00025,00025,BEHİCE YALMAN,BALIK DOLUM,GÖBEL,09:40,19:06,09:30,19:06,"09:40, 19:06",9.43,1.5,8.0,6.0,4.0,2.0,10.0,BÖLÜM_PRİMLİ,False,"Balık Dolum ve Kesim Primi: Fiili 8,0s -> Bonuslu 10,0s (+2,0s Prim)"
11.09.2026,11,Cuma,11206757414,00902,00902,BERK BERBER,ÇEVRE MÜHENDİSİ,BANDIRMA,07:45,21:09,08:00,21:09,"07:45, 08:31, 21:09",13.4,1.5,11.5,7.5,4.0,0.0,11.5,ÇOKLU_BASIM_MIN_MAX,True,"Çoklu Basım: İlk Giriş 07:45, Son Çıkış 21:09 (11,5s)"
11.09.2026,11,Cuma,25297298992,00216,00216,BETÜL TUNÇ,BALIK TEMİZLEME,BANDIRMA,07:44,17:48,08:00,17:48,"07:44, 17:48",10.07,1.5,8.0,7.5,0.5,0.0,8.0,NORMAL,False,
11.09.2026,11,Cuma,10201948476,01170,01170,BUKET DÖNMEZ,KALİTE,HALİL DİĞRENCİ,08:04,17:13,08:00,17:13,"08:04, 17:13",9.15,1.5,7.5,7.5,0.0,0.0,7.5,NORMAL,False,
11.09.2026,11,Cuma,33316051664,01339,01339,BİLGİNUR SÜMER,BALIK TEMİZLEME,BALIKESİR,08:32,17:51,08:30,17:51,"08:32, 17:51",9.32,1.5,8.0,7.0,1.0,0.0,8.0,NORMAL,False,
11.09.2026,11,Cuma,11950763822,01348,01348,BİLGİYE TOPAL,BALIK TEMİZLEME,GÜVEN MUSTAFAKEMALPAŞA,07:51,17:15,08:00,17:15,"07:51, 17:15",9.4,1.5,7.5,7.5,0.0,0.0,7.5,NORMAL,False,
11.09.2026,11,Cuma,31678238334,00922,00922,CANSEL AKCAN,BALIK TEMİZLEME,GÜVEN MUSTAFAKEMALPAŞA,07:51,17:48,08:00,17:48,"07:51, 17:48",9.95,1.5,8.0,7.5,0.5,0.0,8.0,NORMAL,False,
11.09.2026,11,Cuma,16933572286,00030,00030,CANSEVER ÇÇAKMAK,AMBAR,BİGADİÇ,07:48,17:16,08:00,17:16,"07:48, 17:16",9.47,1.5,7.5,7.5,0.0,0.0,7.5,NORMAL,False,
11.09.2026,11,Cuma,33154180038,00031,00031,CEMALETTİN BEDİZCİ,BAKIM,KARACABEY,09:34,19:08,09:30,19:08,"09:34, 19:08",9.57,1.5,8.0,6.0,2.0,0.0,8.0,NORMAL,False,
11.09.2026,11,Cuma,17488585028,00217,00217,CEMİLE KARAN,BALIK TEMİZLEME,BALIKESİR,08:31,17:40,08:30,17:40,"08:31, 17:40",9.15,1.5,7.5,7.0,0.5,0.0,7.5,NORMAL,False,
11.09.2026,11,Cuma,23083367440,00320,00320,CEYDA ÖZ,KALİTE,BİGADİÇ,15:55,00:04,15:55,00:04,"15:55, 00:04",8.15,0.5,7.5,7.5,0.0,0.0,7.5,NORMAL,False,
11.09.2026,11,Cuma,16699736366,01330,01330,CEYLAN BATAN,BALIK TEMİZLEME,GÜVEN MUSTAFAKEMALPAŞA,07:51,17:49,08:00,17:49,"07:51, 17:49",9.97,1.5,8.0,7.5,0.5,0.0,8.0,NORMAL,False,
11.09.2026,11,Cuma,19313787324,00943,00943,CİHAN YILMAZ,BALIK,HALİL DİĞRENCİ,07:56,17:41,08:00,17:41,"07:56, 17:41",9.75,1.5,8.0,7.5,0.5,0.0,8.0,NORMAL,False,
11.09.2026,11,Cuma,,01378,01378,DEMİRHAN GÖKGÖZ,,HALİL DİĞRENCİ,08:03,20:02,08:00,20:02,"08:03, 20:02",11.98,1.5,10.5,7.5,3.0,0.0,10.5,NORMAL,False,
11.09.2026,11,Cuma,37525041782,00218,00218,DERYA SEVİNÇ,FORMEN,MKP,07:47,17:52,08:00,17:52,"07:47, 17:52",10.08,1.5,8.5,7.5,1.0,0.0,8.5,NORMAL,False,
11.09.2026,11,Cuma,24961035246,01098,01098,DUDU ÖRENGÜL,KALİTE,GÜVEN MUSTAFAKEMALPAŞA,07:50,19:07,08:00,19:07,"07:50, 19:07",11.28,1.5,9.5,7.5,2.0,0.0,9.5,NORMAL,False,
11.09.2026,11,Cuma,99848635024,00283,00283,DUHA EL MUFADDİ,BALIK TEMİZLEME,MKP,07:48,17:52,08:00,17:52,"07:48, 17:52",10.07,1.5,8.5,7.5,1.0,0.0,8.5,NORMAL,False,
11.09.2026,11,Cuma,23509358892,00386,00386,DÖNDÜ ŞAHİN,KALİTE,BANDIRMA,23:50,08:07,00:00,08:07,"23:50, 08:07",8.28,0.5,7.5,7.5,0.0,0.0,7.5,NORMAL,False,
11.09.2026,11,Cuma,10456937386,01362,01362,DİLEK ÇETİN,,HALİL DİĞRENCİ,08:05,17:03,08:00,17:03,"08:05, 17:03",8.97,1.5,7.5,7.5,0.0,0.0,7.5,NORMAL,False,
11.09.2026,11,Cuma,12562741222,00872,00872,EBRU ÖÖZALP,BALIK TEMİZLEME,BALIKESİR,08:32,17:44,08:30,17:44,"08:32, 17:44",9.2,1.5,7.5,7.0,0.5,0.0,7.5,NORMAL,False,
11.09.2026,11,Cuma,29563469352,00563,00563,EDİP EKİNCİ,KAZAN,SUSURLUK,20:10,08:04,00:00,08:04,"20:10, 08:04",11.9,0.5,7.5,7.5,0.0,0.0,7.5,NORMAL,False,
11.09.2026,11,Cuma,10066843626,00374,00374,EFE EVİM,AMBAR,BİGADİÇ,07:47,17:12,08:00,17:12,"07:47, 17:12",9.42,1.5,7.5,7.5,0.0,0.0,7.5,NORMAL,False,
11.09.2026,11,Cuma,14266711334,00037,00037,EFRAİM DUMAN,AMBAR,SUSURLUK,18:59,07:59,19:00,07:59,"18:59, 07:59",13.0,0.5,12.5,4.5,8.0,0.0,12.5,NORMAL,False,
11.09.2026,11,Cuma,20036722080,00039,00039,ELMAS OMAY,AMBAR,BALIKESİR,08:33,17:42,08:30,17:42,"08:33, 17:42",9.15,1.5,7.5,7.0,0.5,0.0,7.5,NORMAL,False,
11.09.2026,11,Cuma,16591633060,00038,00038,ELİF TUNÇ,KALİTE,BANDIRMA,08:48,18:09,08:30,18:09,"08:48, 18:09",9.35,1.5,8.0,7.0,1.0,0.0,8.0,NORMAL,False,
11.09.2026,11,Cuma,20266511430,00002,00002,ELİF YAVAŞ,MUHASEBE,SUSURLUK,08:08,20:51,08:00,20:51,"08:08, 20:51",12.72,1.5,11.5,7.5,4.0,0.0,11.5,NORMAL,False,
11.09.2026,11,Cuma,31009103096,00204,00204,EMEL SANAN,AMBAR,BİGADİÇ,07:46,17:15,08:00,17:15,"07:46, 17:15",9.48,1.5,7.5,7.5,0.0,0.0,7.5,NORMAL,False,
11.09.2026,11,Cuma,21550576494,01091,01091,EMRE BAŞAR,ÜRETİM,GÜVEN MUSTAFAKEMALPAŞA,07:53,17:41,08:00,17:41,"07:53, 17:41",9.8,1.5,8.0,7.5,0.5,0.0,8.0,NORMAL,False,
11.09.2026,11,Cuma,01377,01377,01377,EMRİCAN DURMAN,DİĞER,HALİL DİĞRENCİ,08:03,20:02,08:00,20:02,"08:03, 20:02",11.98,1.5,10.5,7.5,3.0,0.0,10.5,NORMAL,False,
11.09.2026,11,Cuma,20584476770,00219,00219,EMİNE ATEŞ,BALIK TEMİZLEME,BALIKESİR,08:32,17:42,08:30,17:42,"08:32, 17:42",9.17,1.5,7.5,7.0,0.5,0.0,7.5,NORMAL,False,
11.09.2026,11,Cuma,12523718256,00043,00043,EMİNE BAYER,AMBAR,BİGADİÇ,07:48,17:13,08:00,17:13,"07:48, 17:13",9.42,1.5,7.5,7.5,0.0,0.0,7.5,NORMAL,False,
11.09.2026,11,Cuma,16111749134,01300,01300,EMİNE KARAMAN,BALIK TEMİZLEME,HALİL DİĞRENCİ,08:05,17:50,08:00,17:50,"08:05, 17:50",9.75,1.5,8.5,7.5,1.0,0.0,8.5,NORMAL,False,
11.09.2026,11,Cuma,12379749978,00197,00197,EMİNE SARI,YEMEKHANE,BALIKESİR,08:34,17:36,08:30,17:36,"08:34, 17:36",9.03,1.5,7.5,7.0,0.5,0.0,7.5,NORMAL,False,
11.09.2026,11,Cuma,45328882280,00859,00859,EMİNE YAVUZ,BALIK TEMİZLEME,GÜVEN TURİZM,07:34,17:48,08:00,17:48,"07:34, 17:48",10.23,1.5,8.0,7.5,0.5,0.0,8.0,NORMAL,False,
11.09.2026,11,Cuma,20503503198,00045,00045,EMİNE ÇAPAR,YEMEKHANE,GÖBEL,18:26,04:06,18:30,04:06,"18:26, 04:06",9.67,0.5,9.0,5.0,4.0,0.0,9.0,NORMAL,False,
11.09.2026,11,Cuma,37030668238,01180,01180,EMİNE ŞENTÜRK CİNGÖZ,BALIK TEMİZLEME,GÜVEN TURİZM,07:34,17:49,08:00,17:49,"07:34, 17:49",10.25,1.5,8.0,7.5,0.5,0.0,8.0,NORMAL,False,
11.09.2026,11,Cuma,10036852948,00046,00046,EMİRHAN MUTLU,BAKIM,GÖBEL,08:12,19:53,08:00,19:53,"08:12, 19:53",11.68,1.5,10.5,7.5,3.0,0.0,10.5,NORMAL,False,
11.09.2026,11,Cuma,29470204244,00007,00007,ENDER BİLBAY,KAPI GÖREVLİSİ,GÖBEL,15:56,23:55,15:56,23:55,"15:56, 23:55",7.98,0.5,7.5,7.5,0.0,0.0,7.5,NORMAL,False,
11.09.2026,11,Cuma,98284188514,00293,00293,ENES ABDE,BALIK TEMİZLEME,MKP,07:48,17:52,08:00,17:52,"07:48, 17:52",10.07,1.5,8.5,7.5,1.0,0.0,8.5,NORMAL,False,
11.09.2026,11,Cuma,34795126850,01351,01351,ERCAN POLAT,BİLGİSAYAR MÜHENDİSİ,KARACABEY,07:49,20:08,08:00,20:08,"07:49, 20:08",12.32,1.5,10.5,7.5,3.0,0.0,10.5,NORMAL,False,
11.09.2026,11,Cuma,35581001238,00481,00481,ERCÜMENT AYGÜL,AMBAR,SUSURLUK,21:41,07:57,00:00,07:57,"21:41, 07:57",10.27,0.5,7.5,7.5,0.0,0.0,7.5,NORMAL,False,
11.09.2026,11,Cuma,23131415628,00047,00047,ERDİN TETİK,MEYDAN,SUSURLUK,23:43,07:59,00:00,07:59,"23:43, 07:59",8.27,0.5,7.5,7.5,0.0,0.0,7.5,NORMAL,False,
11.09.2026,11,Cuma,22260441248,00198,00198,ERSİN ESER,BAKIM,GÖBEL,19:58,07:59,20:00,07:59,"19:58, 07:59",12.02,0.5,11.5,3.5,8.0,0.0,11.5,NORMAL,False,
11.09.2026,11,Cuma,11633067636,00221,00221,EİREMŞAH KIZILKAYA,BALIK DOLUM,GÖBEL,09:40,19:06,09:30,19:06,"09:40, 19:06",9.43,1.5,8.0,6.0,4.0,2.0,10.0,BÖLÜM_PRİMLİ,False,"Balık Dolum ve Kesim Primi: Fiili 8,0s -> Bonuslu 10,0s (+2,0s Prim)"
11.09.2026,11,Cuma,35183294274,00926,00926,FATMA DEMİRER,BALIK TEMİZLEME,GÜVEN MUSTAFAKEMALPAŞA,07:51,17:09,08:00,17:09,"07:51, 17:09",9.3,1.5,7.5,7.5,0.0,0.0,7.5,NORMAL,False,
11.09.2026,11,Cuma,32986036254,00056,00056,FATMA ÇAM,ÜRETİM,BİGADİÇ,15:54,00:04,15:54,00:04,"15:54, 00:04",8.17,0.5,7.5,7.5,0.0,0.0,7.5,NORMAL,False,
11.09.2026,11,Cuma,31594082608,00057,00057,FATMA ÖZÇAM,ÜRETİM,BİGADİÇ,15:55,00:04,15:55,00:04,"15:55, 00:04",8.15,0.5,7.5,7.5,0.0,0.0,7.5,NORMAL,False,
11.09.2026,11,Cuma,11890896888,00223,00223,FATMAGÜL ÇEKİ,BALIK DOLUM,MKP,09:40,19:06,09:30,19:06,"09:40, 19:06",9.43,1.5,8.0,6.0,4.0,2.0,10.0,BÖLÜM_PRİMLİ,False,"Balık Dolum ve Kesim Primi: Fiili 8,0s -> Bonuslu 10,0s (+2,0s Prim)"
11.09.2026,11,Cuma,21898406446,01065,01065,FERUDUN BAKAN,ÜRETİM,BİGADİÇ,15:55,00:05,15:55,00:05,"15:55, 00:05",8.17,0.5,7.5,7.5,0.0,0.0,7.5,NORMAL,False,
11.09.2026,11,Cuma,31933222184,00224,00224,FEVZİYE EREL,BALIK TEMİZLEME,HALİL DİĞRENCİ,08:05,17:44,08:00,17:44,"08:05, 17:44",9.65,1.5,8.0,7.5,0.5,0.0,8.0,NORMAL,False,
11.09.2026,11,Cuma,17431713232,00927,00927,FİSUN ETİLER,,GÜVEN MUSTAFAKEMALPAŞA,07:51,17:44,08:00,17:44,"07:51, 17:44",9.88,1.5,8.0,7.5,0.5,0.0,8.0,NORMAL,False,
11.09.2026,11,Cuma,33379057108,00423,00423,GÜLAY GÜNDOĞDU,BALIK TEMİZLEME,BALIKESİR,08:31,17:41,08:30,17:41,"08:31, 17:41",9.17,1.5,7.5,7.0,0.5,0.0,7.5,NORMAL,False,
11.09.2026,11,Cuma,33211034366,00225,00225,GÜLER ÇAPKIN,BALIK TEMİZLEME,KARACABEY,07:48,17:48,08:00,17:48,"07:48, 17:48",10.0,1.5,8.0,7.5,0.5,0.0,8.0,NORMAL,False,
11.09.2026,11,Cuma,53689106020,00073,00073,GÜLSÜM GÖRGÜLÜ,AMBAR,BİGADİÇ,07:49,17:16,08:00,17:16,"07:49, 17:16",9.45,1.5,7.5,7.5,0.0,0.0,7.5,NORMAL,False,
11.09.2026,11,Cuma,45184908278,00226,00226,GÜLTEN DURMAZ,BALIK DOLUM,GÖBEL,09:40,19:06,09:30,19:06,"09:40, 19:06",9.43,1.5,8.0,6.0,4.0,2.0,10.0,BÖLÜM_PRİMLİ,False,"Balık Dolum ve Kesim Primi: Fiili 8,0s -> Bonuslu 10,0s (+2,0s Prim)"
11.09.2026,11,Cuma,10996768938,00071,00071,GÜLTEN GİDER,AMBAR,BİGADİÇ,07:47,17:12,08:00,17:12,"07:47, 17:12",9.42,1.5,7.5,7.5,0.0,0.0,7.5,NORMAL,False,
11.09.2026,11,Cuma,21010592606,01022,01022,GÜLÜMSER KARABIYIK,BALIK TEMİZLEME,GÜVEN MUSTAFAKEMALPAŞA,07:52,17:41,08:00,17:41,"07:52, 17:41",9.82,1.5,8.0,7.5,0.5,0.0,8.0,NORMAL,False,
11.09.2026,11,Cuma,11593899780,00773,00773,GÜRAY PALA,BALIK KESİM,HALİL DİĞRENCİ,19:59,08:00,20:00,08:00,"19:59, 08:00",12.02,0.5,11.5,3.5,10.0,2.0,13.5,BÖLÜM_PRİMLİ,False,"Balık Dolum ve Kesim Primi: Fiili 11,5s -> Bonuslu 13,5s (+2,0s Prim)"
11.09.2026,11,Cuma,23638497776,00075,00075,HACER BEYHAN,BALIK TEMİZLEME,HALİL DİĞRENCİ,07:55,17:44,08:00,17:44,"07:55, 17:44",9.82,1.5,8.0,7.5,0.5,0.0,8.0,NORMAL,False,
11.09.2026,11,Cuma,22639531168,01078,01078,HAFİZE AVCIOĞLU,BALIK TEMİZLEME,GÜVEN TURİZM,07:34,17:45,08:00,17:45,"07:34, 17:45",10.18,1.5,8.0,7.5,0.5,0.0,8.0,NORMAL,False,
11.09.2026,11,Cuma,20290485820,01060,01060,HANİFE YILDIRIM,BALIK TEMİZLEME,BALIKESİR,08:32,17:44,08:30,17:44,"08:32, 17:44",9.2,1.5,7.5,7.0,0.5,0.0,7.5,NORMAL,False,
11.09.2026,11,Cuma,14779989510,00080,00080,HARUN YAHYA DURSUN,BALIK DOLUM,GÖBEL,07:50,19:36,08:00,19:36,"07:50, 19:36",11.77,1.5,10.0,7.5,4.5,2.0,12.0,BÖLÜM_PRİMLİ,False,"Balık Dolum ve Kesim Primi: Fiili 10,0s -> Bonuslu 12,0s (+2,0s Prim)"
11.09.2026,11,Cuma,45823635220,01148,01148,HATİCE GÖLBAŞ,ÜRETİM,HALİL DİĞRENCİ,08:06,20:03,08:00,20:03,"08:06, 20:03",11.95,1.5,10.5,7.5,3.0,0.0,10.5,NORMAL,False,
11.09.2026,11,Cuma,10817807990,01096,01096,HATİCE ONUK,ÜRETİM,HALİL DİĞRENCİ,08:04,17:48,08:00,17:48,"08:04, 17:48",9.73,1.5,8.0,7.5,0.5,0.0,8.0,NORMAL,False,
11.09.2026,11,Cuma,33850041688,00577,00577,HATİCE SAVAŞÇI,BALIK TEMİZLEME,BALIKESİR,08:32,17:41,08:30,17:41,"08:32, 17:41",9.15,1.5,7.5,7.0,0.5,0.0,7.5,NORMAL,False,
11.09.2026,11,Cuma,26002427744,00227,00227,HAVVA ALPER,BALIK DOLUM,MKP,09:40,19:07,09:30,19:07,"09:40, 19:07",9.45,1.5,8.0,6.0,4.0,2.0,10.0,BÖLÜM_PRİMLİ,False,"Balık Dolum ve Kesim Primi: Fiili 8,0s -> Bonuslu 10,0s (+2,0s Prim)"
11.09.2026,11,Cuma,30367150308,00852,00852,HAYRULLAH TOPRAK,AMBAR,GÜVEN TURİZM,07:49,17:04,08:00,17:04,"07:49, 17:04",9.25,1.5,7.5,7.5,0.0,0.0,7.5,NORMAL,False,
11.09.2026,11,Cuma,10156949566,01270,01270,HAYRİYE BEYİRKEN,ÜRETİM,HALİL DİĞRENCİ,08:06,20:03,08:00,20:03,"08:06, 20:03",11.95,1.5,10.5,7.5,3.0,0.0,10.5,NORMAL,False,
11.09.2026,11,Cuma,23524501518,00231,00231,KADRİYE BEYHAN,BALIK TEMİZLEME,HALİL DİĞRENCİ,07:56,17:48,08:00,17:48,"07:56, 17:48",9.87,1.5,8.0,7.5,0.5,0.0,8.0,NORMAL,False,
11.09.2026,11,Cuma,49981303052,00093,00093,KADİR AZAR,AMBAR,KARACABEY,07:48,17:04,08:00,17:04,"07:48, 17:04",9.27,1.5,7.5,7.5,0.0,0.0,7.5,NORMAL,False,
11.09.2026,11,Cuma,27448226656,00095,00095,KAMİLE DAĞDÇELEN,AMBAR,BİGADİÇ,07:47,17:16,08:00,17:16,"07:47, 17:16",9.48,1.5,7.5,7.5,0.0,0.0,7.5,NORMAL,False,
11.09.2026,11,Cuma,99656887974,00294,00294,KEFA EL HUDUR,BALIK TEMİZLEME,MKP,07:48,17:52,08:00,17:52,"07:48, 17:52",10.07,1.5,8.5,7.5,1.0,0.0,8.5,NORMAL,False,
11.09.2026,11,Cuma,33067084584,00097,00097,KEMAL DURMUŞ,İŞLETME,SUSURLUK,20:10,08:07,00:00,08:07,"20:10, 08:07",11.95,0.5,7.5,7.5,0.0,0.0,7.5,NORMAL,False,
11.09.2026,11,Cuma,37573316870,01220,01220,KEZİBAN ARAS,ÜRETİM,SÇEVİKAT ÇELİK,20:00,08:03,00:00,08:03,"20:00, 08:03",12.05,0.5,7.5,7.5,0.0,0.0,7.5,NORMAL,False,
11.09.2026,11,Cuma,33397029286,01327,01327,KÜBÜŞRA ALTAY,SATIN ALMA,BANDIRMA,07:44,17:40,08:00,17:40,"07:44, 17:40",9.93,1.5,8.0,7.5,0.5,0.0,8.0,NORMAL,False,
11.09.2026,11,Cuma,25657430024,00199,00199,KÜRŞAT TÜRKAN,BAKIM,KARACABEY,08:33,18:54,08:30,18:54,"08:33, 18:54",10.35,1.5,9.0,7.0,2.0,0.0,9.0,NORMAL,False,
11.09.2026,11,Cuma,99959615564,00200,00200,MAHMOUD ALZALEK,ELEKTRİK,SUSURLUK,20:10,07:59,00:00,07:59,"20:10, 07:59",11.82,0.5,7.5,7.5,0.0,0.0,7.5,NORMAL,False,
11.09.2026,11,Cuma,20458603738,00528,00528,MAHMURE ESEN,BALIK TEMİZLEME,HALİL DİĞRENCİ,07:56,17:47,08:00,17:47,"07:56, 17:47",9.85,1.5,8.0,7.5,0.5,0.0,8.0,NORMAL,False,
11.09.2026,11,Cuma,29749160806,00104,00104,MAHİR HİLMİ ULUKÖK,YENİ BALIK HATTI,SUSURLUK,08:05,18:54,08:00,18:54,"08:05, 18:54",10.82,1.5,9.5,7.5,2.0,0.0,9.5,NORMAL,False,
11.09.2026,11,Cuma,54871132810,00232,00232,MAHİZER BAĞ,BALIK TEMİZLEME,KARACABEY,07:48,17:49,08:00,17:49,"07:48, 17:49",10.02,1.5,8.0,7.5,0.5,0.0,8.0,NORMAL,False,
11.09.2026,11,Cuma,,01387,01387,MEHMET EMİN BATUR,,HALİL DİĞRENCİ,20:20,-,20:20,08:00,20:20,7.5,0.5,7.5,7.5,0.0,0.0,7.5,GECE_TEK_BASIM,True,"Gece Basımı: 20:20 | Tek Basım (7,5s yazıldı)"
11.09.2026,11,Cuma,13876724772,00500,00500,MEHMET KARTAL,AMBAR,SUSURLUK,07:38,-,07:38,17:00,07:38,7.5,1.5,7.5,7.5,0.0,0.0,7.5,ÇIKIŞ_YOK_SABAH,True,"Giriş: 07:38 | Çıkış Basılmadı (Tam Gün 7,5s yazıldı)"
11.09.2026,11,Cuma,30181166332,00233,00233,MEMNUNE KARAMAN,BALIK TEMİZLEME,BALIKESİR,08:31,17:43,08:30,17:43,"08:31, 17:43",9.2,1.5,7.5,7.0,0.5,0.0,7.5,NORMAL,False,
11.09.2026,11,Cuma,,01386,01386,MENEKŞE DURMAN,,HALİL DİĞRENCİ,20:17,-,20:17,08:00,20:17,7.5,0.5,7.5,7.5,0.0,0.0,7.5,GECE_TEK_BASIM,True,"Gece Basımı: 20:17 | Tek Basım (7,5s yazıldı)"
11.09.2026,11,Cuma,28027546004,00112,00112,MESUT ERDEL,BAKIM,SUSURLUK,08:10,17:56,08:00,17:56,"08:10, 17:56",9.77,1.5,8.5,7.5,1.0,0.0,8.5,NORMAL,False,
11.09.2026,11,Cuma,25354441064,01264,01264,METANET DİNÇER,ÜRETİM,HALİL DİĞRENCİ,20:01,07:57,00:00,07:57,"20:01, 07:57",11.93,0.5,7.5,7.5,0.0,0.0,7.5,NORMAL,False,
11.09.2026,11,Cuma,99248627704,00005,00005,MHD BASSEL ALZALEK,ELEKTRİK,SUSURLUK,11:37,-,11:37,17:00,11:37,7.5,1.5,7.5,7.5,0.0,0.0,7.5,ÇIKIŞ_YOK_SABAH,True,"Giriş: 11:37 | Çıkış Basılmadı (Tam Gün 7,5s yazıldı)"
11.09.2026,11,Cuma,99347757876,00116,00116,MUHAMMED SAMİH SERHAN,AMBAR,GÖBEL,10:01,17:03,10:00,17:03,"10:01, 17:03",7.03,1.5,5.5,5.5,0.0,0.0,5.5,NORMAL,False,
11.09.2026,11,Cuma,23329391024,00514,00514,MUKATDES KARAMANOĞLU,BALIK TEMİZLEME,BALIKESİR,08:32,17:42,08:30,17:42,"08:32, 17:42",9.17,1.5,7.5,7.0,0.5,0.0,7.5,NORMAL,False,
11.09.2026,11,Cuma,25621221832,00118,00118,MUSTAFA KAYA,İŞLETME,MKP,07:47,20:27,08:00,20:27,"07:47, 20:27",12.67,1.5,11.0,7.5,3.5,0.0,11.0,NORMAL,False,
11.09.2026,11,Cuma,,01373,01373,MUSTAFA KURT,,HALİL DİĞRENCİ,08:31,17:08,08:30,17:08,"08:31, 17:08",8.62,1.5,7.0,7.0,0.0,0.0,7.0,NORMAL,False,
11.09.2026,11,Cuma,21976553468,00234,00234,MÜCAHİT ÇOLAK,BALIK TEMİZLEME,KARACABEY,07:50,17:48,08:00,17:48,"07:50, 17:48",9.97,1.5,8.0,7.5,0.5,0.0,8.0,NORMAL,False,
11.09.2026,11,Cuma,23539402008,00716,00716,MÜRVET ŞAFAK,ÜRETİM,SUSURLUK TUR-REŞAT,07:50,17:09,08:00,17:09,"07:50, 17:09",9.32,1.5,7.5,7.5,0.0,0.0,7.5,NORMAL,False,
11.09.2026,11,Cuma,33124024560,00120,00120,MÜZEYYEN ERDİNÇ,BALIK TEMİZLEME,BALIKESİR,08:32,17:48,08:30,17:48,"08:32, 17:48",9.27,1.5,7.5,7.0,0.5,0.0,7.5,NORMAL,False,
11.09.2026,11,Cuma,12556753194,00235,00235,NACİYE KARABULUT,BALIK TEMİZLEME,BALIKESİR,08:32,17:42,08:30,17:42,"08:32, 17:42",9.17,1.5,7.5,7.0,0.5,0.0,7.5,NORMAL,False,
11.09.2026,11,Cuma,16324748870,01178,01178,NAZMİYE ÇELİK,BALIK TEMİZLEME,GÜVEN MUSTAFAKEMALPAŞA,07:51,17:49,08:00,17:49,"07:51, 17:49",9.97,1.5,8.0,7.5,0.5,0.0,8.0,NORMAL,False,
11.09.2026,11,Cuma,28510235804,00121,00121,NAİL AKSOY,ŞÖFÖR,SUSURLUK,23:43,08:00,00:00,08:00,"23:43, 08:00",8.28,0.5,7.5,7.5,0.0,0.0,7.5,NORMAL,False,
11.09.2026,11,Cuma,38710924712,00887,00887,NECLA ABİ,BALIK TEMİZLEME,GÜVEN TURİZM,07:34,17:50,08:00,17:50,"07:34, 17:50",10.27,1.5,8.5,7.5,1.0,0.0,8.5,NORMAL,False,
11.09.2026,11,Cuma,24031385950,00380,00380,NECMİ SEVER,MEYDAN,GÖBEL,07:52,17:12,08:00,17:12,"07:52, 17:12",9.33,1.5,7.5,7.5,0.0,0.0,7.5,NORMAL,False,
11.09.2026,11,Cuma,21991561554,00930,00930,NECMİYE ÜÜLKER,BALIK TEMİZLEME,GÜVEN MUSTAFAKEMALPAŞA,07:51,17:42,08:00,17:42,"07:51, 17:42",9.85,1.5,8.0,7.5,0.5,0.0,8.0,NORMAL,False,
11.09.2026,11,Cuma,54874132756,00974,00974,NECİFE BAĞ,BALIK TEMİZLEME,KARACABEY,07:48,17:49,08:00,17:49,"07:48, 17:49",10.02,1.5,8.0,7.5,0.5,0.0,8.0,NORMAL,False,
11.09.2026,11,Cuma,14452686422,00371,00371,NESRİN GÜZEL,BALIK TEMİZLEME,BALIKESİR,08:31,17:41,08:30,17:41,"08:31, 17:41",9.17,1.5,7.5,7.0,0.5,0.0,7.5,NORMAL,False,
11.09.2026,11,Cuma,17902565544,00128,00128,NURAY AVCI,YEMEKHANE,BALIKESİR,08:33,17:40,08:30,17:40,"08:33, 17:40",9.12,1.5,7.5,7.0,0.5,0.0,7.5,NORMAL,False,
11.09.2026,11,Cuma,25970637896,00129,00129,NURAY ELİSÇIKIŞ,AMBAR,BALIKESİR,08:31,17:40,08:30,17:40,"08:31, 17:40",9.15,1.5,7.5,7.0,0.5,0.0,7.5,NORMAL,False,
11.09.2026,11,Cuma,21478446602,00236,00236,NURCAN EREN,BALIK TEMİZLEME,BALIKESİR,08:32,17:41,08:30,17:41,"08:32, 17:41",9.15,1.5,7.5,7.0,0.5,0.0,7.5,NORMAL,False,
11.09.2026,11,Cuma,15736612786,01352,01352,NURGÜL ADIGÜL,ÜRETİM,BİGADİÇ,15:54,00:04,15:54,00:04,"15:54, 00:03, 00:04",8.17,0.5,7.5,7.5,0.0,0.0,7.5,ÇOKLU_BASIM_MIN_MAX,True,"Çoklu Basım: İlk Giriş 15:54, Son Çıkış 00:04 (7,5s)"
11.09.2026,11,Cuma,13318692676,01064,01064,NURGÜL PARLAS,ÜRETİM,BİGADİÇ,15:55,00:05,15:55,00:05,"15:55, 00:05",8.17,0.5,7.5,7.5,0.0,0.0,7.5,NORMAL,False,
11.09.2026,11,Cuma,22186447318,00137,00137,NURTEN CAN,ÜRETİM,SUSURLUK TUR-REŞAT,07:39,17:09,08:00,17:09,"07:39, 17:09",9.5,1.5,7.5,7.5,0.0,0.0,7.5,NORMAL,False,
11.09.2026,11,Cuma,27289383990,00931,00931,NURTEN ERDEM,BALIK TEMİZLEME,GÜVEN MUSTAFAKEMALPAŞA,07:51,17:47,08:00,17:47,"07:51, 17:47",9.93,1.5,8.0,7.5,0.5,0.0,8.0,NORMAL,False,
11.09.2026,11,Cuma,13420739290,00003,00003,NURİ GÜLSER,KAPI GÖREVLİSİ,GÖBEL,07:40,-,07:40,17:00,07:40,7.5,1.5,7.5,7.5,0.0,0.0,7.5,ÇIKIŞ_YOK_SABAH,True,"Giriş: 07:40 | Çıkış Basılmadı (Tam Gün 7,5s yazıldı)"
11.09.2026,11,Cuma,52996654668,00237,00237,NURİYE AKKUŞ,BALIK TEMİZLEME,BANDIRMA,07:44,17:49,08:00,17:49,"07:44, 17:49",10.08,1.5,8.0,7.5,0.5,0.0,8.0,NORMAL,False,
11.09.2026,11,Cumartesi,13189854302,00006,00006,OZAN BUĞA,BAKIM,MKP,00:11,07:55,00:00,07:55,"00:11, 07:55",7.73,0.5,7.5,7.5,0.0,0.0,7.5,NORMAL,False,
11.09.2026,11,Cuma,29359208356,00145,00145,RAMAZAN KÜÇÜKÇÇAKIR,ŞÖFÖR,SUSURLUK,08:03,17:01,08:00,17:01,"08:03, 17:01",8.97,1.5,7.5,7.5,0.0,0.0,7.5,NORMAL,False,
11.09.2026,11,Cuma,24022385860,01316,01316,RECEP İÇÖZ,MEYDAN,GÖBEL,07:36,13:23,08:00,13:23,"07:36, 13:23",5.78,1.5,4.0,4.0,0.0,0.0,4.0,NORMAL,False,
11.09.2026,11,Cuma,28108249688,00146,00146,RIDVAN DEMİRDAK,ŞÖFÖR,GÖBEL,-,15:56,08:00,15:56,15:56,7.93,0.5,7.5,7.5,0.0,0.0,7.5,GİRİŞ_YOK_AKŞAM,True,"Çıkış: 15:56 | Giriş Basılmadı (08:00 başı ile 7,5s korundu)"
11.09.2026,11,Cuma,,01071,01071,ROJDA DAĞ,,SÇEVİKAT ÇELİK,20:00,07:57,00:00,07:57,"20:00, 07:57",11.95,0.5,7.5,7.5,0.0,0.0,7.5,NORMAL,False,
11.09.2026,11,Cuma,34807027090,00536,00536,SABRİ ACAR,YENİ BALIK HATTI,SUSURLUK,23:58,07:50,00:00,07:50,"23:58, 07:50",7.87,0.5,7.5,7.5,0.0,0.0,7.5,NORMAL,False,
11.09.2026,11,Cuma,31027151864,00147,00147,SABİHA GİRGİN,ÜRETİM,SUSURLUK TUR-REŞAT,07:39,17:09,08:00,17:09,"07:39, 17:09",9.5,1.5,7.5,7.5,0.0,0.0,7.5,NORMAL,False,
11.09.2026,11,Cuma,33640164108,01130,01130,SAMET YUMİTKEN,ÜRETİM,HALİL DİĞRENCİ,08:05,17:40,08:00,17:40,"08:05, 17:40",9.58,1.5,8.0,7.5,0.5,0.0,8.0,NORMAL,False,
11.09.2026,11,Cuma,30373124058,00149,00149,SANİYE CEYLAN,AMBAR,BİGADİÇ,07:47,17:16,08:00,17:16,"07:47, 17:16",9.48,1.5,7.5,7.5,0.0,0.0,7.5,NORMAL,False,
11.09.2026,11,Cuma,14164714154,00150,00150,SARA EROĞLU,AMBAR,BALIKESİR,08:31,17:17,08:30,17:17,"08:31, 17:17",8.77,1.5,7.0,7.0,0.0,0.0,7.0,NORMAL,False,
11.09.2026,11,Cuma,11248811624,00009,00009,SELAHATTİN SÖĞÜT,ŞÖFÖR,GÖBEL,10:25,20:12,10:30,20:12,"10:25, 20:12",9.78,1.5,8.0,5.0,3.0,0.0,8.0,NORMAL,False,
11.09.2026,11,Cuma,19723478966,01069,01069,SELMA AYHAN,ÜRETİM,BİGADİÇ,15:54,00:04,15:54,00:04,"15:54, 00:04",8.17,0.5,7.5,7.5,0.0,0.0,7.5,NORMAL,False,
11.09.2026,11,Cuma,49369567458,00559,00559,SELMA TUNÇ,BALIK TEMİZLEME,BALIKESİR,08:41,17:44,08:30,17:44,"08:41, 17:44",9.05,1.5,7.5,7.0,0.5,0.0,7.5,NORMAL,False,
11.09.2026,11,Cuma,33451458564,01227,01227,SELMATA ANIK,ÜRETİM,HALİL DİĞRENCİ,20:01,07:59,00:00,07:59,"20:01, 07:59",11.97,0.5,7.5,7.5,0.0,0.0,7.5,NORMAL,False,
11.09.2026,11,Cuma,,01371,01371,SELİM KIRAY,,GÜVEN MUSTAFAKEMALPAŞA,08:02,17:49,08:00,17:49,"08:02, 17:49",9.78,1.5,8.0,7.5,0.5,0.0,8.0,NORMAL,False,
11.09.2026,11,Cuma,19633628390,01279,01279,SERAP KURUMLU,BALIK TEMİZLEME,GÜVEN MUSTAFAKEMALPAŞA,07:51,17:49,08:00,17:49,"07:51, 17:49",9.97,1.5,8.0,7.5,0.5,0.0,8.0,NORMAL,False,
11.09.2026,11,Cuma,24136488860,01007,01007,SEREN BURHAN,BALIK TEMİZLEME,GÜVEN MUSTAFAKEMALPAŞA,07:51,17:51,08:00,17:51,"07:51, 17:51",10.0,1.5,8.5,7.5,1.0,0.0,8.5,NORMAL,False,
11.09.2026,11,Cuma,16231745504,01129,01129,SERKAN YUMİTKEN,ÜRETİM,HALİL DİĞRENCİ,08:05,20:04,08:00,20:04,"08:05, 20:04",11.98,1.5,10.5,7.5,3.0,0.0,10.5,NORMAL,False,
11.09.2026,11,Cuma,13696829374,01361,01361,SERPİL İİPEK,,HALİL DİĞRENCİ,20:01,08:03,00:00,08:03,"20:01, 08:03",12.03,0.5,7.5,7.5,0.0,0.0,7.5,NORMAL,False,
11.09.2026,11,Cuma,13498698468,00165,00165,SEVGİ AYCAN,BALIK TEMİZLEME,BANDIRMA,07:45,17:49,08:00,17:49,"07:45, 17:49",10.07,1.5,8.0,7.5,0.5,0.0,8.0,NORMAL,False,
11.09.2026,11,Cuma,17611699134,00884,00884,SEVİLAY DÖNMEZ,BALIK TEMİZLEME,GÜVEN TURİZM,07:35,17:51,08:00,17:51,"07:35, 17:51",10.27,1.5,8.5,7.5,1.0,0.0,8.5,NORMAL,False,
11.09.2026,11,Cuma,15250777510,01063,01063,SEZAİ ÇELİK,BALIK,HALİL DİĞRENCİ,08:06,17:41,08:00,17:41,"08:06, 17:41",9.58,1.5,8.0,7.5,0.5,0.0,8.0,NORMAL,False,
11.09.2026,11,Cuma,29200163070,01066,01066,SEZGİN YILDIRIM,ÜRETİM,BİGADİÇ,15:54,00:06,15:54,00:06,"15:54, 00:06",8.2,0.5,7.5,7.5,0.0,0.0,7.5,NORMAL,False,
11.09.2026,11,Cuma,01370,01370,01370,SEZGİN İRGÖREN,DİĞER,GÜVEN MUSTAFAKEMALPAŞA,08:02,17:49,08:00,17:49,"08:02, 17:49",9.78,1.5,8.0,7.5,0.5,0.0,8.0,NORMAL,False,
11.09.2026,11,Cuma,18442962398,01221,01221,SILA GÜNEŞ,ÜRETİM,SÇEVİKAT ÇELİK,20:00,08:03,00:00,08:03,"20:00, 08:03",12.05,0.5,7.5,7.5,0.0,0.0,7.5,NORMAL,False,
11.09.2026,11,Cuma,55963096430,00240,00240,SULTAN BAĞ,BALIK TEMİZLEME,KARACABEY,07:48,17:49,08:00,17:49,"07:48, 17:49",10.02,1.5,8.0,7.5,0.5,0.0,8.0,NORMAL,False,
11.09.2026,11,Cuma,42014033940,01072,01072,SÇEVİKAT ÇELİK,ÜRETİM,SÇEVİKAT ÇELİK,20:00,07:48,00:00,07:48,"20:00, 07:48",11.8,0.5,7.5,7.5,0.0,0.0,7.5,NORMAL,False,
11.09.2026,11,Cuma,10582783284,00170,00170,SİBEL ÇÇAKIR,ÜRETİM,BİGADİÇ,15:55,00:05,15:55,00:05,"15:55, 00:05",8.17,0.5,7.5,7.5,0.0,0.0,7.5,NORMAL,False,
11.09.2026,11,Cuma,29761139378,01038,01038,TALHA YAVAŞ,KALİTE,BANDIRMA,23:50,08:07,00:00,08:07,"23:50, 08:07",8.28,0.5,7.5,7.5,0.0,0.0,7.5,NORMAL,False,
11.09.2026,11,Cuma,10705928394,00976,00976,TAYFUN GÜNCÜ,BALIK TEMİZLEME,HALİL DİĞRENCİ,08:06,17:46,08:00,17:46,"08:06, 17:46",9.67,1.5,8.0,7.5,0.5,0.0,8.0,NORMAL,False,
11.09.2026,11,Cuma,13252843738,00243,00243,TAYFUN TIĞRAK,FORMEN,KARACABEY,09:34,19:08,09:30,19:08,"09:34, 19:08",9.57,1.5,8.0,6.0,2.0,0.0,8.0,NORMAL,False,
11.09.2026,11,Cuma,32938871292,00183,00183,TAYFUN ÇELİK,MEYDAN,MKP,07:47,17:52,08:00,17:52,"07:47, 17:52",10.08,1.5,8.5,7.5,1.0,0.0,8.5,NORMAL,False,
11.09.2026,11,Cuma,30925156292,00501,00501,TUNCAY METİN,KAPI GÖREVLİSİ,SUSURLUK,23:43,08:02,00:00,08:02,"23:43, 08:02",8.32,0.5,7.5,7.5,0.0,0.0,7.5,NORMAL,False,
11.09.2026,11,Cuma,14701796544,00582,00582,YUSUF SAMAR,MUHASEBE,KARACABEY,07:49,17:52,08:00,17:52,"07:49, 17:52",10.05,1.5,8.5,7.5,1.0,0.0,8.5,NORMAL,False,
11.09.2026,11,Cuma,10528936408,01364,01364,YUSUF ÇETİN,,HALİL DİĞRENCİ,08:06,20:04,08:00,20:04,"08:06, 20:04",11.97,1.5,10.5,7.5,3.0,0.0,10.5,NORMAL,False,
11.09.2026,11,Cuma,31861120316,00191,00191,ZAHİDE GÜRBÜZ,BALIK TEMİZLEME,BALIKESİR,08:32,17:44,08:30,17:44,"08:32, 17:44",9.2,1.5,7.5,7.0,0.5,0.0,7.5,NORMAL,False,
11.09.2026,11,Cuma,27560597764,01048,01048,ZAHİDE HAĞİ,BALIK TEMİZLEME,HALİL DİĞRENCİ,08:06,17:47,08:00,17:47,"08:06, 17:47",9.68,1.5,8.0,7.5,0.5,0.0,8.0,NORMAL,False,
11.09.2026,11,Cuma,31552110794,00935,00935,ZAHİDE KALDEMİR,BALIK TEMİZLEME,GÜVEN MUSTAFAKEMALPAŞA,07:52,17:50,08:00,17:50,"07:52, 17:50",9.97,1.5,8.5,7.5,1.0,0.0,8.5,NORMAL,False,
11.09.2026,11,Cuma,22249543988,00192,00192,ZAHİDE NEDİRLİ,KALİTE,KARACABEY,07:48,17:53,08:00,17:53,"07:48, 17:53",10.08,1.5,8.5,7.5,1.0,0.0,8.5,NORMAL,False,
11.09.2026,11,Cuma,10820807680,01097,01097,ZEHRA ONUK,ÜRETİM,HALİL DİĞRENCİ,08:05,17:48,08:00,17:48,"08:05, 17:48",9.72,1.5,8.0,7.5,0.5,0.0,8.0,NORMAL,False,
11.09.2026,11,Cuma,28729335166,00936,00936,ZELİHA KEİREMETÇİ,BALIK TEMİZLEME,GÜVEN MUSTAFAKEMALPAŞA,07:51,17:48,08:00,17:48,"07:51, 17:48",9.95,1.5,8.0,7.5,0.5,0.0,8.0,NORMAL,False,
11.09.2026,11,Cuma,14047825472,00937,00937,ZELİHA ORUÇ,BALIK TEMİZLEME,GÜVEN MUSTAFAKEMALPAŞA,07:50,17:47,08:00,17:47,"07:50, 17:47",9.95,1.5,8.0,7.5,0.5,0.0,8.0,NORMAL,False,
11.09.2026,11,Cuma,24289352612,00244,00244,ZEYNEP KARAMAN,BALIK TEMİZLEME,BALIKESİR,08:31,17:41,08:30,17:41,"08:31, 17:41",9.17,1.5,7.5,7.0,0.5,0.0,7.5,NORMAL,False,
11.09.2026,11,Cuma,22498412394,00765,00765,ZEYNEP ONBAŞI,YEMEKHANE,BALIKESİR,08:33,17:40,08:30,17:40,"08:33, 17:40",9.12,1.5,7.5,7.0,0.5,0.0,7.5,NORMAL,False,
11.09.2026,11,Cuma,22319750032,00782,00782,ÇİDEM FİDAN,BALIK TEMİZLEME,BANDIRMA,07:44,17:49,08:00,17:49,"07:44, 17:49",10.08,1.5,8.0,7.5,0.5,0.0,8.0,NORMAL,False,
11.09.2026,11,Cuma,17749594400,00033,00033,ÇİSEM BÇAKIR,KALİTE,SUSURLUK,15:43,23:58,15:43,23:58,"15:43, 23:58",8.25,0.5,8.0,8.0,0.0,0.0,8.0,NORMAL,False,
11.09.2026,11,Cuma,27235386938,00139,00139,ÖMÜRLÜ FERİK,KAZAN,MKP,07:47,21:44,08:00,21:44,"07:47, 21:44",13.95,1.5,12.0,7.5,4.5,0.0,12.0,NORMAL,False,
11.09.2026,11,Cuma,12268777280,00185,00185,ÜMMÜ AYDOĞAN,ÜRETİM,SUSURLUK TUR-REŞAT,07:50,17:41,08:00,17:41,"07:50, 17:09, 17:41",9.85,1.5,8.0,7.5,0.5,0.0,8.0,ÇOKLU_BASIM_MIN_MAX,True,"Çoklu Basım: İlk Giriş 07:50, Son Çıkış 17:41 (8,0s)"
11.09.2026,11,Cuma,10198947728,00410,00410,ÜMİT BATIN TÜRKAN,BAKIM,KARACABEY,07:57,18:56,08:00,18:56,"07:57, 18:56",10.98,1.5,9.5,7.5,2.0,0.0,9.5,NORMAL,False,
11.09.2026,11,Cuma,29515203096,00092,00092,İBÜŞRAHİM YILDIRIM,MEYDAN,MKP,07:38,17:43,08:00,17:43,"07:38, 17:43",10.08,1.5,8.0,7.5,0.5,0.0,8.0,NORMAL,False,
11.09.2026,11,Cuma,42844787082,00783,00783,İSMAİL BARAK,BALIK KESİM,HALİL DİĞRENCİ,20:01,08:00,00:00,08:00,"20:01, 08:00",11.98,0.5,7.5,7.5,2.0,2.0,9.5,BÖLÜM_PRİMLİ,False,"Balık Dolum ve Kesim Primi: Fiili 7,5s -> Bonuslu 9,5s (+2,0s Prim)"
11.09.2026,11,Cuma,25060351046,00230,00230,İSMAİL İMİR,OTOKLAV OPERATÖRÜ,SUSURLUK,08:05,18:54,08:00,18:54,"08:05, 18:54",10.82,1.5,9.5,7.5,2.0,0.0,9.5,NORMAL,False,
11.09.2026,11,Cuma,13720827796,00176,00176,ŞADİ BAŞARICI,BAKIM,KARACABEY,17:14,00:03,17:00,00:03,"17:14, 00:03",6.82,0.5,6.5,6.5,0.0,0.0,6.5,NORMAL,False,
11.09.2026,11,Cuma,38233180558,00178,00178,ŞAKİR KARAKAŞ,AMBAR,BANDIRMA,07:47,17:40,08:00,17:40,"07:47, 17:40",9.88,1.5,8.0,7.5,0.5,0.0,8.0,NORMAL,False,
11.09.2026,11,Cuma,25192322242,00179,00179,ŞAYİKA KOPARAN,AMBAR,BİGADİÇ,07:49,17:15,08:00,17:15,"07:49, 17:15",9.43,1.5,7.5,7.5,0.0,0.0,7.5,NORMAL,False,
11.09.2026,11,Cuma,38240191356,01161,01161,ŞENGÜL ALEMİN,ÜRETİM,HALİL DİĞRENCİ,20:01,07:59,00:00,07:59,"20:01, 07:59",11.97,0.5,7.5,7.5,0.0,0.0,7.5,NORMAL,False,
11.09.2026,11,Cuma,10255820520,00242,00242,ŞERBANE SARAN,BALIK TEMİZLEME,BALIKESİR,08:32,17:42,08:30,17:42,"08:32, 17:42",9.17,1.5,7.5,7.0,0.5,0.0,7.5,NORMAL,False,
11.09.2026,11,Cuma,,01384,01384,ŞEYMA İİPEK,,HALİL DİĞRENCİ,20:09,-,20:09,08:00,20:09,7.5,0.5,7.5,7.5,0.0,0.0,7.5,GECE_TEK_BASIM,True,"Gece Basımı: 20:09 | Tek Basım (7,5s yazıldı)"
12.09.2026,12,Cumartesi,20437654348,00206,00206,ADALET KALAYCI,BALIK TEMİZLEME,BANDIRMA,07:43,18:57,08:00,18:57,"07:43, 18:57",11.23,1.5,9.5,7.5,2.0,0.0,9.5,NORMAL,False,
12.09.2026,12,Cumartesi,18655664102,00011,00011,ADVİYE YARICI,BALIK TEMİZLEME,HALİL DİĞRENCİ,08:11,18:58,08:00,18:58,"08:11, 18:58",10.78,1.5,9.5,7.5,2.0,0.0,9.5,NORMAL,False,
12.09.2026,12,Cumartesi,44626409038,01113,01113,AHMET ALİ TÜRKMEN,ÜRETİM,BİGADİÇ,15:49,00:04,15:49,00:04,"15:49, 00:04",8.25,0.5,7.5,7.5,0.0,0.0,7.5,NORMAL,False,
12.09.2026,12,Cumartesi,23527501454,00583,00583,AHMET BEYHAN,BAKIM,KARACABEY,08:13,20:03,08:00,20:03,"08:13, 20:03",11.83,1.5,10.5,7.5,3.0,0.0,10.5,NORMAL,False,
12.09.2026,12,Cumartesi,21925456598,00830,00830,AHMET ÇÇAYLAK,AMBAR,BALIKESİR,20:04,08:09,00:00,08:09,"20:04, 08:09",12.08,0.5,7.5,7.5,0.0,0.0,7.5,NORMAL,False,
12.09.2026,12,Cumartesi,,01382,01382,ALİ BALTA,,HALİL DİĞRENCİ,08:14,20:01,08:00,20:01,"08:14, 20:01",11.78,1.5,10.5,7.5,3.0,0.0,10.5,NORMAL,False,
12.09.2026,12,Cumartesi,13183506030,01102,01102,ALİ EŞREF AKIN,ÜRETİM,HALİL DİĞRENCİ,08:12,20:06,08:00,20:06,"08:12, 20:06",11.9,1.5,10.5,7.5,3.0,0.0,10.5,NORMAL,False,
12.09.2026,12,Cumartesi,99320980932,00247,00247,ANUD ELMEAŞİ,BALIK TEMİZLEME,GÜVEN TURİZM,07:36,18:57,08:00,18:57,"07:36, 18:57",11.35,1.5,9.5,7.5,2.0,0.0,9.5,NORMAL,False,
12.09.2026,12,Cumartesi,28336192374,00308,00308,ARZU KILA,AMBAR,BİGADİÇ,07:35,17:06,08:00,17:06,"07:35, 17:06",9.52,1.5,7.5,7.5,0.0,0.0,7.5,NORMAL,False,
12.09.2026,12,Cumartesi,28033351500,01357,01357,ARZU ÖZTÜRK,BALIK TEMİZLEME,GÜVEN MUSTAFAKEMALPAŞA,07:57,18:57,08:00,18:57,"07:57, 18:57",11.0,1.5,9.5,7.5,2.0,0.0,9.5,NORMAL,False,
12.09.2026,12,Cumartesi,24709461474,00894,00894,ASLI BAYRAKTAR,BALIK DOLUM,GÜVEN TURİZM,07:36,18:58,08:00,18:58,"07:36, 18:58",11.37,1.5,9.5,7.5,4.0,2.0,11.5,BÖLÜM_PRİMLİ,False,"Balık Dolum ve Kesim Primi: Fiili 9,5s -> Bonuslu 11,5s (+2,0s Prim)"
12.09.2026,12,Cumartesi,12572550074,00209,00209,ASYA TİLKİ,BALIK TEMİZLEME,KARACABEY,07:41,18:57,08:00,18:57,"07:41, 18:57",11.27,1.5,9.5,7.5,2.0,0.0,9.5,NORMAL,False,
12.09.2026,12,Cumartesi,22426711476,00754,00754,AYNUR DEMİRCAN,BALIK TEMİZLEME,HALİL DİĞRENCİ,08:13,18:58,08:00,18:58,"08:13, 18:58",10.75,1.5,9.5,7.5,2.0,0.0,9.5,NORMAL,False,
12.09.2026,12,Cumartesi,13543834438,01145,01145,AYSEL ÇETİNTAŞ,ÜRETİM,HALİL DİĞRENCİ,08:11,20:02,08:00,20:02,"08:11, 20:02",11.85,1.5,10.5,7.5,3.0,0.0,10.5,NORMAL,False,
12.09.2026,12,Cumartesi,,01385,01385,AYÇA KARAMAN,,HALİL DİĞRENCİ,08:15,-,08:15,17:00,08:15,7.5,1.5,7.5,7.5,0.0,0.0,7.5,ÇIKIŞ_YOK_SABAH,True,"Giriş: 08:15 | Çıkış Basılmadı (Tam Gün 7,5s yazıldı)"
12.09.2026,12,Cumartesi,25567503092,00211,00211,AYÇA SEZER,KALİTE,BANDIRMA,07:42,19:55,08:00,19:55,"07:42, 19:55",12.22,1.5,10.5,7.5,3.0,0.0,10.5,NORMAL,False,
12.09.2026,12,Cumartesi,24280352994,00214,00214,AYŞE KARAMAN,BALIK TEMİZLEME,BALIKESİR,07:52,18:50,08:00,18:50,"07:52, 18:50",10.97,1.5,9.5,7.5,2.0,0.0,9.5,NORMAL,False,
12.09.2026,12,Cumartesi,34120156552,00215,00215,AYŞE YILMAZ,BALIK DOLUM,MKP,09:46,19:56,09:30,19:56,"09:46, 19:56",10.17,1.5,9.0,6.0,5.0,2.0,11.0,BÖLÜM_PRİMLİ,False,"Balık Dolum ve Kesim Primi: Fiili 9,0s -> Bonuslu 11,0s (+2,0s Prim)"
12.09.2026,12,Cumartesi,11284759850,00018,00018,AYŞE ÇENECİOĞLU,AMBAR,BİGADİÇ,07:34,17:05,08:00,17:05,"07:34, 17:05",9.52,1.5,7.5,7.5,0.0,0.0,7.5,NORMAL,False,
12.09.2026,12,Cumartesi,25610607388,01353,01353,BAHAR FİDAN,ÜRETİM,SÇEVİKAT ÇELİK,19:54,07:56,20:00,07:56,"19:54, 07:56",12.03,0.5,11.5,3.5,8.0,0.0,11.5,NORMAL,False,
12.09.2026,12,Cumartesi,12496719380,01139,01139,BEDİA KAYMAZ,AMBAR,BİGADİÇ,07:35,17:06,08:00,17:06,"07:35, 17:06",9.52,1.5,7.5,7.5,0.0,0.0,7.5,NORMAL,False,
12.09.2026,12,Cumartesi,14725695762,00025,00025,BEHİCE YALMAN,BALIK DOLUM,GÖBEL,09:46,17:02,09:30,17:02,"09:46, 17:02",7.27,1.5,6.0,6.0,2.0,2.0,8.0,BÖLÜM_PRİMLİ,False,"Balık Dolum ve Kesim Primi: Fiili 6,0s -> Bonuslu 8,0s (+2,0s Prim)"
12.09.2026,12,Cumartesi,11206757414,00902,00902,BERK BERBER,ÇEVRE MÜHENDİSİ,BANDIRMA,09:16,17:17,09:00,17:17,"09:16, 17:17",8.02,1.5,6.5,6.5,0.0,0.0,6.5,NORMAL,False,
12.09.2026,12,Cumartesi,25297298992,00216,00216,BETÜL TUNÇ,BALIK TEMİZLEME,BANDIRMA,07:44,18:56,08:00,18:56,"07:44, 18:56",11.2,1.5,9.5,7.5,2.0,0.0,9.5,NORMAL,False,
12.09.2026,12,Cumartesi,10201948476,01170,01170,BUKET DÖNMEZ,KALİTE,HALİL DİĞRENCİ,08:11,17:22,08:00,17:22,"08:11, 17:22",9.18,1.5,7.5,7.5,0.0,0.0,7.5,NORMAL,False,
12.09.2026,12,Cumartesi,33316051664,01339,01339,BİLGİNUR SÜMER,BALIK TEMİZLEME,BALIKESİR,07:54,18:57,08:00,18:57,"07:54, 18:57",11.05,1.5,9.5,7.5,2.0,0.0,9.5,NORMAL,False,
12.09.2026,12,Cumartesi,11950763822,01348,01348,BİLGİYE TOPAL,BALIK TEMİZLEME,GÜVEN MUSTAFAKEMALPAŞA,07:57,17:24,08:00,17:24,"07:57, 17:24",9.45,1.5,7.5,7.5,0.0,0.0,7.5,NORMAL,False,
12.09.2026,12,Cumartesi,31678238334,00922,00922,CANSEL AKCAN,BALIK TEMİZLEME,GÜVEN MUSTAFAKEMALPAŞA,07:57,18:57,08:00,18:57,"07:57, 18:57",11.0,1.5,9.5,7.5,2.0,0.0,9.5,NORMAL,False,
12.09.2026,12,Cumartesi,16933572286,00030,00030,CANSEVER ÇÇAKMAK,AMBAR,BİGADİÇ,07:35,17:05,08:00,17:05,"07:35, 17:05",9.5,1.5,7.5,7.5,0.0,0.0,7.5,NORMAL,False,
12.09.2026,12,Cumartesi,33154180038,00031,00031,CEMALETTİN BEDİZCİ,BAKIM,KARACABEY,07:38,13:24,08:00,13:24,"07:38, 13:24",5.77,1.5,4.0,4.0,0.0,0.0,4.0,NORMAL,False,
12.09.2026,12,Cumartesi,17488585028,00217,00217,CEMİLE KARAN,BALIK TEMİZLEME,BALIKESİR,07:53,18:49,08:00,18:49,"07:53, 18:49",10.93,1.5,9.0,7.5,1.5,0.0,9.0,NORMAL,False,
12.09.2026,12,Cumartesi,23083367440,00320,00320,CEYDA ÖZ,KALİTE,BİGADİÇ,15:49,23:58,15:49,23:58,"15:49, 23:58",8.15,0.5,7.5,7.5,0.0,0.0,7.5,NORMAL,False,
12.09.2026,12,Cumartesi,16699736366,01330,01330,CEYLAN BATAN,BALIK TEMİZLEME,GÜVEN MUSTAFAKEMALPAŞA,07:57,18:56,08:00,18:56,"07:57, 18:56",10.98,1.5,9.5,7.5,2.0,0.0,9.5,NORMAL,False,
12.09.2026,12,Cumartesi,19313787324,00943,00943,CİHAN YILMAZ,BALIK,HALİL DİĞRENCİ,08:13,18:52,08:00,18:52,"08:13, 18:52",10.65,1.5,9.5,7.5,2.0,0.0,9.5,NORMAL,False,
12.09.2026,12,Cumartesi,,01378,01378,DEMİRHAN GÖKGÖZ,,HALİL DİĞRENCİ,08:15,20:02,08:00,20:02,"08:15, 20:02",11.78,1.5,10.5,7.5,3.0,0.0,10.5,NORMAL,False,
12.09.2026,12,Cumartesi,37525041782,00218,00218,DERYA SEVİNÇ,FORMEN,MKP,07:45,18:58,08:00,18:58,"07:45, 18:58",11.22,1.5,9.5,7.5,2.0,0.0,9.5,NORMAL,False,
12.09.2026,12,Cumartesi,24961035246,01098,01098,DUDU ÖRENGÜL,KALİTE,GÜVEN MUSTAFAKEMALPAŞA,07:56,18:57,08:00,18:57,"07:56, 18:57",11.02,1.5,9.5,7.5,2.0,0.0,9.5,NORMAL,False,
12.09.2026,12,Cumartesi,99848635024,00283,00283,DUHA EL MUFADDİ,BALIK TEMİZLEME,MKP,07:45,18:58,08:00,18:58,"07:45, 18:58",11.22,1.5,9.5,7.5,2.0,0.0,9.5,NORMAL,False,
12.09.2026,12,Cumartesi,23509358892,00386,00386,DÖNDÜ ŞAHİN,KALİTE,BANDIRMA,23:14,09:10,00:00,09:10,"23:14, 09:10",9.93,0.5,8.5,7.5,1.0,0.0,8.5,NORMAL,False,
12.09.2026,12,Cumartesi,10456937386,01362,01362,DİLEK ÇETİN,,HALİL DİĞRENCİ,08:12,17:04,08:00,17:04,"08:12, 17:04",8.87,1.5,7.5,7.5,0.0,0.0,7.5,NORMAL,False,
12.09.2026,12,Cumartesi,12562741222,00872,00872,EBRU ÖÖZALP,BALIK TEMİZLEME,BALIKESİR,07:52,18:52,08:00,18:52,"07:52, 18:52",11.0,1.5,9.5,7.5,2.0,0.0,9.5,NORMAL,False,
12.09.2026,12,Cumartesi,29563469352,00563,00563,EDİP EKİNCİ,KAZAN,SUSURLUK,20:05,08:42,00:00,08:42,"20:05, 08:42",12.62,0.5,8.0,7.5,0.5,0.0,8.0,NORMAL,False,
12.09.2026,12,Cumartesi,10066843626,00374,00374,EFE EVİM,AMBAR,BİGADİÇ,07:35,17:05,08:00,17:05,"07:35, 17:05",9.5,1.5,7.5,7.5,0.0,0.0,7.5,NORMAL,False,
12.09.2026,12,Cumartesi,14266711334,00037,00037,EFRAİM DUMAN,AMBAR,SUSURLUK,20:05,07:58,00:00,07:58,"20:05, 07:58",11.88,0.5,7.5,7.5,0.0,0.0,7.5,NORMAL,False,
12.09.2026,12,Cumartesi,20036722080,00039,00039,ELMAS OMAY,AMBAR,BALIKESİR,07:53,17:06,08:00,17:06,"07:53, 17:06",9.22,1.5,7.5,7.5,0.0,0.0,7.5,NORMAL,False,
12.09.2026,12,Cumartesi,16591633060,00038,00038,ELİF TUNÇ,KALİTE,BANDIRMA,08:29,13:47,08:30,13:47,"08:29, 13:47",5.3,1.5,4.0,4.0,0.0,0.0,4.0,NORMAL,False,
12.09.2026,12,Cumartesi,31009103096,00204,00204,EMEL SANAN,AMBAR,BİGADİÇ,07:36,17:06,08:00,17:06,"07:36, 17:06",9.5,1.5,7.5,7.5,0.0,0.0,7.5,NORMAL,False,
12.09.2026,12,Cumartesi,01377,01377,01377,EMRİCAN DURMAN,DİĞER,HALİL DİĞRENCİ,08:15,20:02,08:00,20:02,"08:15, 20:02",11.78,1.5,10.5,7.5,3.0,0.0,10.5,NORMAL,False,
12.09.2026,12,Cumartesi,20584476770,00219,00219,EMİNE ATEŞ,BALIK TEMİZLEME,BALIKESİR,07:53,18:51,08:00,18:51,"07:53, 18:51",10.97,1.5,9.5,7.5,2.0,0.0,9.5,NORMAL,False,
12.09.2026,12,Cumartesi,12523718256,00043,00043,EMİNE BAYER,AMBAR,BİGADİÇ,07:35,17:06,08:00,17:06,"07:35, 17:06",9.52,1.5,7.5,7.5,0.0,0.0,7.5,NORMAL,False,
12.09.2026,12,Cumartesi,16111749134,01300,01300,EMİNE KARAMAN,BALIK TEMİZLEME,HALİL DİĞRENCİ,08:13,18:55,08:00,18:55,"08:13, 18:55",10.7,1.5,9.5,7.5,2.0,0.0,9.5,NORMAL,False,
12.09.2026,12,Cumartesi,12379749978,00197,00197,EMİNE SARI,YEMEKHANE,BALIKESİR,07:54,18:50,08:00,18:50,"07:54, 18:50",10.93,1.5,9.5,7.5,2.0,0.0,9.5,NORMAL,False,
12.09.2026,12,Cumartesi,45328882280,00859,00859,EMİNE YAVUZ,BALIK TEMİZLEME,GÜVEN TURİZM,07:36,18:56,08:00,18:56,"07:36, 18:56",11.33,1.5,9.5,7.5,2.0,0.0,9.5,NORMAL,False,
12.09.2026,12,Cumartesi,20503503198,00045,00045,EMİNE ÇAPAR,YEMEKHANE,GÖBEL,18:25,04:12,18:30,04:12,"18:25, 04:12",9.78,0.5,9.0,5.0,4.0,0.0,9.0,NORMAL,False,
12.09.2026,12,Cumartesi,37030668238,01180,01180,EMİNE ŞENTÜRK CİNGÖZ,BALIK TEMİZLEME,GÜVEN TURİZM,07:36,18:58,08:00,18:58,"07:36, 18:58",11.37,1.5,9.5,7.5,2.0,0.0,9.5,NORMAL,False,
12.09.2026,12,Cumartesi,10036852948,00046,00046,EMİRHAN MUTLU,BAKIM,GÖBEL,08:03,17:31,08:00,17:31,"08:03, 17:31",9.47,1.5,8.0,7.5,0.5,0.0,8.0,NORMAL,False,
12.09.2026,12,Cumartesi,29470204244,00007,00007,ENDER BİLBAY,KAPI GÖREVLİSİ,GÖBEL,16:00,23:55,16:00,23:55,"16:00, 23:55",7.92,0.5,7.5,7.5,0.0,0.0,7.5,NORMAL,False,
12.09.2026,12,Cumartesi,98284188514,00293,00293,ENES ABDE,BALIK TEMİZLEME,MKP,07:45,18:58,08:00,18:58,"07:45, 18:58",11.22,1.5,9.5,7.5,2.0,0.0,9.5,NORMAL,False,
12.09.2026,12,Cumartesi,34795126850,01351,01351,ERCAN POLAT,BİLGİSAYAR MÜHENDİSİ,KARACABEY,07:42,18:53,08:00,18:53,"07:42, 18:53",11.18,1.5,9.5,7.5,2.0,0.0,9.5,NORMAL,False,
12.09.2026,12,Cumartesi,35581001238,00481,00481,ERCÜMENT AYGÜL,AMBAR,SUSURLUK,20:05,06:53,00:00,06:53,"20:05, 06:53",10.8,0.5,6.5,6.5,0.0,0.0,6.5,NORMAL,False,
12.09.2026,12,Cumartesi,23131415628,00047,00047,ERDİN TETİK,MEYDAN,SUSURLUK,23:46,08:01,00:00,08:01,"23:46, 08:01",8.25,0.5,7.5,7.5,0.0,0.0,7.5,NORMAL,False,
12.09.2026,12,Cumartesi,22260441248,00198,00198,ERSİN ESER,BAKIM,GÖBEL,19:55,07:58,20:00,07:58,"19:55, 07:58",12.05,0.5,11.5,3.5,8.0,0.0,11.5,NORMAL,False,
12.09.2026,12,Cumartesi,11633067636,00221,00221,EİREMŞAH KIZILKAYA,BALIK DOLUM,GÖBEL,09:46,19:39,09:30,19:39,"09:46, 19:39",9.88,1.5,8.5,6.0,4.5,2.0,10.5,BÖLÜM_PRİMLİ,False,"Balık Dolum ve Kesim Primi: Fiili 8,5s -> Bonuslu 10,5s (+2,0s Prim)"
12.09.2026,12,Cumartesi,35183294274,00926,00926,FATMA DEMİRER,BALIK TEMİZLEME,GÜVEN MUSTAFAKEMALPAŞA,07:57,18:56,08:00,18:56,"07:57, 18:56",10.98,1.5,9.5,7.5,2.0,0.0,9.5,NORMAL,False,
12.09.2026,12,Cumartesi,32986036254,00056,00056,FATMA ÇAM,ÜRETİM,BİGADİÇ,15:49,00:02,15:49,00:02,"15:49, 00:02",8.22,0.5,7.5,7.5,0.0,0.0,7.5,NORMAL,False,
12.09.2026,12,Cumartesi,31594082608,00057,00057,FATMA ÖZÇAM,ÜRETİM,BİGADİÇ,15:49,00:02,15:49,00:02,"15:49, 00:02",8.22,0.5,7.5,7.5,0.0,0.0,7.5,NORMAL,False,
12.09.2026,12,Cumartesi,11890896888,00223,00223,FATMAGÜL ÇEKİ,BALIK DOLUM,MKP,09:46,19:57,09:30,19:57,"09:46, 19:57",10.18,1.5,9.0,6.0,5.0,2.0,11.0,BÖLÜM_PRİMLİ,False,"Balık Dolum ve Kesim Primi: Fiili 9,0s -> Bonuslu 11,0s (+2,0s Prim)"
12.09.2026,12,Cumartesi,21898406446,01065,01065,FERUDUN BAKAN,ÜRETİM,BİGADİÇ,15:49,00:04,15:49,00:04,"15:49, 00:04",8.25,0.5,7.5,7.5,0.0,0.0,7.5,NORMAL,False,
12.09.2026,12,Cumartesi,31933222184,00224,00224,FEVZİYE EREL,BALIK TEMİZLEME,HALİL DİĞRENCİ,08:13,18:53,08:00,18:53,"08:13, 18:53",10.67,1.5,9.5,7.5,2.0,0.0,9.5,NORMAL,False,
12.09.2026,12,Cumartesi,17431713232,00927,00927,FİSUN ETİLER,,GÜVEN MUSTAFAKEMALPAŞA,07:57,18:51,08:00,18:51,"07:57, 18:51",10.9,1.5,9.5,7.5,2.0,0.0,9.5,NORMAL,False,
12.09.2026,12,Cumartesi,33739783340,00739,00739,GURBET DUMAN,BALIK TEMİZLEME,HALİL DİĞRENCİ,08:13,18:56,08:00,18:56,"08:13, 18:56",10.72,1.5,9.5,7.5,2.0,0.0,9.5,NORMAL,False,
12.09.2026,12,Cumartesi,33379057108,00423,00423,GÜLAY GÜNDOĞDU,BALIK TEMİZLEME,BALIKESİR,07:52,18:52,08:00,18:52,"07:52, 18:52",11.0,1.5,9.5,7.5,2.0,0.0,9.5,NORMAL,False,
12.09.2026,12,Cumartesi,24541318660,00065,00065,GÜLCAN BİLGİÇ,AMBAR,BİGADİÇ,07:35,17:06,08:00,17:06,"07:35, 17:06",9.52,1.5,7.5,7.5,0.0,0.0,7.5,NORMAL,False,
12.09.2026,12,Cumartesi,33211034366,00225,00225,GÜLER ÇAPKIN,BALIK TEMİZLEME,KARACABEY,07:41,18:56,08:00,18:56,"07:41, 18:56",11.25,1.5,9.5,7.5,2.0,0.0,9.5,NORMAL,False,
12.09.2026,12,Cumartesi,15041774032,00882,00882,GÜLPERİ KALENDER,BALIK TEMİZLEME,BANDIRMA,07:44,18:56,08:00,18:56,"07:44, 18:56",11.2,1.5,9.5,7.5,2.0,0.0,9.5,NORMAL,False,
12.09.2026,12,Cumartesi,53689106020,00073,00073,GÜLSÜM GÖRGÜLÜ,AMBAR,BİGADİÇ,07:35,17:06,08:00,17:06,"07:35, 17:06",9.52,1.5,7.5,7.5,0.0,0.0,7.5,NORMAL,False,
12.09.2026,12,Cumartesi,45184908278,00226,00226,GÜLTEN DURMAZ,BALIK DOLUM,GÖBEL,09:46,19:39,09:30,19:39,"09:46, 19:39",9.88,1.5,8.5,6.0,4.5,2.0,10.5,BÖLÜM_PRİMLİ,False,"Balık Dolum ve Kesim Primi: Fiili 8,5s -> Bonuslu 10,5s (+2,0s Prim)"
12.09.2026,12,Cumartesi,10996768938,00071,00071,GÜLTEN GİDER,AMBAR,BİGADİÇ,07:35,17:05,08:00,17:05,"07:35, 17:05",9.5,1.5,7.5,7.5,0.0,0.0,7.5,NORMAL,False,
12.09.2026,12,Cumartesi,21010592606,01022,01022,GÜLÜMSER KARABIYIK,BALIK TEMİZLEME,GÜVEN MUSTAFAKEMALPAŞA,07:58,18:52,08:00,18:52,"07:58, 18:52",10.9,1.5,9.5,7.5,2.0,0.0,9.5,NORMAL,False,
12.09.2026,12,Cumartesi,23638497776,00075,00075,HACER BEYHAN,BALIK TEMİZLEME,HALİL DİĞRENCİ,08:13,18:53,08:00,18:53,"08:13, 18:53",10.67,1.5,9.5,7.5,2.0,0.0,9.5,NORMAL,False,
12.09.2026,12,Cumartesi,22639531168,01078,01078,HAFİZE AVCIOĞLU,BALIK TEMİZLEME,GÜVEN TURİZM,07:36,18:57,08:00,18:57,"07:36, 18:57",11.35,1.5,9.5,7.5,2.0,0.0,9.5,NORMAL,False,
12.09.2026,12,Cumartesi,20290485820,01060,01060,HANİFE YILDIRIM,BALIK TEMİZLEME,BALIKESİR,07:53,18:51,08:00,18:51,"07:53, 18:51",10.97,1.5,9.5,7.5,2.0,0.0,9.5,NORMAL,False,
12.09.2026,12,Cumartesi,14779989510,00080,00080,HARUN YAHYA DURSUN,BALIK DOLUM,GÖBEL,08:20,21:53,08:00,21:53,"08:20, 21:53",13.55,1.5,12.5,7.5,7.0,2.0,14.5,BÖLÜM_PRİMLİ,False,"Balık Dolum ve Kesim Primi: Fiili 12,5s -> Bonuslu 14,5s (+2,0s Prim)"
12.09.2026,12,Cumartesi,31324091924,00084,00084,HATİCE KURT,ÜRETİM,BİGADİÇ,15:49,00:02,15:49,00:02,"15:49, 00:02",8.22,0.5,7.5,7.5,0.0,0.0,7.5,NORMAL,False,
12.09.2026,12,Cumartesi,10817807990,01096,01096,HATİCE ONUK,ÜRETİM,HALİL DİĞRENCİ,08:11,18:56,08:00,18:56,"08:11, 18:56",10.75,1.5,9.5,7.5,2.0,0.0,9.5,NORMAL,False,
12.09.2026,12,Cumartesi,33850041688,00577,00577,HATİCE SAVAŞÇI,BALIK TEMİZLEME,BALIKESİR,07:53,18:51,08:00,18:51,"07:53, 18:51",10.97,1.5,9.5,7.5,2.0,0.0,9.5,NORMAL,False,
12.09.2026,12,Cumartesi,26002427744,00227,00227,HAVVA ALPER,BALIK DOLUM,MKP,09:46,19:57,09:30,19:57,"09:46, 19:57",10.18,1.5,9.0,6.0,5.0,2.0,11.0,BÖLÜM_PRİMLİ,False,"Balık Dolum ve Kesim Primi: Fiili 9,0s -> Bonuslu 11,0s (+2,0s Prim)"
12.09.2026,12,Cumartesi,30367150308,00852,00852,HAYRULLAH TOPRAK,AMBAR,GÜVEN TURİZM,07:50,18:51,08:00,18:51,"07:50, 17:22, 18:51",11.02,1.5,9.5,7.5,2.0,0.0,9.5,ÇOKLU_BASIM_MIN_MAX,True,"Çoklu Basım: İlk Giriş 07:50, Son Çıkış 18:51 (9,5s)"
12.09.2026,12,Cumartesi,10156949566,01270,01270,HAYRİYE BEYİRKEN,ÜRETİM,HALİL DİĞRENCİ,08:15,20:01,08:00,20:01,"08:15, 20:01",11.77,1.5,10.5,7.5,3.0,0.0,10.5,NORMAL,False,
12.09.2026,12,Cumartesi,23524501518,00231,00231,KADRİYE BEYHAN,BALIK TEMİZLEME,HALİL DİĞRENCİ,08:13,18:54,08:00,18:54,"08:13, 18:54",10.68,1.5,9.5,7.5,2.0,0.0,9.5,NORMAL,False,
12.09.2026,12,Cumartesi,49981303052,00093,00093,KADİR AZAR,AMBAR,KARACABEY,07:41,16:50,08:00,16:50,"07:41, 16:50",9.15,1.5,7.5,7.5,0.0,0.0,7.5,NORMAL,False,
12.09.2026,12,Cumartesi,27448226656,00095,00095,KAMİLE DAĞDÇELEN,AMBAR,BİGADİÇ,07:35,17:02,08:00,17:02,"07:35, 17:02",9.45,1.5,7.5,7.5,0.0,0.0,7.5,NORMAL,False,
12.09.2026,12,Cumartesi,99656887974,00294,00294,KEFA EL HUDUR,BALIK TEMİZLEME,MKP,07:45,18:59,08:00,18:59,"07:45, 18:59",11.23,1.5,9.5,7.5,2.0,0.0,9.5,NORMAL,False,
12.09.2026,12,Cumartesi,33067084584,00097,00097,KEMAL DURMUŞ,İŞLETME,SUSURLUK,20:04,08:01,00:00,08:01,"20:04, 08:01",11.95,0.5,7.5,7.5,0.0,0.0,7.5,NORMAL,False,
12.09.2026,12,Cumartesi,33397029286,01327,01327,KÜBÜŞRA ALTAY,SATIN ALMA,BANDIRMA,07:43,17:17,08:00,17:17,"07:43, 17:17",9.57,1.5,7.5,7.5,0.0,0.0,7.5,NORMAL,False,
12.09.2026,12,Cumartesi,25657430024,00199,00199,KÜRŞAT TÜRKAN,BAKIM,KARACABEY,08:07,17:31,08:00,17:31,"08:07, 08:47, 10:09, 17:31",9.4,1.5,8.0,7.5,0.5,0.0,8.0,ÇOKLU_BASIM_MIN_MAX,True,"Çoklu Basım: İlk Giriş 08:07, Son Çıkış 17:31 (8,0s)"
12.09.2026,12,Cumartesi,99959615564,00200,00200,MAHMOUD ALZALEK,ELEKTRİK,SUSURLUK,20:04,08:01,00:00,08:01,"20:04, 08:01",11.95,0.5,7.5,7.5,0.0,0.0,7.5,NORMAL,False,
12.09.2026,12,Cumartesi,20458603738,00528,00528,MAHMURE ESEN,BALIK TEMİZLEME,HALİL DİĞRENCİ,08:13,18:55,08:00,18:55,"08:13, 18:55",10.7,1.5,9.5,7.5,2.0,0.0,9.5,NORMAL,False,
12.09.2026,12,Cumartesi,29749160806,00104,00104,MAHİR HİLMİ ULUKÖK,YENİ BALIK HATTI,SUSURLUK,08:01,19:48,08:00,19:48,"08:01, 19:48",11.78,1.5,10.0,7.5,2.5,0.0,10.0,NORMAL,False,
12.09.2026,12,Cumartesi,,01387,01387,MEHMET EMİN BATUR,,HALİL DİĞRENCİ,08:14,20:01,08:00,20:01,"08:14, 20:01",11.78,1.5,10.5,7.5,3.0,0.0,10.5,NORMAL,False,
12.09.2026,12,Cumartesi,13876724772,00500,00500,MEHMET KARTAL,AMBAR,SUSURLUK,07:37,17:04,08:00,17:04,"07:37, 17:04",9.45,1.5,7.5,7.5,0.0,0.0,7.5,NORMAL,False,
12.09.2026,12,Cumartesi,,01386,01386,MENEKŞE DURMAN,,HALİL DİĞRENCİ,08:15,20:03,08:00,20:03,"08:15, 20:03",11.8,1.5,10.5,7.5,3.0,0.0,10.5,NORMAL,False,
12.09.2026,12,Cumartesi,28027546004,00112,00112,MESUT ERDEL,BAKIM,SUSURLUK,08:20,17:36,08:00,17:36,"08:20, 17:36",9.27,1.5,8.0,7.5,0.5,0.0,8.0,NORMAL,False,
12.09.2026,12,Cumartesi,99248627704,00005,00005,MHD BASSEL ALZALEK,ELEKTRİK,SUSURLUK,07:32,20:22,08:00,20:22,"07:32, 20:22",12.83,1.5,10.5,7.5,3.0,0.0,10.5,NORMAL,False,
12.09.2026,12,Cumartesi,99347757876,00116,00116,MUHAMMED SAMİH SERHAN,AMBAR,GÖBEL,08:20,17:02,08:00,17:02,"08:20, 17:02",8.7,1.5,7.5,7.5,0.0,0.0,7.5,NORMAL,False,
12.09.2026,12,Cumartesi,23329391024,00514,00514,MUKATDES KARAMANOĞLU,BALIK TEMİZLEME,BALIKESİR,07:52,18:52,08:00,18:52,"07:52, 18:52",11.0,1.5,9.5,7.5,2.0,0.0,9.5,NORMAL,False,
12.09.2026,12,Cumartesi,15205679746,00572,00572,MURAT YONSUL,AMBAR,GÖBEL,07:41,23:10,08:00,23:10,"07:41, 23:10",15.48,1.5,13.5,7.5,6.0,0.0,13.5,NORMAL,False,
12.09.2026,12,Cumartesi,25621221832,00118,00118,MUSTAFA KAYA,İŞLETME,MKP,07:36,18:13,08:00,18:13,"07:36, 18:13",10.62,1.5,8.5,7.5,1.0,0.0,8.5,NORMAL,False,
12.09.2026,12,Cumartesi,,01373,01373,MUSTAFA KURT,,HALİL DİĞRENCİ,07:37,17:04,08:00,17:04,"07:37, 17:04",9.45,1.5,7.5,7.5,0.0,0.0,7.5,NORMAL,False,
12.09.2026,12,Cumartesi,21976553468,00234,00234,MÜCAHİT ÇOLAK,BALIK TEMİZLEME,KARACABEY,07:42,18:57,08:00,18:57,"07:42, 18:57",11.25,1.5,9.5,7.5,2.0,0.0,9.5,NORMAL,False,
12.09.2026,12,Cumartesi,33124024560,00120,00120,MÜZEYYEN ERDİNÇ,BALIK TEMİZLEME,BALIKESİR,07:52,18:55,08:00,18:55,"07:52, 18:55",11.05,1.5,9.5,7.5,2.0,0.0,9.5,NORMAL,False,
12.09.2026,12,Cumartesi,12556753194,00235,00235,NACİYE KARABULUT,BALIK TEMİZLEME,BALIKESİR,07:53,18:51,08:00,18:51,"07:53, 18:51",10.97,1.5,9.5,7.5,2.0,0.0,9.5,NORMAL,False,
12.09.2026,12,Cumartesi,16324748870,01178,01178,NAZMİYE ÇELİK,BALIK TEMİZLEME,GÜVEN MUSTAFAKEMALPAŞA,07:57,18:56,08:00,18:56,"07:57, 18:56",10.98,1.5,9.5,7.5,2.0,0.0,9.5,NORMAL,False,
12.09.2026,12,Cumartesi,28510235804,00121,00121,NAİL AKSOY,ŞÖFÖR,SUSURLUK,12:13,19:36,12:13,19:36,"12:13, 19:36",7.38,0.5,7.0,7.0,0.0,0.0,7.0,NORMAL,False,
12.09.2026,12,Cumartesi,38710924712,00887,00887,NECLA ABİ,BALIK TEMİZLEME,GÜVEN TURİZM,07:36,18:58,08:00,18:58,"07:36, 18:58",11.37,1.5,9.5,7.5,2.0,0.0,9.5,NORMAL,False,
12.09.2026,12,Cumartesi,24031385950,00380,00380,NECMİ SEVER,MEYDAN,GÖBEL,07:54,17:12,08:00,17:12,"07:54, 17:12",9.3,1.5,7.5,7.5,0.0,0.0,7.5,NORMAL,False,
12.09.2026,12,Cumartesi,21991561554,00930,00930,NECMİYE ÜÜLKER,BALIK TEMİZLEME,GÜVEN MUSTAFAKEMALPAŞA,07:57,18:51,08:00,18:51,"07:57, 18:51",10.9,1.5,9.5,7.5,2.0,0.0,9.5,NORMAL,False,
12.09.2026,12,Cumartesi,54874132756,00974,00974,NECİFE BAĞ,BALIK TEMİZLEME,KARACABEY,07:41,18:58,08:00,18:58,"07:41, 18:58",11.28,1.5,9.5,7.5,2.0,0.0,9.5,NORMAL,False,
12.09.2026,12,Cumartesi,14452686422,00371,00371,NESRİN GÜZEL,BALIK TEMİZLEME,BALIKESİR,07:52,18:50,08:00,18:50,"07:52, 18:50",10.97,1.5,9.5,7.5,2.0,0.0,9.5,NORMAL,False,
12.09.2026,12,Cumartesi,17902565544,00128,00128,NURAY AVCI,YEMEKHANE,BALIKESİR,07:53,18:49,08:00,18:49,"07:53, 18:49",10.93,1.5,9.0,7.5,1.5,0.0,9.0,NORMAL,False,
12.09.2026,12,Cumartesi,25970637896,00129,00129,NURAY ELİSÇIKIŞ,AMBAR,BALIKESİR,07:52,18:50,08:00,18:50,"07:52, 18:50",10.97,1.5,9.5,7.5,2.0,0.0,9.5,NORMAL,False,
12.09.2026,12,Cumartesi,38449011448,01040,01040,NURAY LAÇİN,ÜRETİM,GÜVEN MUSTAFAKEMALPAŞA,07:57,18:51,08:00,18:51,"07:57, 18:51",10.9,1.5,9.5,7.5,2.0,0.0,9.5,NORMAL,False,
12.09.2026,12,Cumartesi,21478446602,00236,00236,NURCAN EREN,BALIK TEMİZLEME,BALIKESİR,07:53,18:51,08:00,18:51,"07:53, 18:51",10.97,1.5,9.5,7.5,2.0,0.0,9.5,NORMAL,False,
12.09.2026,12,Cumartesi,15736612786,01352,01352,NURGÜL ADIGÜL,ÜRETİM,BİGADİÇ,15:49,00:03,15:49,00:03,"15:49, 00:03",8.23,0.5,7.5,7.5,0.0,0.0,7.5,NORMAL,False,
12.09.2026,12,Cumartesi,13318692676,01064,01064,NURGÜL PARLAS,ÜRETİM,BİGADİÇ,15:49,00:04,15:49,00:04,"15:49, 00:04",8.25,0.5,7.5,7.5,0.0,0.0,7.5,NORMAL,False,
12.09.2026,12,Cumartesi,22186447318,00137,00137,NURTEN CAN,ÜRETİM,SUSURLUK TUR-REŞAT,07:37,17:04,08:00,17:04,"07:37, 17:04",9.45,1.5,7.5,7.5,0.0,0.0,7.5,NORMAL,False,
12.09.2026,12,Cumartesi,27289383990,00931,00931,NURTEN ERDEM,BALIK TEMİZLEME,GÜVEN MUSTAFAKEMALPAŞA,07:57,18:57,08:00,18:57,"07:57, 18:57",11.0,1.5,9.5,7.5,2.0,0.0,9.5,NORMAL,False,
12.09.2026,12,Cumartesi,13420739290,00003,00003,NURİ GÜLSER,KAPI GÖREVLİSİ,GÖBEL,07:45,16:09,08:00,16:09,"07:45, 16:09",8.4,0.5,7.5,7.5,0.0,0.0,7.5,NORMAL,False,
12.09.2026,12,Cumartesi,52996654668,00237,00237,NURİYE AKKUŞ,BALIK TEMİZLEME,BANDIRMA,07:44,18:56,08:00,18:56,"07:44, 18:56",11.2,1.5,9.5,7.5,2.0,0.0,9.5,NORMAL,False,
12.09.2026,12,Pazar,13189854302,00006,00006,OZAN BUĞA,BAKIM,MKP,00:02,08:05,00:00,08:05,"00:02, 08:05",8.05,0.5,7.5,7.5,0.0,0.0,7.5,NORMAL,False,
12.09.2026,12,Cumartesi,24022385860,01316,01316,RECEP İÇÖZ,MEYDAN,GÖBEL,07:42,16:58,08:00,16:58,"07:42, 16:58",9.27,1.5,7.5,7.5,0.0,0.0,7.5,NORMAL,False,
12.09.2026,12,Cumartesi,28108249688,00146,00146,RIDVAN DEMİRDAK,ŞÖFÖR,GÖBEL,23:47,-,23:47,08:00,23:47,7.5,0.5,7.5,7.5,0.0,0.0,7.5,GECE_TEK_BASIM,True,"Gece Basımı: 23:47 | Tek Basım (7,5s yazıldı)"
12.09.2026,12,Cumartesi,,01071,01071,ROJDA DAĞ,,SÇEVİKAT ÇELİK,19:53,07:56,20:00,07:56,"19:53, 07:56",12.05,0.5,11.5,3.5,8.0,0.0,11.5,NORMAL,False,
12.09.2026,12,Cumartesi,31027151864,00147,00147,SABİHA GİRGİN,ÜRETİM,SUSURLUK TUR-REŞAT,07:37,17:05,08:00,17:05,"07:37, 17:05",9.47,1.5,7.5,7.5,0.0,0.0,7.5,NORMAL,False,
12.09.2026,12,Cumartesi,33640164108,01130,01130,SAMET YUMİTKEN,ÜRETİM,HALİL DİĞRENCİ,08:12,20:06,08:00,20:06,"08:12, 20:06",11.9,1.5,10.5,7.5,3.0,0.0,10.5,NORMAL,False,
12.09.2026,12,Cumartesi,30373124058,00149,00149,SANİYE CEYLAN,AMBAR,BİGADİÇ,07:35,17:06,08:00,17:06,"07:35, 17:06",9.52,1.5,7.5,7.5,0.0,0.0,7.5,NORMAL,False,
12.09.2026,12,Cumartesi,11248811624,00009,00009,SELAHATTİN SÖĞÜT,ŞÖFÖR,GÖBEL,07:52,08:38,08:00,08:38,"07:52, 12:22, 23:35, 08:38",0.77,0.0,0.5,0.5,0.0,0.0,0.5,ÇOKLU_BASIM_MIN_MAX,True,"Çoklu Basım: İlk Giriş 07:52, Son Çıkış 08:38 (0,5s)"
12.09.2026,12,Cumartesi,19723478966,01069,01069,SELMA AYHAN,ÜRETİM,BİGADİÇ,15:49,00:02,15:49,00:02,"15:49, 00:02",8.22,0.5,7.5,7.5,0.0,0.0,7.5,NORMAL,False,
12.09.2026,12,Cumartesi,49369567458,00559,00559,SELMA TUNÇ,BALIK TEMİZLEME,BALIKESİR,07:52,18:51,08:00,18:51,"07:52, 18:51",10.98,1.5,9.5,7.5,2.0,0.0,9.5,NORMAL,False,
12.09.2026,12,Cumartesi,33451458564,01227,01227,SELMATA ANIK,ÜRETİM,HALİL DİĞRENCİ,19:54,07:56,20:00,07:56,"19:54, 07:56",12.03,0.5,11.5,3.5,8.0,0.0,11.5,NORMAL,False,
12.09.2026,12,Cumartesi,,01371,01371,SELİM KIRAY,,GÜVEN MUSTAFAKEMALPAŞA,09:46,19:57,09:30,19:57,"09:46, 19:57",10.18,1.5,9.0,6.0,3.0,0.0,9.0,NORMAL,False,
12.09.2026,12,Cumartesi,19633628390,01279,01279,SERAP KURUMLU,BALIK TEMİZLEME,GÜVEN MUSTAFAKEMALPAŞA,07:57,18:56,08:00,18:56,"07:57, 18:56",10.98,1.5,9.5,7.5,2.0,0.0,9.5,NORMAL,False,
12.09.2026,12,Cumartesi,24136488860,01007,01007,SEREN BURHAN,BALIK TEMİZLEME,GÜVEN MUSTAFAKEMALPAŞA,07:57,18:59,08:00,18:59,"07:57, 18:59",11.03,1.5,9.5,7.5,2.0,0.0,9.5,NORMAL,False,
12.09.2026,12,Cumartesi,16231745504,01129,01129,SERKAN YUMİTKEN,ÜRETİM,HALİL DİĞRENCİ,08:12,20:07,08:00,20:07,"08:12, 20:05, 20:07",11.92,1.5,10.5,7.5,3.0,0.0,10.5,ÇOKLU_BASIM_MIN_MAX,True,"Çoklu Basım: İlk Giriş 08:12, Son Çıkış 20:07 (10,5s)"
12.09.2026,12,Cumartesi,13696829374,01361,01361,SERPİL İİPEK,,HALİL DİĞRENCİ,19:54,07:57,20:00,07:57,"19:54, 07:57",12.05,0.5,11.5,3.5,8.0,0.0,11.5,NORMAL,False,
12.09.2026,12,Cumartesi,13498698468,00165,00165,SEVGİ AYCAN,BALIK TEMİZLEME,BANDIRMA,07:44,18:57,08:00,18:57,"07:44, 18:57",11.22,1.5,9.5,7.5,2.0,0.0,9.5,NORMAL,False,
12.09.2026,12,Cumartesi,17611699134,00884,00884,SEVİLAY DÖNMEZ,BALIK TEMİZLEME,GÜVEN TURİZM,07:36,18:59,08:00,18:59,"07:36, 18:59",11.38,1.5,9.5,7.5,2.0,0.0,9.5,NORMAL,False,
12.09.2026,12,Cumartesi,29200163070,01066,01066,SEZGİN YILDIRIM,ÜRETİM,BİGADİÇ,15:49,00:04,15:49,00:04,"15:49, 00:04",8.25,0.5,7.5,7.5,0.0,0.0,7.5,NORMAL,False,
12.09.2026,12,Cumartesi,01370,01370,01370,SEZGİN İRGÖREN,DİĞER,GÜVEN MUSTAFAKEMALPAŞA,09:46,19:57,09:30,19:57,"09:46, 19:57",10.18,1.5,9.0,6.0,3.0,0.0,9.0,NORMAL,False,
12.09.2026,12,Cumartesi,55963096430,00240,00240,SULTAN BAĞ,BALIK TEMİZLEME,KARACABEY,07:42,18:58,08:00,18:58,"07:42, 18:58",11.27,1.5,9.5,7.5,2.0,0.0,9.5,NORMAL,False,
12.09.2026,12,Cumartesi,42014033940,01072,01072,SÇEVİKAT ÇELİK,ÜRETİM,SÇEVİKAT ÇELİK,19:53,08:17,20:00,08:17,"19:53, 08:17",12.4,0.5,11.5,3.5,8.0,0.0,11.5,NORMAL,False,
12.09.2026,12,Cumartesi,10582783284,00170,00170,SİBEL ÇÇAKIR,ÜRETİM,BİGADİÇ,15:49,00:03,15:49,00:03,"15:49, 00:03",8.23,0.5,7.5,7.5,0.0,0.0,7.5,NORMAL,False,
12.09.2026,12,Cumartesi,29761139378,01038,01038,TALHA YAVAŞ,KALİTE,BANDIRMA,23:14,09:10,00:00,09:10,"23:14, 09:10",9.93,0.5,8.5,7.5,1.0,0.0,8.5,NORMAL,False,
12.09.2026,12,Cumartesi,10705928394,00976,00976,TAYFUN GÜNCÜ,BALIK TEMİZLEME,HALİL DİĞRENCİ,08:13,18:55,08:00,18:55,"08:13, 18:55",10.7,1.5,9.5,7.5,2.0,0.0,9.5,NORMAL,False,
12.09.2026,12,Cumartesi,32938871292,00183,00183,TAYFUN ÇELİK,MEYDAN,MKP,07:45,18:59,08:00,18:59,"07:45, 18:59",11.23,1.5,9.5,7.5,2.0,0.0,9.5,NORMAL,False,
12.09.2026,12,Cumartesi,30925156292,00501,00501,TUNCAY METİN,KAPI GÖREVLİSİ,SUSURLUK,23:46,08:03,00:00,08:03,"23:46, 08:03",8.28,0.5,7.5,7.5,0.0,0.0,7.5,NORMAL,False,
12.09.2026,12,Cumartesi,14701796544,00582,00582,YUSUF SAMAR,MUHASEBE,KARACABEY,07:43,18:53,08:00,18:53,"07:43, 18:53",11.17,1.5,9.5,7.5,2.0,0.0,9.5,NORMAL,False,
12.09.2026,12,Cumartesi,10528936408,01364,01364,YUSUF ÇETİN,,HALİL DİĞRENCİ,08:13,20:03,08:00,20:03,"08:13, 20:03",11.83,1.5,10.5,7.5,3.0,0.0,10.5,NORMAL,False,
12.09.2026,12,Cumartesi,31861120316,00191,00191,ZAHİDE GÜRBÜZ,BALIK TEMİZLEME,BALIKESİR,07:53,18:52,08:00,18:52,"07:53, 18:52",10.98,1.5,9.5,7.5,2.0,0.0,9.5,NORMAL,False,
12.09.2026,12,Cumartesi,27560597764,01048,01048,ZAHİDE HAĞİ,BALIK TEMİZLEME,HALİL DİĞRENCİ,08:13,18:58,08:00,18:58,"08:13, 18:58",10.75,1.5,9.5,7.5,2.0,0.0,9.5,NORMAL,False,
12.09.2026,12,Cumartesi,31552110794,00935,00935,ZAHİDE KALDEMİR,BALIK TEMİZLEME,GÜVEN MUSTAFAKEMALPAŞA,07:57,18:59,08:00,18:59,"07:57, 18:59",11.03,1.5,9.5,7.5,2.0,0.0,9.5,NORMAL,False,
12.09.2026,12,Cumartesi,22249543988,00192,00192,ZAHİDE NEDİRLİ,KALİTE,KARACABEY,07:41,16:50,08:00,16:50,"07:41, 16:50",9.15,1.5,7.5,7.5,0.0,0.0,7.5,NORMAL,False,
12.09.2026,12,Cumartesi,10820807680,01097,01097,ZEHRA ONUK,ÜRETİM,HALİL DİĞRENCİ,08:11,18:53,08:00,18:53,"08:11, 18:53",10.7,1.5,9.5,7.5,2.0,0.0,9.5,NORMAL,False,
12.09.2026,12,Cumartesi,14047825472,00937,00937,ZELİHA ORUÇ,BALIK TEMİZLEME,GÜVEN MUSTAFAKEMALPAŞA,07:57,18:56,08:00,18:56,"07:57, 18:56",10.98,1.5,9.5,7.5,2.0,0.0,9.5,NORMAL,False,
12.09.2026,12,Cumartesi,24289352612,00244,00244,ZEYNEP KARAMAN,BALIK TEMİZLEME,BALIKESİR,07:52,18:50,08:00,18:50,"07:52, 18:50",10.97,1.5,9.5,7.5,2.0,0.0,9.5,NORMAL,False,
12.09.2026,12,Cumartesi,33742169780,00246,00246,ZEYNEP KURT,BALIK DOLUM,MKP,09:46,19:57,09:30,19:57,"09:46, 19:57",10.18,1.5,9.0,6.0,5.0,2.0,11.0,BÖLÜM_PRİMLİ,False,"Balık Dolum ve Kesim Primi: Fiili 9,0s -> Bonuslu 11,0s (+2,0s Prim)"
12.09.2026,12,Cumartesi,22319750032,00782,00782,ÇİDEM FİDAN,BALIK TEMİZLEME,BANDIRMA,07:44,18:57,08:00,18:57,"07:44, 18:57",11.22,1.5,9.5,7.5,2.0,0.0,9.5,NORMAL,False,
12.09.2026,12,Cumartesi,17749594400,00033,00033,ÇİSEM BÇAKIR,KALİTE,SUSURLUK,16:00,23:58,16:00,23:58,"16:00, 23:58",7.97,0.5,7.5,7.5,0.0,0.0,7.5,NORMAL,False,
12.09.2026,12,Cumartesi,33037193346,01349,01349,ÖMÜR SEPETÇİ,ÜRETİM,GÜVEN MUSTAFAKEMALPAŞA,07:58,18:52,08:00,18:52,"07:58, 18:52",10.9,1.5,9.5,7.5,2.0,0.0,9.5,NORMAL,False,
12.09.2026,12,Cumartesi,27235386938,00139,00139,ÖMÜRLÜ FERİK,KAZAN,MKP,07:45,20:03,08:00,20:03,"07:45, 20:03",12.3,1.5,10.5,7.5,3.0,0.0,10.5,NORMAL,False,
12.09.2026,12,Cumartesi,12268777280,00185,00185,ÜMMÜ AYDOĞAN,ÜRETİM,SUSURLUK TUR-REŞAT,07:37,17:04,08:00,17:04,"07:37, 17:04",9.45,1.5,7.5,7.5,0.0,0.0,7.5,NORMAL,False,
12.09.2026,12,Cumartesi,57541044000,01195,01195,ÜMMÜGÜLSÜM BAĞ,BALIK TEMİZLEME,KARACABEY,07:42,18:58,08:00,18:58,"07:42, 18:58",11.27,1.5,9.5,7.5,2.0,0.0,9.5,NORMAL,False,
12.09.2026,12,Cumartesi,10198947728,00410,00410,ÜMİT BATIN TÜRKAN,BAKIM,KARACABEY,08:07,17:31,08:00,17:31,"08:07, 17:31",9.4,1.5,8.0,7.5,0.5,0.0,8.0,NORMAL,False,
12.09.2026,12,Cumartesi,37075059770,01350,01350,ÜVEYS SEPETÇİ,ÜRETİM,GÜVEN MUSTAFAKEMALPAŞA,07:58,18:52,08:00,18:52,"07:58, 18:52",10.9,1.5,9.5,7.5,2.0,0.0,9.5,NORMAL,False,
12.09.2026,12,Cumartesi,29515203096,00092,00092,İBÜŞRAHİM YILDIRIM,MEYDAN,MKP,07:32,20:00,08:00,20:00,"07:32, 20:00",12.47,1.5,10.5,7.5,3.0,0.0,10.5,NORMAL,False,
12.09.2026,12,Cumartesi,25060351046,00230,00230,İSMAİL İMİR,OTOKLAV OPERATÖRÜ,SUSURLUK,08:01,19:48,08:00,19:48,"08:01, 19:48",11.78,1.5,10.0,7.5,2.5,0.0,10.0,NORMAL,False,
12.09.2026,12,Cumartesi,13720827796,00176,00176,ŞADİ BAŞARICI,BAKIM,KARACABEY,13:01,00:09,13:01,00:09,"13:01, 00:09",11.13,0.5,7.5,7.5,0.0,0.0,7.5,NORMAL,False,
12.09.2026,12,Cumartesi,38233180558,00178,00178,ŞAKİR KARAKAŞ,AMBAR,BANDIRMA,07:47,18:52,08:00,18:52,"07:47, 18:52",11.08,1.5,9.5,7.5,2.0,0.0,9.5,NORMAL,False,
12.09.2026,12,Cumartesi,25192322242,00179,00179,ŞAYİKA KOPARAN,AMBAR,BİGADİÇ,07:35,17:06,08:00,17:06,"07:35, 17:06",9.52,1.5,7.5,7.5,0.0,0.0,7.5,NORMAL,False,
12.09.2026,12,Cumartesi,38240191356,01161,01161,ŞENGÜL ALEMİN,ÜRETİM,HALİL DİĞRENCİ,-,19:54,08:00,19:54,19:54,11.9,1.5,10.5,7.5,3.0,0.0,10.5,GİRİŞ_YOK_AKŞAM,True,"Çıkış: 19:54 | Giriş Basılmadı (08:00 başı ile 10,5s korundu)"
12.09.2026,12,Cumartesi,10255820520,00242,00242,ŞERBANE SARAN,BALIK TEMİZLEME,BALIKESİR,07:53,18:52,08:00,18:52,"07:53, 18:52",10.98,1.5,9.5,7.5,2.0,0.0,9.5,NORMAL,False,
12.09.2026,12,Cumartesi,,01384,01384,ŞEYMA İİPEK,,HALİL DİĞRENCİ,08:13,18:49,08:00,18:49,"08:13, 18:49",10.6,1.5,9.0,7.5,1.5,0.0,9.0,NORMAL,False,
13.09.2026,13,Pazar,23527501454,00583,00583,AHMET BEYHAN,BAKIM,KARACABEY,08:02,18:34,08:00,18:34,"08:02, 18:34",10.53,1.5,9.0,7.5,1.5,0.0,9.0,NORMAL,False,
13.09.2026,13,Pazar,21925456598,00830,00830,AHMET ÇÇAYLAK,AMBAR,BALIKESİR,08:10,16:14,08:00,16:14,"08:10, 16:14",8.07,0.5,7.5,7.5,0.0,0.0,7.5,NORMAL,False,
13.09.2026,13,Pazar,,01382,01382,ALİ BALTA,,HALİL DİĞRENCİ,07:58,20:03,08:00,20:03,"07:58, 20:03",12.08,1.5,10.5,7.5,3.0,0.0,10.5,NORMAL,False,
13.09.2026,13,Pazar,18394573482,00208,00208,ANIL DEMİRTAŞ,KONSERVE ÜRETİM ELEMANI,GÖBEL,15:45,00:04,15:45,00:04,"15:45, 00:04",8.32,0.5,7.5,7.5,0.0,0.0,7.5,NORMAL,False,
13.09.2026,13,Pazar,28336192374,00308,00308,ARZU KILA,AMBAR,BİGADİÇ,07:51,16:06,08:00,16:06,"07:51, 16:06",8.25,0.5,7.5,7.5,0.0,0.0,7.5,NORMAL,False,
13.09.2026,13,Pazar,11284759850,00018,00018,AYŞE ÇENECİOĞLU,AMBAR,BİGADİÇ,07:50,16:05,08:00,16:05,"07:50, 16:05",8.25,0.5,7.5,7.5,0.0,0.0,7.5,NORMAL,False,
13.09.2026,13,Pazar,25610607388,01353,01353,BAHAR FİDAN,ÜRETİM,SÇEVİKAT ÇELİK,19:47,07:55,19:30,07:55,"19:47, 07:55",12.13,0.5,12.0,4.0,12.0,4.0,16.0,BÖLÜM_PRİMLİ,False,"Üretim Primi: Fiili 12,0s -> Bonuslu 16,0s (+4,0s Prim)"
13.09.2026,13,Pazar,12496719380,01139,01139,BEDİA KAYMAZ,AMBAR,BİGADİÇ,07:51,16:15,08:00,16:15,"07:51, 16:15",8.4,0.5,7.5,7.5,0.0,0.0,7.5,NORMAL,False,
13.09.2026,13,Pazar,10201948476,01170,01170,BUKET DÖNMEZ,KALİTE,HALİL DİĞRENCİ,07:56,15:56,08:00,15:56,"07:56, 15:56",8.0,0.5,7.5,7.5,0.0,0.0,7.5,NORMAL,False,
13.09.2026,13,Pazar,33154180038,00031,00031,CEMALETTİN BEDİZCİ,BAKIM,KARACABEY,07:47,16:26,08:00,16:26,"07:47, 16:26",8.65,1.5,7.0,7.0,0.0,0.0,7.0,NORMAL,False,
13.09.2026,13,Pazar,23509358892,00386,00386,DÖNDÜ ŞAHİN,KALİTE,BANDIRMA,23:27,09:03,00:00,09:03,"23:27, 09:03",9.6,0.5,8.5,7.5,1.0,0.0,8.5,NORMAL,False,
13.09.2026,13,Pazar,29563469352,00563,00563,EDİP EKİNCİ,KAZAN,SUSURLUK,19:48,07:55,19:30,07:55,"19:48, 07:55",12.12,0.5,12.0,4.0,8.0,0.0,12.0,NORMAL,False,
13.09.2026,13,Pazar,14266711334,00037,00037,EFRAİM DUMAN,AMBAR,SUSURLUK,19:48,07:57,19:30,07:57,"19:48, 07:57",12.15,0.5,12.0,4.0,8.0,0.0,12.0,NORMAL,False,
13.09.2026,13,Pazar,20036722080,00039,00039,ELMAS OMAY,AMBAR,BALIKESİR,07:51,16:06,08:00,16:06,"07:51, 16:06",8.25,0.5,7.5,7.5,0.0,0.0,7.5,NORMAL,False,
13.09.2026,13,Pazar,31009103096,00204,00204,EMEL SANAN,AMBAR,BİGADİÇ,07:50,16:15,08:00,16:15,"07:50, 16:15",8.42,0.5,7.5,7.5,0.0,0.0,7.5,NORMAL,False,
13.09.2026,13,Pazar,12523718256,00043,00043,EMİNE BAYER,AMBAR,BİGADİÇ,07:50,16:05,08:00,16:05,"07:50, 16:05",8.25,0.5,7.5,7.5,0.0,0.0,7.5,NORMAL,False,
13.09.2026,13,Pazar,20503503198,00045,00045,EMİNE ÇAPAR,YEMEKHANE,GÖBEL,18:18,04:07,18:00,04:07,"18:18, 04:07",9.82,0.5,9.5,5.5,4.0,0.0,9.5,NORMAL,False,
13.09.2026,13,Pazar,10036852948,00046,00046,EMİRHAN MUTLU,BAKIM,GÖBEL,08:23,18:22,08:30,18:22,"08:23, 18:22",9.98,1.5,8.0,7.0,1.0,0.0,8.0,NORMAL,False,
13.09.2026,13,Pazar,29470204244,00007,00007,ENDER BİLBAY,KAPI GÖREVLİSİ,GÖBEL,15:58,00:01,15:58,00:01,"15:58, 00:01",8.05,0.5,7.5,7.5,0.0,0.0,7.5,NORMAL,False,
13.09.2026,13,Pazar,22260441248,00198,00198,ERSİN ESER,BAKIM,GÖBEL,19:54,07:55,20:00,07:55,"19:54, 07:55",12.02,0.5,11.5,3.5,8.0,0.0,11.5,NORMAL,False,
13.09.2026,13,Pazar,32986036254,00056,00056,FATMA ÇAM,ÜRETİM,BİGADİÇ,16:15,00:02,16:00,00:02,"16:15, 00:02",7.78,0.5,7.5,7.5,0.0,0.0,7.5,NORMAL,False,
13.09.2026,13,Pazar,31594082608,00057,00057,FATMA ÖZÇAM,ÜRETİM,BİGADİÇ,16:16,00:02,16:00,00:02,"16:16, 00:02",7.77,0.5,7.5,7.5,0.0,0.0,7.5,NORMAL,False,
13.09.2026,13,Pazar,24541318660,00065,00065,GÜLCAN BİLGİÇ,AMBAR,BİGADİÇ,07:50,16:05,08:00,16:05,"07:50, 16:05",8.25,0.5,7.5,7.5,0.0,0.0,7.5,NORMAL,False,
13.09.2026,13,Pazar,53689106020,00073,00073,GÜLSÜM GÖRGÜLÜ,AMBAR,BİGADİÇ,07:51,16:05,08:00,16:05,"07:51, 16:05",8.23,0.5,7.5,7.5,0.0,0.0,7.5,NORMAL,False,
13.09.2026,13,Pazar,10996768938,00071,00071,GÜLTEN GİDER,AMBAR,BİGADİÇ,07:50,16:06,08:00,16:06,"07:50, 16:06",8.27,0.5,7.5,7.5,0.0,0.0,7.5,NORMAL,False,
13.09.2026,13,Pazar,11593899780,00773,00773,GÜRAY PALA,BALIK KESİM,HALİL DİĞRENCİ,21:58,10:35,00:00,10:35,"21:58, 10:35",12.62,0.5,10.0,7.5,4.5,2.0,12.0,BÖLÜM_PRİMLİ,False,"Balık Dolum ve Kesim Primi: Fiili 10,0s -> Bonuslu 12,0s (+2,0s Prim)"
13.09.2026,13,Pazar,45823635220,01148,01148,HATİCE GÖLBAŞ,ÜRETİM,HALİL DİĞRENCİ,07:57,20:03,08:00,20:03,"07:57, 20:03",12.1,1.5,10.5,7.5,3.0,0.0,10.5,NORMAL,False,
13.09.2026,13,Pazar,31324091924,00084,00084,HATİCE KURT,ÜRETİM,BİGADİÇ,16:16,00:02,16:00,00:02,"16:16, 00:02",7.77,0.5,7.5,7.5,0.0,0.0,7.5,NORMAL,False,
13.09.2026,13,Pazar,10817807990,01096,01096,HATİCE ONUK,ÜRETİM,HALİL DİĞRENCİ,07:56,-,07:56,17:00,07:56,7.5,1.5,7.5,7.5,0.0,0.0,7.5,ÇIKIŞ_YOK_SABAH,True,"Giriş: 07:56 | Çıkış Basılmadı (Tam Gün 7,5s yazıldı)"
13.09.2026,13,Pazar,10156949566,01270,01270,HAYRİYE BEYİRKEN,ÜRETİM,HALİL DİĞRENCİ,07:57,-,07:57,17:00,07:57,7.5,1.5,7.5,7.5,0.0,0.0,7.5,ÇIKIŞ_YOK_SABAH,True,"Giriş: 07:57 | Çıkış Basılmadı (Tam Gün 7,5s yazıldı)"
13.09.2026,13,Pazar,49981303052,00093,00093,KADİR AZAR,AMBAR,KARACABEY,07:57,15:54,08:00,15:54,"07:57, 15:54",7.95,0.5,7.5,7.5,0.0,0.0,7.5,NORMAL,False,
13.09.2026,13,Pazar,27448226656,00095,00095,KAMİLE DAĞDÇELEN,AMBAR,BİGADİÇ,07:50,16:08,08:00,16:08,"07:50, 16:08",8.3,0.5,7.5,7.5,0.0,0.0,7.5,NORMAL,False,
13.09.2026,13,Pazar,33067084584,00097,00097,KEMAL DURMUŞ,İŞLETME,SUSURLUK,19:47,08:02,19:30,08:02,"19:47, 08:02",12.25,0.5,12.0,4.0,8.0,0.0,12.0,NORMAL,False,
13.09.2026,13,Pazar,25657430024,00199,00199,KÜRŞAT TÜRKAN,BAKIM,KARACABEY,08:01,18:34,08:00,18:34,"08:01, 18:34",10.55,1.5,9.0,7.5,1.5,0.0,9.0,NORMAL,False,
13.09.2026,13,Pazar,99959615564,00200,00200,MAHMOUD ALZALEK,ELEKTRİK,SUSURLUK,19:49,09:04,19:30,09:04,"19:49, 09:04",13.25,0.5,13.0,4.0,9.0,0.0,13.0,NORMAL,False,
13.09.2026,13,Pazar,13876724772,00500,00500,MEHMET KARTAL,AMBAR,SUSURLUK,07:39,16:22,08:00,16:22,"07:39, 16:22",8.72,0.5,7.5,7.5,0.0,0.0,7.5,NORMAL,False,
13.09.2026,13,Pazar,40483844500,01126,01126,MELİSA YILMAZ,ÜRETİM,HALİL DİĞRENCİ,07:57,20:03,08:00,20:03,"07:57, 20:03",12.1,1.5,10.5,7.5,3.0,0.0,10.5,NORMAL,False,
13.09.2026,13,Pazar,28027546004,00112,00112,MESUT ERDEL,BAKIM,SUSURLUK,08:29,18:32,08:30,18:32,"08:29, 18:32",10.05,1.5,8.5,7.0,1.5,0.0,8.5,NORMAL,False,
13.09.2026,13,Pazar,99248627704,00005,00005,MHD BASSEL ALZALEK,ELEKTRİK,SUSURLUK,07:31,19:52,08:00,19:52,"07:31, 19:52",12.35,1.5,10.5,7.5,3.0,0.0,10.5,NORMAL,False,
13.09.2026,13,Pazar,99347757876,00116,00116,MUHAMMED SAMİH SERHAN,AMBAR,GÖBEL,08:41,15:56,08:30,15:56,"08:41, 15:56",7.25,0.5,7.5,7.5,0.0,0.0,7.5,NORMAL,False,
13.09.2026,13,Pazar,15205679746,00572,00572,MURAT YONSUL,AMBAR,GÖBEL,07:43,00:09,08:00,00:09,"07:43, 00:09",16.43,1.5,14.5,7.5,7.0,0.0,14.5,NORMAL,False,
13.09.2026,13,Pazar,25621221832,00118,00118,MUSTAFA KAYA,İŞLETME,MKP,08:29,20:04,08:30,20:04,"08:29, 20:04",11.58,1.5,10.0,7.0,3.0,0.0,10.0,NORMAL,False,
13.09.2026,13,Pazar,13420739290,00003,00003,NURİ GÜLSER,KAPI GÖREVLİSİ,GÖBEL,07:52,16:02,08:00,16:02,"07:52, 16:02",8.17,0.5,7.5,7.5,0.0,0.0,7.5,NORMAL,False,
13.09.2026,13,Pazartesi,13189854302,00006,00006,OZAN BUĞA,BAKIM,MKP,00:08,07:45,00:00,07:45,"00:08, 07:45",7.62,0.5,7.0,7.0,0.0,0.0,7.0,NORMAL,False,
13.09.2026,13,Pazar,29359208356,00145,00145,RAMAZAN KÜÇÜKÇÇAKIR,ŞÖFÖR,SUSURLUK,06:41,20:03,08:00,20:03,"06:41, 20:03",13.37,1.5,10.5,7.5,3.0,0.0,10.5,NORMAL,False,
13.09.2026,13,Pazar,24022385860,01316,01316,RECEP İÇÖZ,MEYDAN,GÖBEL,07:43,17:00,08:00,17:00,"07:43, 17:00",9.28,1.5,7.5,7.5,0.0,0.0,7.5,NORMAL,False,
13.09.2026,13,Pazartesi,28108249688,00146,00146,RIDVAN DEMİRDAK,ŞÖFÖR,GÖBEL,00:02,07:58,00:00,07:58,"00:02, 07:58",7.93,0.5,7.5,7.5,0.0,0.0,7.5,NORMAL,False,
13.09.2026,13,Pazar,34807027090,00536,00536,SABRİ ACAR,YENİ BALIK HATTI,SUSURLUK,23:51,07:57,00:00,07:57,"23:51, 07:57",8.1,0.5,7.5,7.5,0.0,0.0,7.5,NORMAL,False,
13.09.2026,13,Pazar,24178356332,00153,00153,SEHER ÖZDEN,YEMEKHANE,BALIKESİR,07:35,15:54,08:00,15:54,"07:35, 15:54",8.32,0.5,7.5,7.5,0.0,0.0,7.5,NORMAL,False,
13.09.2026,13,Pazar,11248811624,00009,00009,SELAHATTİN SÖĞÜT,ŞÖFÖR,GÖBEL,15:45,23:59,15:45,23:59,"15:45, 23:59",8.23,0.5,7.5,7.5,0.0,0.0,7.5,NORMAL,False,
13.09.2026,13,Pazar,19723478966,01069,01069,SELMA AYHAN,ÜRETİM,BİGADİÇ,16:15,00:02,16:00,00:02,"16:15, 00:02",7.78,0.5,7.5,7.5,0.0,0.0,7.5,NORMAL,False,
13.09.2026,13,Pazar,29200163070,01066,01066,SEZGİN YILDIRIM,ÜRETİM,BİGADİÇ,16:15,00:03,16:00,00:03,"16:15, 00:03",7.8,0.5,7.5,7.5,0.0,0.0,7.5,NORMAL,False,
13.09.2026,13,Pazar,10582783284,00170,00170,SİBEL ÇÇAKIR,ÜRETİM,BİGADİÇ,16:17,00:03,16:00,00:03,"16:17, 00:03",7.77,0.5,7.5,7.5,0.0,0.0,7.5,NORMAL,False,
13.09.2026,13,Pazar,29761139378,01038,01038,TALHA YAVAŞ,KALİTE,BANDIRMA,23:27,09:03,00:00,09:03,"23:27, 09:03",9.6,0.5,8.5,7.5,1.0,0.0,8.5,NORMAL,False,
13.09.2026,13,Pazar,30925156292,00501,00501,TUNCAY METİN,KAPI GÖREVLİSİ,SUSURLUK,23:46,08:01,00:00,08:01,"23:46, 08:01",8.25,0.5,7.5,7.5,0.0,0.0,7.5,NORMAL,False,
13.09.2026,13,Pazar,22249543988,00192,00192,ZAHİDE NEDİRLİ,KALİTE,KARACABEY,07:56,15:54,08:00,15:54,"07:56, 15:54",7.97,0.5,7.5,7.5,0.0,0.0,7.5,NORMAL,False,
13.09.2026,13,Pazar,10820807680,01097,01097,ZEHRA ONUK,ÜRETİM,HALİL DİĞRENCİ,07:56,15:55,08:00,15:55,"07:56, 15:55",7.98,0.5,7.5,7.5,0.0,0.0,7.5,NORMAL,False,
13.09.2026,13,Pazar,22498412394,00765,00765,ZEYNEP ONBAŞI,YEMEKHANE,BALIKESİR,07:35,15:54,08:00,15:54,"07:35, 15:54",8.32,0.5,7.5,7.5,0.0,0.0,7.5,NORMAL,False,
13.09.2026,13,Pazar,17749594400,00033,00033,ÇİSEM BÇAKIR,KALİTE,SUSURLUK,15:35,23:59,15:35,23:59,"15:35, 23:59",8.4,0.5,8.0,8.0,0.0,0.0,8.0,NORMAL,False,
13.09.2026,13,Pazar,27235386938,00139,00139,ÖMÜRLÜ FERİK,KAZAN,MKP,08:29,20:04,08:30,20:04,"08:29, 20:04",11.58,1.5,10.0,7.0,3.0,0.0,10.0,NORMAL,False,
13.09.2026,13,Pazar,10198947728,00410,00410,ÜMİT BATIN TÜRKAN,BAKIM,KARACABEY,08:01,18:34,08:00,18:34,"08:01, 18:34",10.55,1.5,9.0,7.5,1.5,0.0,9.0,NORMAL,False,
13.09.2026,13,Pazar,29515203096,00092,00092,İBÜŞRAHİM YILDIRIM,MEYDAN,MKP,08:29,20:04,08:30,20:04,"08:29, 20:04",11.58,1.5,10.0,7.0,3.0,0.0,10.0,NORMAL,False,
13.09.2026,13,Pazar,13720827796,00176,00176,ŞADİ BAŞARICI,BAKIM,KARACABEY,15:10,00:11,15:10,00:11,"15:10, 00:11",9.02,0.5,7.5,7.5,0.0,0.0,7.5,NORMAL,False,
13.09.2026,13,Pazar,25192322242,00179,00179,ŞAYİKA KOPARAN,AMBAR,BİGADİÇ,07:51,16:15,08:00,16:15,"07:51, 16:15",8.4,0.5,7.5,7.5,0.0,0.0,7.5,NORMAL,False,
14.09.2026,14,Pazartesi,18655664102,00011,00011,ADVİYE YARICI,BALIK TEMİZLEME,HALİL DİĞRENCİ,08:04,17:59,08:00,17:59,"08:04, 17:59",9.92,1.5,8.5,7.5,1.0,0.0,8.5,NORMAL,False,
14.09.2026,14,Pazartesi,44626409038,01113,01113,AHMET ALİ TÜRKMEN,ÜRETİM,BİGADİÇ,15:44,00:02,15:44,00:02,"15:44, 00:02",8.3,0.5,7.5,7.5,0.0,0.0,7.5,NORMAL,False,
14.09.2026,14,Pazartesi,23527501454,00583,00583,AHMET BEYHAN,BAKIM,KARACABEY,08:04,20:03,08:00,20:03,"08:04, 20:03",11.98,1.5,10.5,7.5,3.0,0.0,10.5,NORMAL,False,
14.09.2026,14,Pazartesi,21925456598,00830,00830,AHMET ÇÇAYLAK,AMBAR,BALIKESİR,07:44,17:04,08:00,17:04,"07:44, 17:04",9.33,1.5,7.5,7.5,0.0,0.0,7.5,NORMAL,False,
14.09.2026,14,Pazartesi,28123249472,00207,00207,AHMET ŞŞENER,MEYDAN,SUSURLUK,07:45,16:57,08:00,16:57,"07:45, 16:57",9.2,1.5,7.5,7.5,0.0,0.0,7.5,NORMAL,False,
14.09.2026,14,Pazartesi,16510742668,01154,01154,AKİF TÜRKÇÜ,BALIK TEMİZLİK,MKP,-,17:32,08:00,17:32,17:32,9.53,1.5,8.0,7.5,0.5,0.0,8.0,GİRİŞ_YOK_AKŞAM,True,"Çıkış: 17:32 | Giriş Basılmadı (08:00 başı ile 8,0s korundu)"
14.09.2026,14,Pazartesi,,01382,01382,ALİ BALTA,,HALİL DİĞRENCİ,08:06,20:02,08:00,20:02,"08:06, 20:02",11.93,1.5,10.5,7.5,3.0,0.0,10.5,NORMAL,False,
14.09.2026,14,Pazartesi,18394573482,00208,00208,ANIL DEMİRTAŞ,KONSERVE ÜRETİM ELEMANI,GÖBEL,16:02,23:54,16:00,23:54,"16:02, 23:54",7.87,0.5,7.5,7.5,0.0,0.0,7.5,NORMAL,False,
14.09.2026,14,Pazartesi,28033351500,01357,01357,ARZU ÖZTÜRK,BALIK TEMİZLEME,GÜVEN MUSTAFAKEMALPAŞA,08:00,18:03,08:00,18:03,"08:00, 18:03",10.05,1.5,8.5,7.5,1.0,0.0,8.5,NORMAL,False,
14.09.2026,14,Pazartesi,12572550074,00209,00209,ASYA TİLKİ,BALIK TEMİZLEME,KARACABEY,07:41,18:03,08:00,18:03,"07:41, 18:02, 18:03",10.37,1.5,8.5,7.5,1.0,0.0,8.5,ÇOKLU_BASIM_MIN_MAX,True,"Çoklu Basım: İlk Giriş 07:41, Son Çıkış 18:03 (8,5s)"
14.09.2026,14,Pazartesi,22426711476,00754,00754,AYNUR DEMİRCAN,BALIK TEMİZLEME,HALİL DİĞRENCİ,08:05,18:02,08:00,18:02,"08:05, 18:02",9.95,1.5,8.5,7.5,1.0,0.0,8.5,NORMAL,False,
14.09.2026,14,Pazartesi,01025,01025,01025,AYSEL GİRGİN,DİĞER,OSMAN ERDEM,-,17:56,08:00,17:56,17:56,9.93,1.5,8.5,7.5,1.0,0.0,8.5,GİRİŞ_YOK_AKŞAM,True,"Çıkış: 17:56 | Giriş Basılmadı (08:00 başı ile 8,5s korundu)"
14.09.2026,14,Pazartesi,13543834438,01145,01145,AYSEL ÇETİNTAŞ,ÜRETİM,HALİL DİĞRENCİ,08:05,20:04,08:00,20:04,"08:05, 20:04",11.98,1.5,10.5,7.5,3.0,0.0,10.5,NORMAL,False,
14.09.2026,14,Pazartesi,,01385,01385,AYÇA KARAMAN,,HALİL DİĞRENCİ,07:38,20:09,08:00,20:09,"07:38, 20:09",12.52,1.5,10.5,7.5,3.0,0.0,10.5,NORMAL,False,
14.09.2026,14,Pazartesi,24280352994,00214,00214,AYŞE KARAMAN,BALIK TEMİZLEME,BALIKESİR,07:47,17:54,08:00,17:54,"07:47, 17:54",10.12,1.5,8.5,7.5,1.0,0.0,8.5,NORMAL,False,
14.09.2026,14,Pazartesi,33253033204,00021,00021,AYŞE KURT,ÜRETİM,BİGADİÇ,15:45,00:01,15:45,00:01,"15:45, 00:01",8.27,0.5,7.5,7.5,0.0,0.0,7.5,NORMAL,False,
14.09.2026,14,Pazartesi,34120156552,00215,00215,AYŞE YILMAZ,BALIK DOLUM,MKP,09:46,19:44,09:30,19:44,"09:46, 19:44",9.97,1.5,8.5,6.0,4.5,2.0,10.5,BÖLÜM_PRİMLİ,False,"Balık Dolum ve Kesim Primi: Fiili 8,5s -> Bonuslu 10,5s (+2,0s Prim)"
14.09.2026,14,Pazartesi,11284759850,00018,00018,AYŞE ÇENECİOĞLU,AMBAR,BİGADİÇ,07:35,17:07,08:00,17:07,"07:35, 17:07",9.53,1.5,7.5,7.5,0.0,0.0,7.5,NORMAL,False,
14.09.2026,14,Pazartesi,25610607388,01353,01353,BAHAR FİDAN,ÜRETİM,SÇEVİKAT ÇELİK,20:00,07:53,00:00,07:53,"20:00, 07:53",11.88,0.5,7.5,7.5,0.0,0.0,7.5,NORMAL,False,
14.09.2026,14,Pazartesi,12496719380,01139,01139,BEDİA KAYMAZ,AMBAR,BİGADİÇ,07:35,17:12,08:00,17:12,"07:35, 17:12",9.62,1.5,7.5,7.5,0.0,0.0,7.5,NORMAL,False,
14.09.2026,14,Pazartesi,14725695762,00025,00025,BEHİCE YALMAN,BALIK DOLUM,GÖBEL,09:55,19:43,10:00,19:43,"09:55, 19:43",9.8,1.5,8.0,5.5,4.5,2.0,10.0,BÖLÜM_PRİMLİ,False,"Balık Dolum ve Kesim Primi: Fiili 8,0s -> Bonuslu 10,0s (+2,0s Prim)"
14.09.2026,14,Pazartesi,11206757414,00902,00902,BERK BERBER,ÇEVRE MÜHENDİSİ,BANDIRMA,08:20,17:22,08:00,17:22,"08:20, 17:22",9.03,1.5,7.5,7.5,0.0,0.0,7.5,NORMAL,False,
14.09.2026,14,Pazartesi,25297298992,00216,00216,BETÜL TUNÇ,BALIK TEMİZLEME,BANDIRMA,07:43,18:02,08:00,18:02,"07:43, 18:02",10.32,1.5,8.5,7.5,1.0,0.0,8.5,NORMAL,False,
14.09.2026,14,Pazartesi,36388061296,01284,01284,BUKET SARİBAL,BALIK TEMİZLEME,GÜVEN TURİZM,07:38,17:59,08:00,17:59,"07:38, 17:59",10.35,1.5,8.5,7.5,1.0,0.0,8.5,NORMAL,False,
14.09.2026,14,Pazartesi,11950763822,01348,01348,BİLGİYE TOPAL,BALIK TEMİZLEME,GÜVEN MUSTAFAKEMALPAŞA,08:00,17:57,08:00,17:57,"08:00, 17:56, 17:57",9.95,1.5,8.5,7.5,1.0,0.0,8.5,ÇOKLU_BASIM_MIN_MAX,True,"Çoklu Basım: İlk Giriş 08:00, Son Çıkış 17:57 (8,5s)"
14.09.2026,14,Pazartesi,16933572286,00030,00030,CANSEVER ÇÇAKMAK,AMBAR,BİGADİÇ,07:35,17:09,08:00,17:09,"07:35, 17:09",9.57,1.5,7.5,7.5,0.0,0.0,7.5,NORMAL,False,
14.09.2026,14,Pazartesi,33154180038,00031,00031,CEMALETTİN BEDİZCİ,BAKIM,KARACABEY,07:43,19:45,08:00,19:45,"07:43, 19:45",12.03,1.5,10.0,7.5,2.5,0.0,10.0,NORMAL,False,
14.09.2026,14,Pazartesi,17488585028,00217,00217,CEMİLE KARAN,BALIK TEMİZLEME,BALIKESİR,07:48,17:54,08:00,17:54,"07:48, 17:54",10.1,1.5,8.5,7.5,1.0,0.0,8.5,NORMAL,False,
14.09.2026,14,Pazartesi,16699736366,01330,01330,CEYLAN BATAN,BALIK TEMİZLEME,GÜVEN MUSTAFAKEMALPAŞA,08:00,18:03,08:00,18:03,"08:00, 18:03",10.05,1.5,8.5,7.5,1.0,0.0,8.5,NORMAL,False,
14.09.2026,14,Pazartesi,19313787324,00943,00943,CİHAN YILMAZ,BALIK,HALİL DİĞRENCİ,08:05,20:00,08:00,20:00,"08:05, 20:00",11.92,1.5,10.5,7.5,3.0,0.0,10.5,NORMAL,False,
14.09.2026,14,Pazartesi,,01378,01378,DEMİRHAN GÖKGÖZ,,HALİL DİĞRENCİ,07:39,20:04,08:00,20:04,"07:39, 20:04",12.42,1.5,10.5,7.5,3.0,0.0,10.5,NORMAL,False,
14.09.2026,14,Pazartesi,37525041782,00218,00218,DERYA SEVİNÇ,FORMEN,MKP,07:42,18:03,08:00,18:03,"07:42, 18:03",10.35,1.5,8.5,7.5,1.0,0.0,8.5,NORMAL,False,
14.09.2026,14,Pazartesi,24961035246,01098,01098,DUDU ÖRENGÜL,KALİTE,GÜVEN MUSTAFAKEMALPAŞA,07:59,19:48,08:00,19:48,"07:59, 19:48",11.82,1.5,10.0,7.5,2.5,0.0,10.0,NORMAL,False,
14.09.2026,14,Pazartesi,99848635024,00283,00283,DUHA EL MUFADDİ,BALIK TEMİZLEME,MKP,07:42,18:03,08:00,18:03,"07:42, 18:03",10.35,1.5,8.5,7.5,1.0,0.0,8.5,NORMAL,False,
14.09.2026,14,Pazartesi,23509358892,00386,00386,DÖNDÜ ŞAHİN,KALİTE,BANDIRMA,23:24,08:47,00:00,08:47,"23:24, 08:47",9.38,0.5,8.0,7.5,0.5,0.0,8.0,NORMAL,False,
14.09.2026,14,Pazartesi,10456937386,01362,01362,DİLEK ÇETİN,,HALİL DİĞRENCİ,08:04,17:13,08:00,17:13,"08:04, 17:13",9.15,1.5,7.5,7.5,0.0,0.0,7.5,NORMAL,False,
14.09.2026,14,Pazartesi,12562741222,00872,00872,EBRU ÖÖZALP,BALIK TEMİZLEME,BALIKESİR,07:47,17:57,08:00,17:57,"07:47, 17:57",10.17,1.5,8.5,7.5,1.0,0.0,8.5,NORMAL,False,
14.09.2026,14,Pazartesi,29563469352,00563,00563,EDİP EKİNCİ,KAZAN,SUSURLUK,19:56,07:55,20:00,07:55,"19:56, 07:55",11.98,0.5,11.5,3.5,8.0,0.0,11.5,NORMAL,False,
14.09.2026,14,Pazartesi,10066843626,00374,00374,EFE EVİM,AMBAR,BİGADİÇ,07:35,17:08,08:00,17:08,"07:35, 17:08",9.55,1.5,7.5,7.5,0.0,0.0,7.5,NORMAL,False,
14.09.2026,14,Pazartesi,14266711334,00037,00037,EFRAİM DUMAN,AMBAR,SUSURLUK,19:56,07:55,20:00,07:55,"19:56, 07:55",11.98,0.5,11.5,3.5,8.0,0.0,11.5,NORMAL,False,
14.09.2026,14,Pazartesi,16591633060,00038,00038,ELİF TUNÇ,KALİTE,BANDIRMA,07:50,17:15,08:00,17:15,"07:50, 17:15",9.42,1.5,7.5,7.5,0.0,0.0,7.5,NORMAL,False,
14.09.2026,14,Pazartesi,20266511430,00002,00002,ELİF YAVAŞ,MUHASEBE,SUSURLUK,08:00,17:02,08:00,17:02,"08:00, 17:02",9.03,1.5,7.5,7.5,0.0,0.0,7.5,NORMAL,False,
14.09.2026,14,Pazartesi,31009103096,00204,00204,EMEL SANAN,AMBAR,BİGADİÇ,07:34,17:12,08:00,17:12,"07:34, 17:12",9.63,1.5,7.5,7.5,0.0,0.0,7.5,NORMAL,False,
14.09.2026,14,Pazartesi,01377,01377,01377,EMRİCAN DURMAN,DİĞER,HALİL DİĞRENCİ,07:39,20:04,08:00,20:04,"07:39, 20:04",12.42,1.5,10.5,7.5,3.0,0.0,10.5,NORMAL,False,
14.09.2026,14,Pazartesi,20584476770,00219,00219,EMİNE ATEŞ,BALIK TEMİZLEME,BALIKESİR,07:47,17:55,08:00,17:55,"07:47, 17:55",10.13,1.5,8.5,7.5,1.0,0.0,8.5,NORMAL,False,
14.09.2026,14,Pazartesi,12523718256,00043,00043,EMİNE BAYER,AMBAR,BİGADİÇ,07:35,17:06,08:00,17:06,"07:35, 17:06",9.52,1.5,7.5,7.5,0.0,0.0,7.5,NORMAL,False,
14.09.2026,14,Pazartesi,16111749134,01300,01300,EMİNE KARAMAN,BALIK TEMİZLEME,HALİL DİĞRENCİ,08:05,18:00,08:00,18:00,"08:05, 18:00",9.92,1.5,8.5,7.5,1.0,0.0,8.5,NORMAL,False,
14.09.2026,14,Pazartesi,12379749978,00197,00197,EMİNE SARI,YEMEKHANE,BALIKESİR,07:49,17:48,08:00,17:48,"07:49, 17:48",9.98,1.5,8.0,7.5,0.5,0.0,8.0,NORMAL,False,
14.09.2026,14,Pazartesi,45328882280,00859,00859,EMİNE YAVUZ,BALIK TEMİZLEME,GÜVEN TURİZM,07:38,18:01,08:00,18:01,"07:38, 18:01",10.38,1.5,8.5,7.5,1.0,0.0,8.5,NORMAL,False,
14.09.2026,14,Pazartesi,20503503198,00045,00045,EMİNE ÇAPAR,YEMEKHANE,GÖBEL,19:11,04:19,19:00,04:19,"19:11, 04:19",9.13,0.5,8.5,4.5,4.0,0.0,8.5,NORMAL,False,
14.09.2026,14,Pazartesi,37030668238,01180,01180,EMİNE ŞENTÜRK CİNGÖZ,BALIK TEMİZLEME,GÜVEN TURİZM,07:38,18:04,08:00,18:04,"07:38, 18:04",10.43,1.5,8.5,7.5,1.0,0.0,8.5,NORMAL,False,
14.09.2026,14,Pazartesi,10036852948,00046,00046,EMİRHAN MUTLU,BAKIM,GÖBEL,08:08,17:22,08:00,17:22,"08:08, 17:22",9.23,1.5,7.5,7.5,0.0,0.0,7.5,NORMAL,False,
14.09.2026,14,Pazartesi,29470204244,00007,00007,ENDER BİLBAY,KAPI GÖREVLİSİ,GÖBEL,16:02,23:55,16:00,23:55,"16:02, 23:55",7.88,0.5,7.5,7.5,0.0,0.0,7.5,NORMAL,False,
14.09.2026,14,Pazartesi,98284188514,00293,00293,ENES ABDE,BALIK TEMİZLEME,MKP,07:42,18:03,08:00,18:03,"07:42, 18:03",10.35,1.5,8.5,7.5,1.0,0.0,8.5,NORMAL,False,
14.09.2026,14,Pazartesi,34795126850,01351,01351,ERCAN POLAT,BİLGİSAYAR MÜHENDİSİ,KARACABEY,07:41,18:00,08:00,18:00,"07:41, 18:00",10.32,1.5,8.5,7.5,1.0,0.0,8.5,NORMAL,False,
14.09.2026,14,Pazartesi,35581001238,00481,00481,ERCÜMENT AYGÜL,AMBAR,SUSURLUK,-,19:56,08:00,19:56,19:56,11.93,1.5,10.5,7.5,3.0,0.0,10.5,GİRİŞ_YOK_AKŞAM,True,"Çıkış: 19:56 | Giriş Basılmadı (08:00 başı ile 10,5s korundu)"
14.09.2026,14,Pazartesi,23131415628,00047,00047,ERDİN TETİK,MEYDAN,SUSURLUK,23:47,07:56,00:00,07:56,"23:47, 07:56",8.15,0.5,7.5,7.5,0.0,0.0,7.5,NORMAL,False,
14.09.2026,14,Pazartesi,22260441248,00198,00198,ERSİN ESER,BAKIM,GÖBEL,22:34,07:55,00:00,07:55,"22:34, 07:55",9.35,0.5,7.5,7.5,0.0,0.0,7.5,NORMAL,False,
14.09.2026,14,Pazartesi,11633067636,00221,00221,EİREMŞAH KIZILKAYA,BALIK DOLUM,GÖBEL,09:46,19:44,09:30,19:44,"09:46, 19:44",9.97,1.5,8.5,6.0,4.5,2.0,10.5,BÖLÜM_PRİMLİ,False,"Balık Dolum ve Kesim Primi: Fiili 8,5s -> Bonuslu 10,5s (+2,0s Prim)"
14.09.2026,14,Pazartesi,35183294274,00926,00926,FATMA DEMİRER,BALIK TEMİZLEME,GÜVEN MUSTAFAKEMALPAŞA,07:59,18:00,08:00,18:00,"07:59, 18:00",10.02,1.5,8.5,7.5,1.0,0.0,8.5,NORMAL,False,
14.09.2026,14,Pazartesi,32986036254,00056,00056,FATMA ÇAM,ÜRETİM,BİGADİÇ,15:44,00:03,15:44,00:03,"15:44, 00:03",8.32,0.5,7.5,7.5,0.0,0.0,7.5,NORMAL,False,
14.09.2026,14,Pazartesi,31594082608,00057,00057,FATMA ÖZÇAM,ÜRETİM,BİGADİÇ,15:45,00:02,15:45,00:02,"15:45, 00:02",8.28,0.5,7.5,7.5,0.0,0.0,7.5,NORMAL,False,
14.09.2026,14,Pazartesi,11890896888,00223,00223,FATMAGÜL ÇEKİ,BALIK DOLUM,MKP,09:46,19:45,09:30,19:45,"09:46, 19:45",9.98,1.5,8.5,6.0,4.5,2.0,10.5,BÖLÜM_PRİMLİ,False,"Balık Dolum ve Kesim Primi: Fiili 8,5s -> Bonuslu 10,5s (+2,0s Prim)"
14.09.2026,14,Pazartesi,21898406446,01065,01065,FERUDUN BAKAN,ÜRETİM,BİGADİÇ,15:44,00:01,15:44,00:01,"15:44, 00:01",8.28,0.5,7.5,7.5,0.0,0.0,7.5,NORMAL,False,
14.09.2026,14,Pazartesi,31933222184,00224,00224,FEVZİYE EREL,BALIK TEMİZLEME,HALİL DİĞRENCİ,08:05,17:58,08:00,17:58,"08:05, 17:58",9.88,1.5,8.5,7.5,1.0,0.0,8.5,NORMAL,False,
14.09.2026,14,Pazartesi,17431713232,00927,00927,FİSUN ETİLER,,GÜVEN MUSTAFAKEMALPAŞA,08:00,17:58,08:00,17:58,"08:00, 17:58",9.97,1.5,8.5,7.5,1.0,0.0,8.5,NORMAL,False,
14.09.2026,14,Pazartesi,33739783340,00739,00739,GURBET DUMAN,BALIK TEMİZLEME,HALİL DİĞRENCİ,08:05,18:03,08:00,18:03,"08:05, 18:03",9.97,1.5,8.5,7.5,1.0,0.0,8.5,NORMAL,False,
14.09.2026,14,Pazartesi,33379057108,00423,00423,GÜLAY GÜNDOĞDU,BALIK TEMİZLEME,BALIKESİR,07:47,17:55,08:00,17:55,"07:47, 17:55",10.13,1.5,8.5,7.5,1.0,0.0,8.5,NORMAL,False,
14.09.2026,14,Pazartesi,24541318660,00065,00065,GÜLCAN BİLGİÇ,AMBAR,BİGADİÇ,07:35,17:07,08:00,17:07,"07:35, 17:07",9.53,1.5,7.5,7.5,0.0,0.0,7.5,NORMAL,False,
14.09.2026,14,Pazartesi,15041774032,00882,00882,GÜLPERİ KALENDER,BALIK TEMİZLEME,BANDIRMA,07:43,18:03,08:00,18:03,"07:43, 18:03",10.33,1.5,8.5,7.5,1.0,0.0,8.5,NORMAL,False,
14.09.2026,14,Pazartesi,53689106020,00073,00073,GÜLSÜM GÖRGÜLÜ,AMBAR,BİGADİÇ,07:35,17:09,08:00,17:09,"07:35, 17:09",9.57,1.5,7.5,7.5,0.0,0.0,7.5,NORMAL,False,
14.09.2026,14,Pazartesi,45184908278,00226,00226,GÜLTEN DURMAZ,BALIK DOLUM,GÖBEL,09:46,19:43,09:30,19:43,"09:46, 19:43",9.95,1.5,8.5,6.0,4.5,2.0,10.5,BÖLÜM_PRİMLİ,False,"Balık Dolum ve Kesim Primi: Fiili 8,5s -> Bonuslu 10,5s (+2,0s Prim)"
14.09.2026,14,Pazartesi,10996768938,00071,00071,GÜLTEN GİDER,AMBAR,BİGADİÇ,07:35,17:08,08:00,17:08,"07:35, 17:08",9.55,1.5,7.5,7.5,0.0,0.0,7.5,NORMAL,False,
14.09.2026,14,Pazartesi,21010592606,01022,01022,GÜLÜMSER KARABIYIK,BALIK TEMİZLEME,GÜVEN MUSTAFAKEMALPAŞA,08:00,17:54,08:00,17:54,"08:00, 17:54",9.9,1.5,8.5,7.5,1.0,0.0,8.5,NORMAL,False,
14.09.2026,14,Pazartesi,11593899780,00773,00773,GÜRAY PALA,BALIK KESİM,HALİL DİĞRENCİ,18:53,07:44,19:00,07:44,"18:53, 07:44",12.85,0.5,12.0,4.5,9.5,2.0,14.0,BÖLÜM_PRİMLİ,False,"Balık Dolum ve Kesim Primi: Fiili 12,0s -> Bonuslu 14,0s (+2,0s Prim)"
14.09.2026,14,Pazartesi,22639531168,01078,01078,HAFİZE AVCIOĞLU,BALIK TEMİZLEME,GÜVEN TURİZM,07:37,17:59,08:00,17:59,"07:37, 17:59",10.37,1.5,8.5,7.5,1.0,0.0,8.5,NORMAL,False,
14.09.2026,14,Pazartesi,13708835836,01159,01159,HAMİT GİRGİN,BALIK TEMİZLEME,GÜVEN MUSTAFAKEMALPAŞA,07:59,18:03,08:00,18:03,"07:59, 18:03",10.07,1.5,8.5,7.5,1.0,0.0,8.5,NORMAL,False,
14.09.2026,14,Pazartesi,52240399666,01020,01020,HANDAN TOPTİK,ÜRETİM,HALİL DİĞRENCİ,08:08,20:00,08:00,20:00,"08:08, 20:00",11.87,1.5,10.5,7.5,3.0,0.0,10.5,NORMAL,False,
14.09.2026,14,Pazartesi,20290485820,01060,01060,HANİFE YILDIRIM,BALIK TEMİZLEME,BALIKESİR,07:47,17:57,08:00,17:57,"07:47, 17:57",10.17,1.5,8.5,7.5,1.0,0.0,8.5,NORMAL,False,
14.09.2026,14,Pazartesi,14779989510,00080,00080,HARUN YAHYA DURSUN,BALIK DOLUM,GÖBEL,13:19,21:29,13:19,21:29,"13:19, 21:29",8.17,0.5,7.5,7.5,2.0,2.0,9.5,BÖLÜM_PRİMLİ,False,"Balık Dolum ve Kesim Primi: Fiili 7,5s -> Bonuslu 9,5s (+2,0s Prim)"
14.09.2026,14,Pazartesi,32194063110,00574,00574,HATİCE ERBAŞ,AMBAR,BİGADİÇ,07:35,17:12,08:00,17:12,"07:35, 17:12",9.62,1.5,7.5,7.5,0.0,0.0,7.5,NORMAL,False,
14.09.2026,14,Pazartesi,45823635220,01148,01148,HATİCE GÖLBAŞ,ÜRETİM,HALİL DİĞRENCİ,08:06,20:02,08:00,20:02,"08:06, 20:02",11.93,1.5,10.5,7.5,3.0,0.0,10.5,NORMAL,False,
14.09.2026,14,Pazartesi,31324091924,00084,00084,HATİCE KURT,ÜRETİM,BİGADİÇ,15:44,00:02,15:44,00:02,"15:44, 00:02",8.3,0.5,7.5,7.5,0.0,0.0,7.5,NORMAL,False,
14.09.2026,14,Pazartesi,10817807990,01096,01096,HATİCE ONUK,ÜRETİM,HALİL DİĞRENCİ,08:04,17:05,08:00,17:05,"08:04, 17:05",9.02,1.5,7.5,7.5,0.0,0.0,7.5,NORMAL,False,
14.09.2026,14,Pazartesi,26002427744,00227,00227,HAVVA ALPER,BALIK DOLUM,MKP,09:46,19:46,09:30,19:46,"09:46, 19:46",10.0,1.5,8.5,6.0,4.5,2.0,10.5,BÖLÜM_PRİMLİ,False,"Balık Dolum ve Kesim Primi: Fiili 8,5s -> Bonuslu 10,5s (+2,0s Prim)"
14.09.2026,14,Pazartesi,26653281238,00228,00228,HAVVA BAYRAM,BALIK TEMİZLEME,BALIKESİR,07:47,17:55,08:00,17:55,"07:47, 17:55",10.13,1.5,8.5,7.5,1.0,0.0,8.5,NORMAL,False,
14.09.2026,14,Pazartesi,30367150308,00852,00852,HAYRULLAH TOPRAK,AMBAR,GÜVEN TURİZM,07:57,17:18,08:00,17:18,"07:57, 17:18",9.35,1.5,7.5,7.5,0.0,0.0,7.5,NORMAL,False,
14.09.2026,14,Pazartesi,11284916406,01143,01143,HÜLYA TANIŞ,BALIK TEMİZLEME,GÜVEN MUSTAFAKEMALPAŞA,08:00,17:56,08:00,17:56,"08:00, 17:56",9.93,1.5,8.5,7.5,1.0,0.0,8.5,NORMAL,False,
14.09.2026,14,Pazartesi,33289026430,00480,00480,HÜLYA TOPAL,AMBAR,BİGADİÇ,07:35,17:12,08:00,17:12,"07:35, 17:12",9.62,1.5,7.5,7.5,0.0,0.0,7.5,NORMAL,False,
14.09.2026,14,Pazartesi,30856107820,00091,00091,HÜLYA ÜÜNAL,AMBAR,BİGADİÇ,07:35,17:12,08:00,17:12,"07:35, 17:12",9.62,1.5,7.5,7.5,0.0,0.0,7.5,NORMAL,False,
14.09.2026,14,Pazartesi,23524501518,00231,00231,KADRİYE BEYHAN,BALIK TEMİZLEME,HALİL DİĞRENCİ,08:05,18:02,08:00,18:02,"08:05, 18:02",9.95,1.5,8.5,7.5,1.0,0.0,8.5,NORMAL,False,
14.09.2026,14,Pazartesi,49981303052,00093,00093,KADİR AZAR,AMBAR,KARACABEY,07:41,16:42,08:00,16:42,"07:41, 16:42",9.02,1.5,7.0,7.0,0.0,0.0,7.0,NORMAL,False,
14.09.2026,14,Pazartesi,27448226656,00095,00095,KAMİLE DAĞDÇELEN,AMBAR,BİGADİÇ,07:35,17:04,08:00,17:04,"07:35, 17:04",9.48,1.5,7.5,7.5,0.0,0.0,7.5,NORMAL,False,
14.09.2026,14,Pazartesi,99656887974,00294,00294,KEFA EL HUDUR,BALIK TEMİZLEME,MKP,07:42,18:03,08:00,18:03,"07:42, 18:03",10.35,1.5,8.5,7.5,1.0,0.0,8.5,NORMAL,False,
14.09.2026,14,Pazartesi,33067084584,00097,00097,KEMAL DURMUŞ,İŞLETME,SUSURLUK,19:56,08:00,20:00,08:00,"19:56, 08:00",12.07,0.5,11.5,3.5,8.0,0.0,11.5,NORMAL,False,
14.09.2026,14,Pazartesi,33397029286,01327,01327,KÜBÜŞRA ALTAY,SATIN ALMA,BANDIRMA,07:43,17:55,08:00,17:55,"07:43, 17:55",10.2,1.5,8.5,7.5,1.0,0.0,8.5,NORMAL,False,
14.09.2026,14,Pazartesi,25657430024,00199,00199,KÜRŞAT TÜRKAN,BAKIM,KARACABEY,08:15,18:28,08:00,18:28,"08:15, 18:28",10.22,1.5,9.0,7.5,1.5,0.0,9.0,NORMAL,False,
14.09.2026,14,Pazartesi,99959615564,00200,00200,MAHMOUD ALZALEK,ELEKTRİK,SUSURLUK,19:56,07:58,20:00,07:58,"19:56, 07:58",12.03,0.5,11.5,3.5,8.0,0.0,11.5,NORMAL,False,
14.09.2026,14,Pazartesi,29749160806,00104,00104,MAHİR HİLMİ ULUKÖK,YENİ BALIK HATTI,SUSURLUK,08:00,19:46,08:00,19:46,"08:00, 19:46",11.77,1.5,10.0,7.5,2.5,0.0,10.0,NORMAL,False,
14.09.2026,14,Pazartesi,,01387,01387,MEHMET EMİN BATUR,,HALİL DİĞRENCİ,07:38,20:02,08:00,20:02,"07:38, 20:02",12.4,1.5,10.5,7.5,3.0,0.0,10.5,NORMAL,False,
14.09.2026,14,Pazartesi,13876724772,00500,00500,MEHMET KARTAL,AMBAR,SUSURLUK,07:44,21:33,08:00,21:33,"07:44, 21:33",13.82,1.5,12.0,7.5,4.5,0.0,12.0,NORMAL,False,
14.09.2026,14,Pazartesi,40483844500,01126,01126,MELİSA YILMAZ,ÜRETİM,HALİL DİĞRENCİ,08:06,20:05,08:00,20:05,"08:06, 20:05",11.98,1.5,10.5,7.5,3.0,0.0,10.5,NORMAL,False,
14.09.2026,14,Pazartesi,30181166332,00233,00233,MEMNUNE KARAMAN,BALIK TEMİZLEME,BALIKESİR,07:47,17:57,08:00,17:57,"07:47, 17:57",10.17,1.5,8.5,7.5,1.0,0.0,8.5,NORMAL,False,
14.09.2026,14,Pazartesi,,01386,01386,MENEKŞE DURMAN,,HALİL DİĞRENCİ,07:39,20:03,08:00,20:03,"07:39, 20:03",12.4,1.5,10.5,7.5,3.0,0.0,10.5,NORMAL,False,
14.09.2026,14,Pazartesi,61984174392,01070,01070,MESERRET DAĞ,ÜRETİM,SÇEVİKAT ÇELİK,19:59,07:55,20:00,07:55,"19:59, 07:55",11.93,0.5,11.5,3.5,8.0,0.0,11.5,NORMAL,False,
14.09.2026,14,Pazartesi,28027546004,00112,00112,MESUT ERDEL,BAKIM,SUSURLUK,08:04,17:23,08:00,17:23,"08:04, 17:23",9.32,1.5,7.5,7.5,0.0,0.0,7.5,NORMAL,False,
14.09.2026,14,Pazartesi,25354441064,01264,01264,METANET DİNÇER,ÜRETİM,HALİL DİĞRENCİ,20:00,08:00,00:00,08:00,"20:00, 08:00",12.0,0.5,7.5,7.5,0.0,0.0,7.5,NORMAL,False,
14.09.2026,14,Pazartesi,99248627704,00005,00005,MHD BASSEL ALZALEK,ELEKTRİK,SUSURLUK,08:58,19:58,09:00,19:58,"08:58, 19:58",11.0,1.5,9.5,6.5,3.0,0.0,9.5,NORMAL,False,
14.09.2026,14,Pazartesi,23329391024,00514,00514,MUKATDES KARAMANOĞLU,BALIK TEMİZLEME,BALIKESİR,07:48,17:56,08:00,17:56,"07:48, 17:56",10.13,1.5,8.5,7.5,1.0,0.0,8.5,NORMAL,False,
14.09.2026,14,Pazartesi,15205679746,00572,00572,MURAT YONSUL,AMBAR,GÖBEL,07:55,22:50,08:00,22:50,"07:55, 22:50",14.92,1.5,13.5,7.5,6.0,0.0,13.5,NORMAL,False,
14.09.2026,14,Pazartesi,25621221832,00118,00118,MUSTAFA KAYA,İŞLETME,MKP,07:42,19:59,08:00,19:59,"07:42, 19:59",12.28,1.5,10.5,7.5,3.0,0.0,10.5,NORMAL,False,
14.09.2026,14,Pazartesi,,01373,01373,MUSTAFA KURT,,HALİL DİĞRENCİ,07:44,17:02,08:00,17:02,"07:44, 17:02",9.3,1.5,7.5,7.5,0.0,0.0,7.5,NORMAL,False,
14.09.2026,14,Pazartesi,21976553468,00234,00234,MÜCAHİT ÇOLAK,BALIK TEMİZLEME,KARACABEY,07:42,17:58,08:00,17:58,"07:42, 17:58",10.27,1.5,8.5,7.5,1.0,0.0,8.5,NORMAL,False,
14.09.2026,14,Pazartesi,31195265912,01056,01056,MÜRVET ÇAKAN,BALIK TEMİZLEME,HALİL DİĞRENCİ,08:06,17:59,08:00,17:59,"08:06, 17:59",9.88,1.5,8.5,7.5,1.0,0.0,8.5,NORMAL,False,
14.09.2026,14,Pazartesi,33124024560,00120,00120,MÜZEYYEN ERDİNÇ,BALIK TEMİZLEME,BALIKESİR,07:47,18:00,08:00,18:00,"07:47, 18:00",10.22,1.5,8.5,7.5,1.0,0.0,8.5,NORMAL,False,
14.09.2026,14,Pazartesi,12556753194,00235,00235,NACİYE KARABULUT,BALIK TEMİZLEME,BALIKESİR,07:48,17:56,08:00,17:56,"07:48, 17:56",10.13,1.5,8.5,7.5,1.0,0.0,8.5,NORMAL,False,
14.09.2026,14,Pazartesi,16324748870,01178,01178,NAZMİYE ÇELİK,BALIK TEMİZLEME,GÜVEN MUSTAFAKEMALPAŞA,07:59,18:03,08:00,18:03,"07:59, 18:03",10.07,1.5,8.5,7.5,1.0,0.0,8.5,NORMAL,False,
14.09.2026,14,Pazartesi,28510235804,00121,00121,NAİL AKSOY,ŞÖFÖR,SUSURLUK,16:02,23:56,16:00,23:56,"16:02, 23:56",7.9,0.5,7.5,7.5,0.0,0.0,7.5,NORMAL,False,
14.09.2026,14,Pazartesi,38710924712,00887,00887,NECLA ABİ,BALIK TEMİZLEME,GÜVEN TURİZM,07:38,18:02,08:00,18:02,"07:38, 18:02",10.4,1.5,8.5,7.5,1.0,0.0,8.5,NORMAL,False,
14.09.2026,14,Pazartesi,24031385950,00380,00380,NECMİ SEVER,MEYDAN,GÖBEL,07:51,16:59,08:00,16:59,"07:51, 16:59",9.13,1.5,7.5,7.5,0.0,0.0,7.5,NORMAL,False,
14.09.2026,14,Pazartesi,21991561554,00930,00930,NECMİYE ÜÜLKER,BALIK TEMİZLEME,GÜVEN MUSTAFAKEMALPAŞA,07:59,17:56,08:00,17:56,"07:59, 17:56",9.95,1.5,8.5,7.5,1.0,0.0,8.5,NORMAL,False,
14.09.2026,14,Pazartesi,54874132756,00974,00974,NECİFE BAĞ,BALIK TEMİZLEME,KARACABEY,07:42,18:03,08:00,18:03,"07:42, 18:03",10.35,1.5,8.5,7.5,1.0,0.0,8.5,NORMAL,False,
14.09.2026,14,Pazartesi,14452686422,00371,00371,NESRİN GÜZEL,BALIK TEMİZLEME,BALIKESİR,07:47,17:55,08:00,17:55,"07:47, 17:55",10.13,1.5,8.5,7.5,1.0,0.0,8.5,NORMAL,False,
14.09.2026,14,Pazartesi,17902565544,00128,00128,NURAY AVCI,YEMEKHANE,BALIKESİR,07:47,17:54,08:00,17:54,"07:47, 17:54",10.12,1.5,8.5,7.5,1.0,0.0,8.5,NORMAL,False,
14.09.2026,14,Pazartesi,38449011448,01040,01040,NURAY LAÇİN,ÜRETİM,GÜVEN MUSTAFAKEMALPAŞA,08:00,17:37,08:00,17:37,"08:00, 17:37",9.62,1.5,8.0,7.5,0.5,0.0,8.0,NORMAL,False,
14.09.2026,14,Pazartesi,21478446602,00236,00236,NURCAN EREN,BALIK TEMİZLEME,BALIKESİR,07:48,17:55,08:00,17:55,"07:48, 17:55",10.12,1.5,8.5,7.5,1.0,0.0,8.5,NORMAL,False,
14.09.2026,14,Pazartesi,15736612786,01352,01352,NURGÜL ADIGÜL,ÜRETİM,BİGADİÇ,15:44,00:03,15:44,00:03,"15:44, 00:03",8.32,0.5,7.5,7.5,0.0,0.0,7.5,NORMAL,False,
14.09.2026,14,Pazartesi,13318692676,01064,01064,NURGÜL PARLAS,ÜRETİM,BİGADİÇ,15:44,00:03,15:44,00:03,"15:44, 00:03",8.32,0.5,7.5,7.5,0.0,0.0,7.5,NORMAL,False,
14.09.2026,14,Pazartesi,22186447318,00137,00137,NURTEN CAN,ÜRETİM,SUSURLUK TUR-REŞAT,07:44,17:06,08:00,17:06,"07:44, 17:06",9.37,1.5,7.5,7.5,0.0,0.0,7.5,NORMAL,False,
14.09.2026,14,Pazartesi,27289383990,00931,00931,NURTEN ERDEM,BALIK TEMİZLEME,GÜVEN MUSTAFAKEMALPAŞA,07:59,18:02,08:00,18:02,"07:59, 18:02",10.05,1.5,8.5,7.5,1.0,0.0,8.5,NORMAL,False,
14.09.2026,14,Pazartesi,13420739290,00003,00003,NURİ GÜLSER,KAPI GÖREVLİSİ,GÖBEL,07:55,16:05,08:00,16:05,"07:55, 16:05",8.17,0.5,7.5,7.5,0.0,0.0,7.5,NORMAL,False,
14.09.2026,14,Pazartesi,52996654668,00237,00237,NURİYE AKKUŞ,BALIK TEMİZLEME,BANDIRMA,07:43,18:01,08:00,18:01,"07:43, 18:01",10.3,1.5,8.5,7.5,1.0,0.0,8.5,NORMAL,False,
14.09.2026,14,Pazartesi,13189854302,00006,00006,OZAN BUĞA,BAKIM,MKP,14:12,00:05,14:12,00:05,"14:12, 00:05",9.88,0.5,7.5,7.5,0.0,0.0,7.5,NORMAL,False,
14.09.2026,14,Pazartesi,29677146866,00238,00238,RABİYE ÇENECİOĞLU,BALIK TEMİZLEME,BALIKESİR,07:48,17:55,08:00,17:55,"07:48, 17:55",10.12,1.5,8.5,7.5,1.0,0.0,8.5,NORMAL,False,
14.09.2026,14,Pazartesi,29359208356,00145,00145,RAMAZAN KÜÇÜKÇÇAKIR,ŞÖFÖR,SUSURLUK,07:55,17:01,08:00,17:01,"07:55, 17:01",9.1,1.5,7.5,7.5,0.0,0.0,7.5,NORMAL,False,
14.09.2026,14,Pazartesi,24022385860,01316,01316,RECEP İÇÖZ,MEYDAN,GÖBEL,07:55,17:01,08:00,17:01,"07:55, 17:01",9.1,1.5,7.5,7.5,0.0,0.0,7.5,NORMAL,False,
14.09.2026,14,Pazartesi,28108249688,00146,00146,RIDVAN DEMİRDAK,ŞÖFÖR,GÖBEL,23:47,07:55,00:00,07:55,"23:47, 07:55",8.13,0.5,7.5,7.5,0.0,0.0,7.5,NORMAL,False,
14.09.2026,14,Pazartesi,,01071,01071,ROJDA DAĞ,,SÇEVİKAT ÇELİK,19:59,08:00,20:00,08:00,"19:59, 08:00",12.02,0.5,11.5,3.5,8.0,0.0,11.5,NORMAL,False,
14.09.2026,14,Pazartesi,16561742068,00842,00842,RUKİYE UZUN,BALIK TEMİZLEME,GÜVEN TURİZM,07:38,18:03,08:00,18:03,"07:38, 18:03",10.42,1.5,8.5,7.5,1.0,0.0,8.5,NORMAL,False,
14.09.2026,14,Pazartesi,34807027090,00536,00536,SABRİ ACAR,YENİ BALIK HATTI,SUSURLUK,23:58,07:50,00:00,07:50,"23:58, 07:50",7.87,0.5,7.5,7.5,0.0,0.0,7.5,NORMAL,False,
14.09.2026,14,Pazartesi,31027151864,00147,00147,SABİHA GİRGİN,ÜRETİM,SUSURLUK TUR-REŞAT,07:44,17:04,08:00,17:04,"07:44, 17:04",9.33,1.5,7.5,7.5,0.0,0.0,7.5,NORMAL,False,
14.09.2026,14,Pazartesi,33640164108,01130,01130,SAMET YUMİTKEN,ÜRETİM,HALİL DİĞRENCİ,08:06,20:00,08:00,20:00,"08:06, 12:05, 20:00",11.9,1.5,10.5,7.5,3.0,0.0,10.5,ÇOKLU_BASIM_MIN_MAX,True,"Çoklu Basım: İlk Giriş 08:06, Son Çıkış 20:00 (10,5s)"
14.09.2026,14,Pazartesi,30373124058,00149,00149,SANİYE CEYLAN,AMBAR,BİGADİÇ,07:35,17:08,08:00,17:08,"07:35, 17:08",9.55,1.5,7.5,7.5,0.0,0.0,7.5,NORMAL,False,
14.09.2026,14,Pazartesi,14164714154,00150,00150,SARA EROĞLU,AMBAR,BALIKESİR,07:46,17:07,08:00,17:07,"07:46, 17:07",9.35,1.5,7.5,7.5,0.0,0.0,7.5,NORMAL,False,
14.09.2026,14,Pazartesi,24178356332,00153,00153,SEHER ÖZDEN,YEMEKHANE,BALIKESİR,07:48,17:54,08:00,17:54,"07:48, 17:54",10.1,1.5,8.5,7.5,1.0,0.0,8.5,NORMAL,False,
14.09.2026,14,Pazartesi,11248811624,00009,00009,SELAHATTİN SÖĞÜT,ŞÖFÖR,GÖBEL,10:33,20:11,10:30,20:11,"10:33, 20:11",9.63,1.5,8.0,5.0,3.0,0.0,8.0,NORMAL,False,
14.09.2026,14,Pazartesi,19723478966,01069,01069,SELMA AYHAN,ÜRETİM,BİGADİÇ,15:44,00:02,15:44,00:02,"15:44, 00:02",8.3,0.5,7.5,7.5,0.0,0.0,7.5,NORMAL,False,
14.09.2026,14,Pazartesi,49369567458,00559,00559,SELMA TUNÇ,BALIK TEMİZLEME,BALIKESİR,07:47,17:57,08:00,17:57,"07:47, 17:57",10.17,1.5,8.5,7.5,1.0,0.0,8.5,NORMAL,False,
14.09.2026,14,Pazartesi,33451458564,01227,01227,SELMATA ANIK,ÜRETİM,HALİL DİĞRENCİ,20:00,08:00,00:00,08:00,"20:00, 08:00",12.0,0.5,7.5,7.5,0.0,0.0,7.5,NORMAL,False,
14.09.2026,14,Pazartesi,24136488860,01007,01007,SEREN BURHAN,BALIK TEMİZLEME,GÜVEN MUSTAFAKEMALPAŞA,07:59,18:03,08:00,18:03,"07:59, 18:03",10.07,1.5,8.5,7.5,1.0,0.0,8.5,NORMAL,False,
14.09.2026,14,Pazartesi,13498698468,00165,00165,SEVGİ AYCAN,BALIK TEMİZLEME,BANDIRMA,07:43,18:03,08:00,18:03,"07:43, 18:03",10.33,1.5,8.5,7.5,1.0,0.0,8.5,NORMAL,False,
14.09.2026,14,Pazartesi,17611699134,00884,00884,SEVİLAY DÖNMEZ,BALIK TEMİZLEME,GÜVEN TURİZM,07:38,18:04,08:00,18:04,"07:38, 18:04",10.43,1.5,8.5,7.5,1.0,0.0,8.5,NORMAL,False,
14.09.2026,14,Pazartesi,15250777510,01063,01063,SEZAİ ÇELİK,BALIK,HALİL DİĞRENCİ,08:05,17:19,08:00,17:19,"08:05, 17:19",9.23,1.5,7.5,7.5,0.0,0.0,7.5,NORMAL,False,
14.09.2026,14,Pazartesi,29200163070,01066,01066,SEZGİN YILDIRIM,ÜRETİM,BİGADİÇ,15:44,00:01,15:44,00:01,"15:44, 00:01",8.28,0.5,7.5,7.5,0.0,0.0,7.5,NORMAL,False,
14.09.2026,14,Pazartesi,01370,01370,01370,SEZGİN İRGÖREN,DİĞER,GÜVEN MUSTAFAKEMALPAŞA,09:46,19:46,09:30,19:46,"09:46, 19:46",10.0,1.5,8.5,6.0,2.5,0.0,8.5,NORMAL,False,
14.09.2026,14,Pazartesi,55963096430,00240,00240,SULTAN BAĞ,BALIK TEMİZLEME,KARACABEY,07:42,18:03,08:00,18:03,"07:42, 18:03",10.35,1.5,8.5,7.5,1.0,0.0,8.5,NORMAL,False,
14.09.2026,14,Pazartesi,42014033940,01072,01072,SÇEVİKAT ÇELİK,ÜRETİM,SÇEVİKAT ÇELİK,-,19:59,08:00,19:59,19:59,11.98,1.5,10.5,7.5,3.0,0.0,10.5,GİRİŞ_YOK_AKŞAM,True,"Çıkış: 19:59 | Giriş Basılmadı (08:00 başı ile 10,5s korundu)"
14.09.2026,14,Pazartesi,10582783284,00170,00170,SİBEL ÇÇAKIR,ÜRETİM,BİGADİÇ,15:45,00:03,15:45,00:03,"15:45, 00:03",8.3,0.5,7.5,7.5,0.0,0.0,7.5,NORMAL,False,
14.09.2026,14,Pazartesi,29761139378,01038,01038,TALHA YAVAŞ,KALİTE,BANDIRMA,23:24,08:47,00:00,08:47,"23:24, 08:47",9.38,0.5,8.0,7.5,0.5,0.0,8.0,NORMAL,False,
14.09.2026,14,Pazartesi,10705928394,00976,00976,TAYFUN GÜNCÜ,BALIK TEMİZLEME,HALİL DİĞRENCİ,08:05,17:54,08:00,17:54,"08:05, 17:54",9.82,1.5,8.5,7.5,1.0,0.0,8.5,NORMAL,False,
14.09.2026,14,Pazartesi,13252843738,00243,00243,TAYFUN TIĞRAK,FORMEN,KARACABEY,07:43,19:47,08:00,19:47,"07:43, 19:47",12.07,1.5,10.0,7.5,2.5,0.0,10.0,NORMAL,False,
14.09.2026,14,Pazartesi,32938871292,00183,00183,TAYFUN ÇELİK,MEYDAN,MKP,07:42,19:46,08:00,19:46,"07:42, 19:46",12.07,1.5,10.0,7.5,2.5,0.0,10.0,NORMAL,False,
14.09.2026,14,Pazartesi,30925156292,00501,00501,TUNCAY METİN,KAPI GÖREVLİSİ,SUSURLUK,23:48,08:01,00:00,08:01,"23:48, 08:01",8.22,0.5,7.5,7.5,0.0,0.0,7.5,NORMAL,False,
14.09.2026,14,Pazartesi,14701796544,00582,00582,YUSUF SAMAR,MUHASEBE,KARACABEY,07:41,18:00,08:00,18:00,"07:41, 18:00",10.32,1.5,8.5,7.5,1.0,0.0,8.5,NORMAL,False,
14.09.2026,14,Pazartesi,10528936408,01364,01364,YUSUF ÇETİN,,HALİL DİĞRENCİ,08:06,20:00,08:00,20:00,"08:06, 20:00",11.9,1.5,10.5,7.5,3.0,0.0,10.5,NORMAL,False,
14.09.2026,14,Pazartesi,31861120316,00191,00191,ZAHİDE GÜRBÜZ,BALIK TEMİZLEME,BALIKESİR,07:48,17:57,08:00,17:57,"07:48, 17:57",10.15,1.5,8.5,7.5,1.0,0.0,8.5,NORMAL,False,
14.09.2026,14,Pazartesi,27560597764,01048,01048,ZAHİDE HAĞİ,BALIK TEMİZLEME,HALİL DİĞRENCİ,08:05,18:02,08:00,18:02,"08:05, 18:02",9.95,1.5,8.5,7.5,1.0,0.0,8.5,NORMAL,False,
14.09.2026,14,Pazartesi,31552110794,00935,00935,ZAHİDE KALDEMİR,BALIK TEMİZLEME,GÜVEN MUSTAFAKEMALPAŞA,07:59,18:00,08:00,18:00,"07:59, 18:00",10.02,1.5,8.5,7.5,1.0,0.0,8.5,NORMAL,False,
14.09.2026,14,Pazartesi,34486535794,01288,01288,ZAHİDE ÖKÇE,ÜRETİM,SÇEVİKAT ÇELİK,20:00,07:55,00:00,07:55,"20:00, 07:55",11.92,0.5,7.5,7.5,0.0,0.0,7.5,NORMAL,False,
14.09.2026,14,Pazartesi,10820807680,01097,01097,ZEHRA ONUK,ÜRETİM,HALİL DİĞRENCİ,08:04,17:10,08:00,17:10,"08:04, 17:10",9.1,1.5,7.5,7.5,0.0,0.0,7.5,NORMAL,False,
14.09.2026,14,Pazartesi,28729335166,00936,00936,ZELİHA KEİREMETÇİ,BALIK TEMİZLEME,GÜVEN MUSTAFAKEMALPAŞA,08:00,18:02,08:00,18:02,"08:00, 18:02",10.03,1.5,8.5,7.5,1.0,0.0,8.5,NORMAL,False,
14.09.2026,14,Pazartesi,14047825472,00937,00937,ZELİHA ORUÇ,BALIK TEMİZLEME,GÜVEN MUSTAFAKEMALPAŞA,07:59,18:01,08:00,18:01,"07:59, 18:01",10.03,1.5,8.5,7.5,1.0,0.0,8.5,NORMAL,False,
14.09.2026,14,Pazartesi,24289352612,00244,00244,ZEYNEP KARAMAN,BALIK TEMİZLEME,BALIKESİR,07:47,17:55,08:00,17:55,"07:47, 17:55",10.13,1.5,8.5,7.5,1.0,0.0,8.5,NORMAL,False,
14.09.2026,14,Pazartesi,33742169780,00246,00246,ZEYNEP KURT,BALIK DOLUM,MKP,09:46,19:45,09:30,19:45,"09:46, 19:45",9.98,1.5,8.5,6.0,4.5,2.0,10.5,BÖLÜM_PRİMLİ,False,"Balık Dolum ve Kesim Primi: Fiili 8,5s -> Bonuslu 10,5s (+2,0s Prim)"
14.09.2026,14,Pazartesi,22498412394,00765,00765,ZEYNEP ONBAŞI,YEMEKHANE,BALIKESİR,07:48,17:54,08:00,17:54,"07:48, 17:54",10.1,1.5,8.5,7.5,1.0,0.0,8.5,NORMAL,False,
14.09.2026,14,Pazartesi,22319750032,00782,00782,ÇİDEM FİDAN,BALIK TEMİZLEME,BANDIRMA,07:43,18:01,08:00,18:01,"07:43, 18:01",10.3,1.5,8.5,7.5,1.0,0.0,8.5,NORMAL,False,
14.09.2026,14,Pazartesi,17749594400,00033,00033,ÇİSEM BÇAKIR,KALİTE,SUSURLUK,16:02,23:57,16:00,23:57,"16:02, 23:57",7.92,0.5,7.5,7.5,0.0,0.0,7.5,NORMAL,False,
14.09.2026,14,Pazartesi,33037193346,01349,01349,ÖMÜR SEPETÇİ,ÜRETİM,GÜVEN MUSTAFAKEMALPAŞA,08:00,19:46,08:00,19:46,"08:00, 19:46",11.77,1.5,10.0,7.5,2.5,0.0,10.0,NORMAL,False,
14.09.2026,14,Pazartesi,27235386938,00139,00139,ÖMÜRLÜ FERİK,KAZAN,MKP,12:16,20:05,12:16,20:05,"12:16, 20:05",7.82,0.5,7.5,7.5,0.0,0.0,7.5,NORMAL,False,
14.09.2026,14,Pazartesi,12268777280,00185,00185,ÜMMÜ AYDOĞAN,ÜRETİM,SUSURLUK TUR-REŞAT,07:45,17:06,08:00,17:06,"07:45, 17:06",9.35,1.5,7.5,7.5,0.0,0.0,7.5,NORMAL,False,
14.09.2026,14,Pazartesi,57541044000,01195,01195,ÜMMÜGÜLSÜM BAĞ,BALIK TEMİZLEME,KARACABEY,07:42,18:03,08:00,18:03,"07:42, 18:03",10.35,1.5,8.5,7.5,1.0,0.0,8.5,NORMAL,False,
14.09.2026,14,Pazartesi,10198947728,00410,00410,ÜMİT BATIN TÜRKAN,BAKIM,KARACABEY,08:15,18:28,08:00,18:28,"08:15, 18:28",10.22,1.5,9.0,7.5,1.5,0.0,9.0,NORMAL,False,
14.09.2026,14,Pazartesi,37075059770,01350,01350,ÜVEYS SEPETÇİ,ÜRETİM,GÜVEN MUSTAFAKEMALPAŞA,08:00,19:46,08:00,19:46,"08:00, 19:27, 19:46",11.77,1.5,10.0,7.5,2.5,0.0,10.0,ÇOKLU_BASIM_MIN_MAX,True,"Çoklu Basım: İlk Giriş 08:00, Son Çıkış 19:46 (10,0s)"
14.09.2026,14,Pazartesi,29515203096,00092,00092,İBÜŞRAHİM YILDIRIM,MEYDAN,MKP,07:42,20:04,08:00,20:04,"07:42, 20:04",12.37,1.5,10.5,7.5,3.0,0.0,10.5,NORMAL,False,
14.09.2026,14,Pazartesi,42844787082,00783,00783,İSMAİL BARAK,BALIK KESİM,HALİL DİĞRENCİ,08:03,17:17,08:00,17:17,"08:03, 17:17",9.23,1.5,7.5,7.5,2.0,2.0,9.5,BÖLÜM_PRİMLİ,False,"Balık Dolum ve Kesim Primi: Fiili 7,5s -> Bonuslu 9,5s (+2,0s Prim)"
14.09.2026,14,Pazartesi,25060351046,00230,00230,İSMAİL İMİR,OTOKLAV OPERATÖRÜ,SUSURLUK,07:59,19:46,08:00,19:46,"07:59, 19:46",11.78,1.5,10.0,7.5,2.5,0.0,10.0,NORMAL,False,
14.09.2026,14,Pazartesi,13720827796,00176,00176,ŞADİ BAŞARICI,BAKIM,KARACABEY,23:45,08:38,00:00,08:38,"23:45, 08:38",8.88,0.5,8.0,7.5,0.5,0.0,8.0,NORMAL,False,
14.09.2026,14,Pazartesi,38233180558,00178,00178,ŞAKİR KARAKAŞ,AMBAR,BANDIRMA,07:48,17:55,08:00,17:55,"07:48, 17:55",10.12,1.5,8.5,7.5,1.0,0.0,8.5,NORMAL,False,
14.09.2026,14,Pazartesi,25192322242,00179,00179,ŞAYİKA KOPARAN,AMBAR,BİGADİÇ,07:35,17:06,08:00,17:06,"07:35, 17:06",9.52,1.5,7.5,7.5,0.0,0.0,7.5,NORMAL,False,
14.09.2026,14,Pazartesi,38240191356,01161,01161,ŞENGÜL ALEMİN,ÜRETİM,HALİL DİĞRENCİ,20:00,08:00,00:00,08:00,"20:00, 08:00",12.0,0.5,7.5,7.5,0.0,0.0,7.5,NORMAL,False,
14.09.2026,14,Pazartesi,10255820520,00242,00242,ŞERBANE SARAN,BALIK TEMİZLEME,BALIKESİR,07:48,17:56,08:00,17:56,"07:48, 17:56",10.13,1.5,8.5,7.5,1.0,0.0,8.5,NORMAL,False,
15.09.2026,15,Salı,18655664102,00011,00011,ADVİYE YARICI,BALIK TEMİZLEME,HALİL DİĞRENCİ,08:05,17:04,08:00,17:04,"08:05, 17:04",8.98,1.5,7.5,7.5,0.0,0.0,7.5,NORMAL,False,
15.09.2026,15,Salı,44626409038,01113,01113,AHMET ALİ TÜRKMEN,ÜRETİM,BİGADİÇ,15:58,00:01,15:58,00:01,"15:58, 00:01",8.05,0.5,7.5,7.5,0.0,0.0,7.5,NORMAL,False,
15.09.2026,15,Salı,23527501454,00583,00583,AHMET BEYHAN,BAKIM,KARACABEY,08:04,17:08,08:00,17:08,"08:04, 17:08",9.07,1.5,7.5,7.5,0.0,0.0,7.5,NORMAL,False,
15.09.2026,15,Salı,21925456598,00830,00830,AHMET ÇÇAYLAK,AMBAR,BALIKESİR,07:42,19:11,08:00,19:11,"07:42, 19:11",11.48,1.5,9.5,7.5,2.0,0.0,9.5,NORMAL,False,
15.09.2026,15,Salı,28123249472,00207,00207,AHMET ŞŞENER,MEYDAN,SUSURLUK,07:42,17:02,08:00,17:02,"07:42, 17:02",9.33,1.5,7.5,7.5,0.0,0.0,7.5,NORMAL,False,
15.09.2026,15,Salı,16510742668,01154,01154,AKİF TÜRKÇÜ,BALIK TEMİZLİK,MKP,-,17:42,08:00,17:42,17:42,9.7,1.5,8.0,7.5,0.5,0.0,8.0,GİRİŞ_YOK_AKŞAM,True,"Çıkış: 17:42 | Giriş Basılmadı (08:00 başı ile 8,0s korundu)"
15.09.2026,15,Salı,,01382,01382,ALİ BALTA,,HALİL DİĞRENCİ,08:08,20:01,08:00,20:01,"08:08, 20:01",11.88,1.5,10.5,7.5,3.0,0.0,10.5,NORMAL,False,
15.09.2026,15,Salı,18394573482,00208,00208,ANIL DEMİRTAŞ,KONSERVE ÜRETİM ELEMANI,GÖBEL,-,13:31,08:00,13:31,13:31,5.52,1.5,4.0,4.0,0.0,0.0,4.0,GİRİŞ_YOK_AKŞAM,True,"Çıkış: 13:31 | Giriş Basılmadı (08:00 başı ile 4,0s korundu)"
15.09.2026,15,Salı,99320980932,00247,00247,ANUD ELMEAŞİ,BALIK TEMİZLEME,GÜVEN TURİZM,07:36,17:03,08:00,17:03,"07:36, 17:03",9.45,1.5,7.5,7.5,0.0,0.0,7.5,NORMAL,False,
15.09.2026,15,Salı,28336192374,00308,00308,ARZU KILA,AMBAR,BİGADİÇ,07:35,19:03,08:00,19:03,"07:35, 19:03",11.47,1.5,9.5,7.5,2.0,0.0,9.5,NORMAL,False,
15.09.2026,15,Salı,28033351500,01357,01357,ARZU ÖZTÜRK,BALIK TEMİZLEME,GÜVEN MUSTAFAKEMALPAŞA,07:54,17:04,08:00,17:04,"07:54, 17:04",9.17,1.5,7.5,7.5,0.0,0.0,7.5,NORMAL,False,
15.09.2026,15,Salı,22426711476,00754,00754,AYNUR DEMİRCAN,BALIK TEMİZLEME,HALİL DİĞRENCİ,08:06,17:03,08:00,17:03,"08:06, 17:03",8.95,1.5,7.5,7.5,0.0,0.0,7.5,NORMAL,False,
15.09.2026,15,Salı,13543834438,01145,01145,AYSEL ÇETİNTAŞ,ÜRETİM,HALİL DİĞRENCİ,08:05,20:00,08:00,20:00,"08:05, 20:00",11.92,1.5,10.5,7.5,3.0,0.0,10.5,NORMAL,False,
15.09.2026,15,Salı,,01385,01385,AYÇA KARAMAN,,HALİL DİĞRENCİ,07:46,-,07:46,17:00,07:46,7.5,1.5,7.5,7.5,0.0,0.0,7.5,ÇIKIŞ_YOK_SABAH,True,"Giriş: 07:46 | Çıkış Basılmadı (Tam Gün 7,5s yazıldı)"
15.09.2026,15,Salı,25567503092,00211,00211,AYÇA SEZER,KALİTE,BANDIRMA,07:42,19:23,08:00,19:23,"07:42, 19:23",11.68,1.5,9.5,7.5,2.0,0.0,9.5,NORMAL,False,
15.09.2026,15,Salı,24280352994,00214,00214,AYŞE KARAMAN,BALIK TEMİZLEME,BALIKESİR,07:51,17:00,08:00,17:00,"07:51, 17:00",9.15,1.5,7.5,7.5,0.0,0.0,7.5,NORMAL,False,
15.09.2026,15,Salı,33253033204,00021,00021,AYŞE KURT,ÜRETİM,BİGADİÇ,15:59,00:01,15:59,00:01,"15:59, 00:01",8.03,0.5,7.5,7.5,0.0,0.0,7.5,NORMAL,False,
15.09.2026,15,Salı,34120156552,00215,00215,AYŞE YILMAZ,BALIK DOLUM,MKP,09:47,19:13,09:30,19:13,"09:47, 19:13",9.43,1.5,8.0,6.0,4.0,2.0,10.0,BÖLÜM_PRİMLİ,False,"Balık Dolum ve Kesim Primi: Fiili 8,0s -> Bonuslu 10,0s (+2,0s Prim)"
15.09.2026,15,Salı,11284759850,00018,00018,AYŞE ÇENECİOĞLU,AMBAR,BİGADİÇ,07:35,19:06,08:00,19:06,"07:35, 19:06",11.52,1.5,9.5,7.5,2.0,0.0,9.5,NORMAL,False,
15.09.2026,15,Salı,25610607388,01353,01353,BAHAR FİDAN,ÜRETİM,SÇEVİKAT ÇELİK,20:01,00:28,00:00,00:28,"20:01, 00:28",4.45,0.0,0.5,0.5,0.0,0.0,0.5,NORMAL,False,
15.09.2026,15,Salı,12496719380,01139,01139,BEDİA KAYMAZ,AMBAR,BİGADİÇ,07:35,19:11,08:00,19:11,"07:35, 19:11",11.6,1.5,9.5,7.5,2.0,0.0,9.5,NORMAL,False,
15.09.2026,15,Salı,14725695762,00025,00025,BEHİCE YALMAN,BALIK DOLUM,GÖBEL,09:47,19:13,09:30,19:13,"09:47, 19:13",9.43,1.5,8.0,6.0,4.0,2.0,10.0,BÖLÜM_PRİMLİ,False,"Balık Dolum ve Kesim Primi: Fiili 8,0s -> Bonuslu 10,0s (+2,0s Prim)"
15.09.2026,15,Salı,11206757414,00902,00902,BERK BERBER,ÇEVRE MÜHENDİSİ,BANDIRMA,07:14,22:15,08:00,22:15,"07:14, 22:15",15.02,1.5,12.5,7.5,5.0,0.0,12.5,NORMAL,False,
15.09.2026,15,Salı,25297298992,00216,00216,BETÜL TUNÇ,BALIK TEMİZLEME,BANDIRMA,07:43,17:02,08:00,17:02,"07:43, 17:02",9.32,1.5,7.5,7.5,0.0,0.0,7.5,NORMAL,False,
15.09.2026,15,Salı,33316051664,01339,01339,BİLGİNUR SÜMER,BALIK TEMİZLEME,BALIKESİR,07:52,17:04,08:00,17:04,"07:52, 17:04",9.2,1.5,7.5,7.5,0.0,0.0,7.5,NORMAL,False,
15.09.2026,15,Salı,11950763822,01348,01348,BİLGİYE TOPAL,BALIK TEMİZLEME,GÜVEN MUSTAFAKEMALPAŞA,07:53,17:06,08:00,17:06,"07:53, 17:06",9.22,1.5,7.5,7.5,0.0,0.0,7.5,NORMAL,False,
15.09.2026,15,Salı,31678238334,00922,00922,CANSEL AKCAN,BALIK TEMİZLEME,GÜVEN MUSTAFAKEMALPAŞA,07:53,17:02,08:00,17:02,"07:53, 17:02",9.15,1.5,7.5,7.5,0.0,0.0,7.5,NORMAL,False,
15.09.2026,15,Salı,16933572286,00030,00030,CANSEVER ÇÇAKMAK,AMBAR,BİGADİÇ,07:35,19:07,08:00,19:07,"07:35, 19:07",11.53,1.5,9.5,7.5,2.0,0.0,9.5,NORMAL,False,
15.09.2026,15,Salı,33154180038,00031,00031,CEMALETTİN BEDİZCİ,BAKIM,KARACABEY,07:48,19:20,08:00,19:20,"07:48, 19:20",11.53,1.5,9.5,7.5,2.0,0.0,9.5,NORMAL,False,
15.09.2026,15,Salı,17488585028,00217,00217,CEMİLE KARAN,BALIK TEMİZLEME,BALIKESİR,07:51,16:59,08:00,16:59,"07:51, 16:59",9.13,1.5,7.5,7.5,0.0,0.0,7.5,NORMAL,False,
15.09.2026,15,Salı,23083367440,00320,00320,CEYDA ÖZ,KALİTE,BİGADİÇ,15:58,23:58,15:58,23:58,"15:58, 23:58",8.0,0.5,7.5,7.5,0.0,0.0,7.5,NORMAL,False,
15.09.2026,15,Salı,16699736366,01330,01330,CEYLAN BATAN,BALIK TEMİZLEME,GÜVEN MUSTAFAKEMALPAŞA,07:53,17:03,08:00,17:03,"07:53, 17:03",9.17,1.5,7.5,7.5,0.0,0.0,7.5,NORMAL,False,
15.09.2026,15,Salı,19313787324,00943,00943,CİHAN YILMAZ,BALIK,HALİL DİĞRENCİ,08:07,-,08:07,17:00,08:07,7.5,1.5,7.5,7.5,0.0,0.0,7.5,ÇIKIŞ_YOK_SABAH,True,"Giriş: 08:07 | Çıkış Basılmadı (Tam Gün 7,5s yazıldı)"
15.09.2026,15,Salı,,01378,01378,DEMİRHAN GÖKGÖZ,,HALİL DİĞRENCİ,07:47,20:01,08:00,20:01,"07:47, 20:01",12.23,1.5,10.5,7.5,3.0,0.0,10.5,NORMAL,False,
15.09.2026,15,Salı,37525041782,00218,00218,DERYA SEVİNÇ,FORMEN,MKP,07:42,17:06,08:00,17:06,"07:42, 17:06",9.4,1.5,7.5,7.5,0.0,0.0,7.5,NORMAL,False,
15.09.2026,15,Salı,24961035246,01098,01098,DUDU ÖRENGÜL,KALİTE,GÜVEN MUSTAFAKEMALPAŞA,07:53,17:04,08:00,17:04,"07:53, 17:04",9.18,1.5,7.5,7.5,0.0,0.0,7.5,NORMAL,False,
15.09.2026,15,Salı,99848635024,00283,00283,DUHA EL MUFADDİ,BALIK TEMİZLEME,MKP,07:43,17:06,08:00,17:06,"07:43, 17:06",9.38,1.5,7.5,7.5,0.0,0.0,7.5,NORMAL,False,
15.09.2026,15,Salı,10456937386,01362,01362,DİLEK ÇETİN,,HALİL DİĞRENCİ,08:06,17:07,08:00,17:07,"08:06, 17:07",9.02,1.5,7.5,7.5,0.0,0.0,7.5,NORMAL,False,
15.09.2026,15,Salı,12562741222,00872,00872,EBRU ÖÖZALP,BALIK TEMİZLEME,BALIKESİR,07:51,17:01,08:00,17:01,"07:51, 17:01",9.17,1.5,7.5,7.5,0.0,0.0,7.5,NORMAL,False,
15.09.2026,15,Salı,29563469352,00563,00563,EDİP EKİNCİ,KAZAN,SUSURLUK,19:58,06:08,20:00,06:08,"19:58, 06:08",10.17,0.5,9.5,3.5,6.0,0.0,9.5,NORMAL,False,
15.09.2026,15,Salı,10066843626,00374,00374,EFE EVİM,AMBAR,BİGADİÇ,07:35,19:04,08:00,19:04,"07:35, 19:04",11.48,1.5,9.5,7.5,2.0,0.0,9.5,NORMAL,False,
15.09.2026,15,Salı,14266711334,00037,00037,EFRAİM DUMAN,AMBAR,SUSURLUK,19:58,03:55,20:00,03:55,"19:58, 03:55",7.95,0.5,7.5,3.5,4.0,0.0,7.5,NORMAL,False,
15.09.2026,15,Salı,20036722080,00039,00039,ELMAS OMAY,AMBAR,BALIKESİR,07:50,19:11,08:00,19:11,"07:50, 19:11",11.35,1.5,9.5,7.5,2.0,0.0,9.5,NORMAL,False,
15.09.2026,15,Salı,16591633060,00038,00038,ELİF TUNÇ,KALİTE,BANDIRMA,08:54,19:17,09:00,19:17,"08:54, 19:17",10.38,1.5,8.5,6.5,2.0,0.0,8.5,NORMAL,False,
15.09.2026,15,Salı,20266511430,00002,00002,ELİF YAVAŞ,MUHASEBE,SUSURLUK,07:57,20:42,08:00,20:42,"07:57, 20:42",12.75,1.5,11.0,7.5,3.5,0.0,11.0,NORMAL,False,
15.09.2026,15,Salı,31009103096,00204,00204,EMEL SANAN,AMBAR,BİGADİÇ,07:34,19:10,08:00,19:10,"07:34, 19:10",11.6,1.5,9.5,7.5,2.0,0.0,9.5,NORMAL,False,
15.09.2026,15,Salı,21550576494,01091,01091,EMRE BAŞAR,ÜRETİM,GÜVEN MUSTAFAKEMALPAŞA,07:54,20:03,08:00,20:03,"07:54, 20:03",12.15,1.5,10.5,7.5,3.0,0.0,10.5,NORMAL,False,
15.09.2026,15,Salı,01377,01377,01377,EMRİCAN DURMAN,DİĞER,HALİL DİĞRENCİ,07:47,20:01,08:00,20:01,"07:47, 20:01",12.23,1.5,10.5,7.5,3.0,0.0,10.5,NORMAL,False,
15.09.2026,15,Salı,20584476770,00219,00219,EMİNE ATEŞ,BALIK TEMİZLEME,BALIKESİR,07:52,17:00,08:00,17:00,"07:52, 17:00",9.13,1.5,7.5,7.5,0.0,0.0,7.5,NORMAL,False,
15.09.2026,15,Salı,12523718256,00043,00043,EMİNE BAYER,AMBAR,BİGADİÇ,07:35,19:06,08:00,19:06,"07:35, 19:06",11.52,1.5,9.5,7.5,2.0,0.0,9.5,NORMAL,False,
15.09.2026,15,Salı,16111749134,01300,01300,EMİNE KARAMAN,BALIK TEMİZLEME,HALİL DİĞRENCİ,08:06,17:02,08:00,17:02,"08:06, 17:02",8.93,1.5,7.5,7.5,0.0,0.0,7.5,NORMAL,False,
15.09.2026,15,Salı,12379749978,00197,00197,EMİNE SARI,YEMEKHANE,BALIKESİR,07:52,17:05,08:00,17:05,"07:52, 17:05",9.22,1.5,7.5,7.5,0.0,0.0,7.5,NORMAL,False,
15.09.2026,15,Salı,45328882280,00859,00859,EMİNE YAVUZ,BALIK TEMİZLEME,GÜVEN TURİZM,07:36,17:03,08:00,17:03,"07:36, 17:03",9.45,1.5,7.5,7.5,0.0,0.0,7.5,NORMAL,False,
15.09.2026,15,Salı,20503503198,00045,00045,EMİNE ÇAPAR,YEMEKHANE,GÖBEL,18:35,03:55,18:30,03:55,"18:35, 03:55",9.33,0.5,9.0,5.0,4.0,0.0,9.0,NORMAL,False,
15.09.2026,15,Salı,37030668238,01180,01180,EMİNE ŞENTÜRK CİNGÖZ,BALIK TEMİZLEME,GÜVEN TURİZM,07:35,17:03,08:00,17:03,"07:35, 17:03",9.47,1.5,7.5,7.5,0.0,0.0,7.5,NORMAL,False,
15.09.2026,15,Salı,10036852948,00046,00046,EMİRHAN MUTLU,BAKIM,GÖBEL,08:13,19:58,08:00,19:58,"08:13, 19:58",11.75,1.5,10.5,7.5,3.0,0.0,10.5,NORMAL,False,
15.09.2026,15,Salı,29470204244,00007,00007,ENDER BİLBAY,KAPI GÖREVLİSİ,GÖBEL,15:59,23:56,15:59,23:56,"15:59, 23:56",7.95,0.5,7.5,7.5,0.0,0.0,7.5,NORMAL,False,
15.09.2026,15,Salı,98284188514,00293,00293,ENES ABDE,BALIK TEMİZLEME,MKP,07:43,17:06,08:00,17:06,"07:43, 17:06",9.38,1.5,7.5,7.5,0.0,0.0,7.5,NORMAL,False,
15.09.2026,15,Salı,34795126850,01351,01351,ERCAN POLAT,BİLGİSAYAR MÜHENDİSİ,KARACABEY,07:45,18:37,08:00,18:37,"07:45, 18:37",10.87,1.5,9.0,7.5,1.5,0.0,9.0,NORMAL,False,
15.09.2026,15,Salı,23131415628,00047,00047,ERDİN TETİK,MEYDAN,SUSURLUK,23:44,08:50,00:00,08:50,"23:44, 08:50",9.1,0.5,8.5,7.5,1.0,0.0,8.5,NORMAL,False,
15.09.2026,15,Salı,22260441248,00198,00198,ERSİN ESER,BAKIM,GÖBEL,19:57,07:43,20:00,07:43,"19:57, 07:43",11.77,0.5,11.0,3.5,7.5,0.0,11.0,NORMAL,False,
15.09.2026,15,Salı,11633067636,00221,00221,EİREMŞAH KIZILKAYA,BALIK DOLUM,GÖBEL,09:47,19:13,09:30,19:13,"09:47, 19:13",9.43,1.5,8.0,6.0,4.0,2.0,10.0,BÖLÜM_PRİMLİ,False,"Balık Dolum ve Kesim Primi: Fiili 8,0s -> Bonuslu 10,0s (+2,0s Prim)"
15.09.2026,15,Salı,35183294274,00926,00926,FATMA DEMİRER,BALIK TEMİZLEME,GÜVEN MUSTAFAKEMALPAŞA,07:53,17:02,08:00,17:02,"07:53, 17:02",9.15,1.5,7.5,7.5,0.0,0.0,7.5,NORMAL,False,
15.09.2026,15,Salı,32986036254,00056,00056,FATMA ÇAM,ÜRETİM,BİGADİÇ,15:58,00:02,15:58,00:02,"15:58, 00:02",8.07,0.5,7.5,7.5,0.0,0.0,7.5,NORMAL,False,
15.09.2026,15,Salı,31594082608,00057,00057,FATMA ÖZÇAM,ÜRETİM,BİGADİÇ,15:58,00:02,15:58,00:02,"15:58, 00:02",8.07,0.5,7.5,7.5,0.0,0.0,7.5,NORMAL,False,
15.09.2026,15,Salı,11890896888,00223,00223,FATMAGÜL ÇEKİ,BALIK DOLUM,MKP,09:47,19:14,09:30,19:14,"09:47, 19:14",9.45,1.5,8.0,6.0,4.0,2.0,10.0,BÖLÜM_PRİMLİ,False,"Balık Dolum ve Kesim Primi: Fiili 8,0s -> Bonuslu 10,0s (+2,0s Prim)"
15.09.2026,15,Salı,21898406446,01065,01065,FERUDUN BAKAN,ÜRETİM,BİGADİÇ,15:58,00:01,15:58,00:01,"15:58, 00:01",8.05,0.5,7.5,7.5,0.0,0.0,7.5,NORMAL,False,
15.09.2026,15,Salı,31933222184,00224,00224,FEVZİYE EREL,BALIK TEMİZLEME,HALİL DİĞRENCİ,08:06,17:04,08:00,17:04,"08:06, 17:04",8.97,1.5,7.5,7.5,0.0,0.0,7.5,NORMAL,False,
15.09.2026,15,Salı,17431713232,00927,00927,FİSUN ETİLER,,GÜVEN MUSTAFAKEMALPAŞA,07:53,17:02,08:00,17:02,"07:53, 17:02",9.15,1.5,7.5,7.5,0.0,0.0,7.5,NORMAL,False,
15.09.2026,15,Salı,24541318660,00065,00065,GÜLCAN BİLGİÇ,AMBAR,BİGADİÇ,07:35,19:06,08:00,19:06,"07:35, 19:06",11.52,1.5,9.5,7.5,2.0,0.0,9.5,NORMAL,False,
15.09.2026,15,Salı,15041774032,00882,00882,GÜLPERİ KALENDER,BALIK TEMİZLEME,BANDIRMA,07:43,17:03,08:00,17:03,"07:43, 17:03",9.33,1.5,7.5,7.5,0.0,0.0,7.5,NORMAL,False,
15.09.2026,15,Salı,53689106020,00073,00073,GÜLSÜM GÖRGÜLÜ,AMBAR,BİGADİÇ,07:35,19:07,08:00,19:07,"07:35, 19:07",11.53,1.5,9.5,7.5,2.0,0.0,9.5,NORMAL,False,
15.09.2026,15,Salı,45184908278,00226,00226,GÜLTEN DURMAZ,BALIK DOLUM,GÖBEL,09:47,19:13,09:30,19:13,"09:47, 19:13",9.43,1.5,8.0,6.0,4.0,2.0,10.0,BÖLÜM_PRİMLİ,False,"Balık Dolum ve Kesim Primi: Fiili 8,0s -> Bonuslu 10,0s (+2,0s Prim)"
15.09.2026,15,Salı,10996768938,00071,00071,GÜLTEN GİDER,AMBAR,BİGADİÇ,07:35,19:06,08:00,19:06,"07:35, 19:06",11.52,1.5,9.5,7.5,2.0,0.0,9.5,NORMAL,False,
15.09.2026,15,Salı,21010592606,01022,01022,GÜLÜMSER KARABIYIK,BALIK TEMİZLEME,GÜVEN MUSTAFAKEMALPAŞA,07:54,17:05,08:00,17:05,"07:54, 17:05",9.18,1.5,7.5,7.5,0.0,0.0,7.5,NORMAL,False,
15.09.2026,15,Salı,11593899780,00773,00773,GÜRAY PALA,BALIK KESİM,HALİL DİĞRENCİ,16:05,07:54,16:00,07:54,"16:05, 07:54",15.82,0.5,15.5,7.5,10.0,2.0,17.5,BÖLÜM_PRİMLİ,False,"Balık Dolum ve Kesim Primi: Fiili 15,5s -> Bonuslu 17,5s (+2,0s Prim)"
15.09.2026,15,Salı,22639531168,01078,01078,HAFİZE AVCIOĞLU,BALIK TEMİZLEME,GÜVEN TURİZM,07:35,17:02,08:00,17:02,"07:35, 17:02",9.45,1.5,7.5,7.5,0.0,0.0,7.5,NORMAL,False,
15.09.2026,15,Salı,52240399666,01020,01020,HANDAN TOPTİK,ÜRETİM,HALİL DİĞRENCİ,08:08,20:00,08:00,20:00,"08:08, 20:00",11.87,1.5,10.5,7.5,3.0,0.0,10.5,NORMAL,False,
15.09.2026,15,Salı,20290485820,01060,01060,HANİFE YILDIRIM,BALIK TEMİZLEME,BALIKESİR,07:50,17:02,08:00,17:02,"07:50, 17:02",9.2,1.5,7.5,7.5,0.0,0.0,7.5,NORMAL,False,
15.09.2026,15,Salı,14779989510,00080,00080,HARUN YAHYA DURSUN,BALIK DOLUM,GÖBEL,09:17,21:25,09:00,21:25,"09:17, 21:25",12.13,1.5,10.5,6.5,6.0,2.0,12.5,BÖLÜM_PRİMLİ,False,"Balık Dolum ve Kesim Primi: Fiili 10,5s -> Bonuslu 12,5s (+2,0s Prim)"
15.09.2026,15,Salı,32194063110,00574,00574,HATİCE ERBAŞ,AMBAR,BİGADİÇ,07:34,19:10,08:00,19:10,"07:34, 19:10",11.6,1.5,9.5,7.5,2.0,0.0,9.5,NORMAL,False,
15.09.2026,15,Salı,31324091924,00084,00084,HATİCE KURT,ÜRETİM,BİGADİÇ,15:57,23:58,15:57,23:58,"15:57, 23:58",8.02,0.5,7.5,7.5,0.0,0.0,7.5,NORMAL,False,
15.09.2026,15,Salı,10817807990,01096,01096,HATİCE ONUK,ÜRETİM,HALİL DİĞRENCİ,08:06,17:09,08:00,17:09,"08:06, 17:09",9.05,1.5,7.5,7.5,0.0,0.0,7.5,NORMAL,False,
15.09.2026,15,Salı,33850041688,00577,00577,HATİCE SAVAŞÇI,BALIK TEMİZLEME,BALIKESİR,07:51,17:01,08:00,17:01,"07:51, 17:01",9.17,1.5,7.5,7.5,0.0,0.0,7.5,NORMAL,False,
15.09.2026,15,Salı,26002427744,00227,00227,HAVVA ALPER,BALIK DOLUM,MKP,09:47,19:15,09:30,19:15,"09:47, 19:15",9.47,1.5,8.0,6.0,4.0,2.0,10.0,BÖLÜM_PRİMLİ,False,"Balık Dolum ve Kesim Primi: Fiili 8,0s -> Bonuslu 10,0s (+2,0s Prim)"
15.09.2026,15,Salı,26653281238,00228,00228,HAVVA BAYRAM,BALIK TEMİZLEME,BALIKESİR,07:51,17:00,08:00,17:00,"07:51, 17:00",9.15,1.5,7.5,7.5,0.0,0.0,7.5,NORMAL,False,
15.09.2026,15,Salı,30367150308,00852,00852,HAYRULLAH TOPRAK,AMBAR,GÜVEN TURİZM,07:56,17:05,08:00,17:05,"07:56, 17:05",9.15,1.5,7.5,7.5,0.0,0.0,7.5,NORMAL,False,
15.09.2026,15,Salı,10156949566,01270,01270,HAYRİYE BEYİRKEN,ÜRETİM,HALİL DİĞRENCİ,08:06,20:00,08:00,20:00,"08:06, 20:00",11.9,1.5,10.5,7.5,3.0,0.0,10.5,NORMAL,False,
15.09.2026,15,Salı,11284916406,01143,01143,HÜLYA TANIŞ,BALIK TEMİZLEME,GÜVEN MUSTAFAKEMALPAŞA,07:53,17:04,08:00,17:04,"07:53, 17:04",9.18,1.5,7.5,7.5,0.0,0.0,7.5,NORMAL,False,
15.09.2026,15,Salı,33289026430,00480,00480,HÜLYA TOPAL,AMBAR,BİGADİÇ,07:34,19:11,08:00,19:11,"07:34, 19:11",11.62,1.5,9.5,7.5,2.0,0.0,9.5,NORMAL,False,
15.09.2026,15,Salı,30856107820,00091,00091,HÜLYA ÜÜNAL,AMBAR,BİGADİÇ,07:35,19:10,08:00,19:10,"07:35, 19:10",11.58,1.5,9.5,7.5,2.0,0.0,9.5,NORMAL,False,
15.09.2026,15,Salı,23524501518,00231,00231,KADRİYE BEYHAN,BALIK TEMİZLEME,HALİL DİĞRENCİ,08:07,17:04,08:00,17:04,"08:07, 17:04",8.95,1.5,7.5,7.5,0.0,0.0,7.5,NORMAL,False,
15.09.2026,15,Salı,49981303052,00093,00093,KADİR AZAR,AMBAR,KARACABEY,07:45,17:08,08:00,17:08,"07:45, 17:08",9.38,1.5,7.5,7.5,0.0,0.0,7.5,NORMAL,False,
15.09.2026,15,Salı,27448226656,00095,00095,KAMİLE DAĞDÇELEN,AMBAR,BİGADİÇ,07:35,19:05,08:00,19:05,"07:35, 19:05",11.5,1.5,9.5,7.5,2.0,0.0,9.5,NORMAL,False,
15.09.2026,15,Salı,99656887974,00294,00294,KEFA EL HUDUR,BALIK TEMİZLEME,MKP,07:43,17:06,08:00,17:06,"07:43, 17:06",9.38,1.5,7.5,7.5,0.0,0.0,7.5,NORMAL,False,
15.09.2026,15,Salı,33067084584,00097,00097,KEMAL DURMUŞ,İŞLETME,SUSURLUK,19:58,08:01,20:00,08:01,"19:58, 08:01",12.05,0.5,11.5,3.5,8.0,0.0,11.5,NORMAL,False,
15.09.2026,15,Salı,37573316870,01220,01220,KEZİBAN ARAS,ÜRETİM,SÇEVİKAT ÇELİK,19:58,00:28,20:00,00:28,"19:58, 00:28",4.5,0.5,4.0,3.5,0.5,0.0,4.0,NORMAL,False,
15.09.2026,15,Salı,33397029286,01327,01327,KÜBÜŞRA ALTAY,SATIN ALMA,BANDIRMA,07:42,17:01,08:00,17:01,"07:42, 17:01",9.32,1.5,7.5,7.5,0.0,0.0,7.5,NORMAL,False,
15.09.2026,15,Salı,25657430024,00199,00199,KÜRŞAT TÜRKAN,BAKIM,KARACABEY,08:50,17:21,08:30,17:21,"08:50, 17:21",8.52,1.5,7.0,7.0,0.0,0.0,7.0,NORMAL,False,
15.09.2026,15,Salı,99959615564,00200,00200,MAHMOUD ALZALEK,ELEKTRİK,SUSURLUK,19:58,08:01,20:00,08:01,"19:58, 08:01",12.05,0.5,11.5,3.5,8.0,0.0,11.5,NORMAL,False,
15.09.2026,15,Salı,29749160806,00104,00104,MAHİR HİLMİ ULUKÖK,YENİ BALIK HATTI,SUSURLUK,07:58,19:29,08:00,19:29,"07:58, 19:29",11.52,1.5,10.0,7.5,2.5,0.0,10.0,NORMAL,False,
15.09.2026,15,Salı,54871132810,00232,00232,MAHİZER BAĞ,BALIK TEMİZLEME,KARACABEY,07:46,17:03,08:00,17:03,"07:46, 17:03",9.28,1.5,7.5,7.5,0.0,0.0,7.5,NORMAL,False,
15.09.2026,15,Salı,,01387,01387,MEHMET EMİN BATUR,,HALİL DİĞRENCİ,07:47,20:02,08:00,20:02,"07:47, 20:02",12.25,1.5,10.5,7.5,3.0,0.0,10.5,NORMAL,False,
15.09.2026,15,Salı,13876724772,00500,00500,MEHMET KARTAL,AMBAR,SUSURLUK,07:42,19:11,08:00,19:11,"07:42, 19:11",11.48,1.5,9.5,7.5,2.0,0.0,9.5,NORMAL,False,
15.09.2026,15,Salı,30181166332,00233,00233,MEMNUNE KARAMAN,BALIK TEMİZLEME,BALIKESİR,07:50,17:01,08:00,17:01,"07:50, 17:01",9.18,1.5,7.5,7.5,0.0,0.0,7.5,NORMAL,False,
15.09.2026,15,Salı,,01386,01386,MENEKŞE DURMAN,,HALİL DİĞRENCİ,07:47,20:01,08:00,20:01,"07:47, 20:01",12.23,1.5,10.5,7.5,3.0,0.0,10.5,NORMAL,False,
15.09.2026,15,Salı,28027546004,00112,00112,MESUT ERDEL,BAKIM,SUSURLUK,07:59,17:21,08:00,17:21,"07:59, 17:21",9.37,1.5,7.5,7.5,0.0,0.0,7.5,NORMAL,False,
15.09.2026,15,Salı,25354441064,01264,01264,METANET DİNÇER,ÜRETİM,HALİL DİĞRENCİ,19:57,00:28,20:00,00:28,"19:57, 00:28",4.52,0.5,4.0,3.5,0.5,0.0,4.0,NORMAL,False,
15.09.2026,15,Salı,99347757876,00116,00116,MUHAMMED SAMİH SERHAN,AMBAR,GÖBEL,08:13,19:47,08:00,19:47,"08:13, 19:47",11.57,1.5,10.0,7.5,2.5,0.0,10.0,NORMAL,False,
15.09.2026,15,Salı,23329391024,00514,00514,MUKATDES KARAMANOĞLU,BALIK TEMİZLEME,BALIKESİR,07:51,17:00,08:00,17:00,"07:51, 17:00",9.15,1.5,7.5,7.5,0.0,0.0,7.5,NORMAL,False,
15.09.2026,15,Salı,15205679746,00572,00572,MURAT YONSUL,AMBAR,GÖBEL,07:40,22:28,08:00,22:28,"07:40, 22:28",14.8,1.5,13.0,7.5,5.5,0.0,13.0,NORMAL,False,
15.09.2026,15,Salı,25621221832,00118,00118,MUSTAFA KAYA,İŞLETME,MKP,07:43,20:03,08:00,20:03,"07:43, 20:03",12.33,1.5,10.5,7.5,3.0,0.0,10.5,NORMAL,False,
15.09.2026,15,Salı,,01373,01373,MUSTAFA KURT,,HALİL DİĞRENCİ,15:50,20:06,15:50,20:06,"15:50, 20:06",4.27,0.5,4.0,4.0,0.0,0.0,4.0,NORMAL,False,
15.09.2026,15,Salı,21976553468,00234,00234,MÜCAHİT ÇOLAK,BALIK TEMİZLEME,KARACABEY,07:46,17:08,08:00,17:08,"07:46, 17:08",9.37,1.5,7.5,7.5,0.0,0.0,7.5,NORMAL,False,
15.09.2026,15,Salı,31195265912,01056,01056,MÜRVET ÇAKAN,BALIK TEMİZLEME,HALİL DİĞRENCİ,08:07,17:02,08:00,17:02,"08:07, 17:02",8.92,1.5,7.5,7.5,0.0,0.0,7.5,NORMAL,False,
15.09.2026,15,Salı,33124024560,00120,00120,MÜZEYYEN ERDİNÇ,BALIK TEMİZLEME,BALIKESİR,07:51,17:00,08:00,17:00,"07:51, 17:00",9.15,1.5,7.5,7.5,0.0,0.0,7.5,NORMAL,False,
15.09.2026,15,Salı,12556753194,00235,00235,NACİYE KARABULUT,BALIK TEMİZLEME,BALIKESİR,07:51,17:00,08:00,17:00,"07:51, 17:00",9.15,1.5,7.5,7.5,0.0,0.0,7.5,NORMAL,False,
15.09.2026,15,Salı,16324748870,01178,01178,NAZMİYE ÇELİK,BALIK TEMİZLEME,GÜVEN MUSTAFAKEMALPAŞA,07:53,17:03,08:00,17:03,"07:53, 17:03",9.17,1.5,7.5,7.5,0.0,0.0,7.5,NORMAL,False,
15.09.2026,15,Salı,28510235804,00121,00121,NAİL AKSOY,ŞÖFÖR,SUSURLUK,15:50,23:58,15:50,23:58,"15:50, 23:58",8.13,0.5,7.5,7.5,0.0,0.0,7.5,NORMAL,False,
15.09.2026,15,Salı,38710924712,00887,00887,NECLA ABİ,BALIK TEMİZLEME,GÜVEN TURİZM,07:36,17:02,08:00,17:02,"07:36, 17:02",9.43,1.5,7.5,7.5,0.0,0.0,7.5,NORMAL,False,
15.09.2026,15,Salı,24031385950,00380,00380,NECMİ SEVER,MEYDAN,GÖBEL,07:49,17:10,08:00,17:10,"07:49, 17:10",9.35,1.5,7.5,7.5,0.0,0.0,7.5,NORMAL,False,
15.09.2026,15,Salı,21991561554,00930,00930,NECMİYE ÜÜLKER,BALIK TEMİZLEME,GÜVEN MUSTAFAKEMALPAŞA,07:53,17:02,08:00,17:02,"07:53, 17:02",9.15,1.5,7.5,7.5,0.0,0.0,7.5,NORMAL,False,
15.09.2026,15,Salı,54874132756,00974,00974,NECİFE BAĞ,BALIK TEMİZLEME,KARACABEY,07:45,17:03,08:00,17:03,"07:45, 17:03",9.3,1.5,7.5,7.5,0.0,0.0,7.5,NORMAL,False,
15.09.2026,15,Salı,14452686422,00371,00371,NESRİN GÜZEL,BALIK TEMİZLEME,BALIKESİR,07:51,17:01,08:00,17:01,"07:51, 17:01",9.17,1.5,7.5,7.5,0.0,0.0,7.5,NORMAL,False,
15.09.2026,15,Salı,25970637896,00129,00129,NURAY ELİSÇIKIŞ,AMBAR,BALIKESİR,07:50,17:03,08:00,17:03,"07:50, 17:03",9.22,1.5,7.5,7.5,0.0,0.0,7.5,NORMAL,False,
15.09.2026,15,Salı,21478446602,00236,00236,NURCAN EREN,BALIK TEMİZLEME,BALIKESİR,07:52,17:00,08:00,17:00,"07:52, 17:00",9.13,1.5,7.5,7.5,0.0,0.0,7.5,NORMAL,False,
15.09.2026,15,Salı,15736612786,01352,01352,NURGÜL ADIGÜL,ÜRETİM,BİGADİÇ,15:58,00:01,15:58,00:01,"15:58, 00:01",8.05,0.5,7.5,7.5,0.0,0.0,7.5,NORMAL,False,
15.09.2026,15,Salı,13318692676,01064,01064,NURGÜL PARLAS,ÜRETİM,BİGADİÇ,15:58,00:01,15:58,00:01,"15:58, 00:01",8.05,0.5,7.5,7.5,0.0,0.0,7.5,NORMAL,False,
15.09.2026,15,Salı,22186447318,00137,00137,NURTEN CAN,ÜRETİM,SUSURLUK TUR-REŞAT,07:42,17:05,08:00,17:05,"07:42, 17:05",9.38,1.5,7.5,7.5,0.0,0.0,7.5,NORMAL,False,
15.09.2026,15,Salı,13420739290,00003,00003,NURİ GÜLSER,KAPI GÖREVLİSİ,GÖBEL,07:40,16:03,08:00,16:03,"07:40, 09:08, 16:03",8.38,0.5,7.5,7.5,0.0,0.0,7.5,ÇOKLU_BASIM_MIN_MAX,True,"Çoklu Basım: İlk Giriş 07:40, Son Çıkış 16:03 (7,5s)"
15.09.2026,15,Salı,52996654668,00237,00237,NURİYE AKKUŞ,BALIK TEMİZLEME,BANDIRMA,07:43,17:03,08:00,17:03,"07:43, 17:03",9.33,1.5,7.5,7.5,0.0,0.0,7.5,NORMAL,False,
15.09.2026,15,Salı,13189854302,00006,00006,OZAN BUĞA,BAKIM,MKP,15:41,00:03,15:41,00:03,"15:41, 00:03",8.37,0.5,7.5,7.5,0.0,0.0,7.5,NORMAL,False,
15.09.2026,15,Salı,29677146866,00238,00238,RABİYE ÇENECİOĞLU,BALIK TEMİZLEME,BALIKESİR,07:52,17:02,08:00,17:02,"07:52, 17:02",9.17,1.5,7.5,7.5,0.0,0.0,7.5,NORMAL,False,
15.09.2026,15,Salı,29359208356,00145,00145,RAMAZAN KÜÇÜKÇÇAKIR,ŞÖFÖR,SUSURLUK,07:55,17:17,08:00,17:17,"07:55, 17:17",9.37,1.5,7.5,7.5,0.0,0.0,7.5,NORMAL,False,
15.09.2026,15,Salı,24022385860,01316,01316,RECEP İÇÖZ,MEYDAN,GÖBEL,07:56,17:01,08:00,17:01,"07:56, 17:01",9.08,1.5,7.5,7.5,0.0,0.0,7.5,NORMAL,False,
15.09.2026,15,Salı,28108249688,00146,00146,RIDVAN DEMİRDAK,ŞÖFÖR,GÖBEL,23:55,08:00,00:00,08:00,"23:55, 08:00",8.08,0.5,7.5,7.5,0.0,0.0,7.5,NORMAL,False,
15.09.2026,15,Salı,,01071,01071,ROJDA DAĞ,,SÇEVİKAT ÇELİK,20:01,00:28,00:00,00:28,"20:01, 00:28",4.45,0.0,0.5,0.5,0.0,0.0,0.5,NORMAL,False,
15.09.2026,15,Salı,16561742068,00842,00842,RUKİYE UZUN,BALIK TEMİZLEME,GÜVEN TURİZM,07:36,17:03,08:00,17:03,"07:36, 17:03",9.45,1.5,7.5,7.5,0.0,0.0,7.5,NORMAL,False,
15.09.2026,15,Salı,34807027090,00536,00536,SABRİ ACAR,YENİ BALIK HATTI,SUSURLUK,23:54,08:00,00:00,08:00,"23:54, 08:00",8.1,0.5,7.5,7.5,0.0,0.0,7.5,NORMAL,False,
15.09.2026,15,Salı,31027151864,00147,00147,SABİHA GİRGİN,ÜRETİM,SUSURLUK TUR-REŞAT,07:42,17:07,08:00,17:07,"07:42, 17:07",9.42,1.5,7.5,7.5,0.0,0.0,7.5,NORMAL,False,
15.09.2026,15,Salı,33640164108,01130,01130,SAMET YUMİTKEN,ÜRETİM,HALİL DİĞRENCİ,08:06,20:03,08:00,20:03,"08:06, 20:03",11.95,1.5,10.5,7.5,3.0,0.0,10.5,NORMAL,False,
15.09.2026,15,Salı,30373124058,00149,00149,SANİYE CEYLAN,AMBAR,BİGADİÇ,07:35,19:06,08:00,19:06,"07:35, 19:06",11.52,1.5,9.5,7.5,2.0,0.0,9.5,NORMAL,False,
15.09.2026,15,Salı,14164714154,00150,00150,SARA EROĞLU,AMBAR,BALIKESİR,07:50,19:11,08:00,19:11,"07:50, 19:11",11.35,1.5,9.5,7.5,2.0,0.0,9.5,NORMAL,False,
15.09.2026,15,Salı,24178356332,00153,00153,SEHER ÖZDEN,YEMEKHANE,BALIKESİR,07:52,17:00,08:00,17:00,"07:52, 17:00",9.13,1.5,7.5,7.5,0.0,0.0,7.5,NORMAL,False,
15.09.2026,15,Salı,11248811624,00009,00009,SELAHATTİN SÖĞÜT,ŞÖFÖR,GÖBEL,10:06,20:05,10:00,20:05,"10:06, 20:05",9.98,1.5,8.5,5.5,3.0,0.0,8.5,NORMAL,False,
15.09.2026,15,Salı,19723478966,01069,01069,SELMA AYHAN,ÜRETİM,BİGADİÇ,15:58,00:02,15:58,00:02,"15:58, 00:02",8.07,0.5,7.5,7.5,0.0,0.0,7.5,NORMAL,False,
15.09.2026,15,Salı,49369567458,00559,00559,SELMA TUNÇ,BALIK TEMİZLEME,BALIKESİR,07:50,17:02,08:00,17:02,"07:50, 17:02",9.2,1.5,7.5,7.5,0.0,0.0,7.5,NORMAL,False,
15.09.2026,15,Salı,33451458564,01227,01227,SELMATA ANIK,ÜRETİM,HALİL DİĞRENCİ,19:57,00:28,20:00,00:28,"19:57, 00:28",4.52,0.5,4.0,3.5,0.5,0.0,4.0,NORMAL,False,
15.09.2026,15,Salı,46825626414,00724,00724,SEMANUR GÜLIŞIK,FORMEN,KARACABEY,07:45,17:09,08:00,17:09,"07:45, 17:09",9.4,1.5,7.5,7.5,0.0,0.0,7.5,NORMAL,False,
15.09.2026,15,Salı,19633628390,01279,01279,SERAP KURUMLU,BALIK TEMİZLEME,GÜVEN MUSTAFAKEMALPAŞA,07:53,17:03,08:00,17:03,"07:53, 17:03",9.17,1.5,7.5,7.5,0.0,0.0,7.5,NORMAL,False,
15.09.2026,15,Salı,24136488860,01007,01007,SEREN BURHAN,BALIK TEMİZLEME,GÜVEN MUSTAFAKEMALPAŞA,07:53,17:04,08:00,17:04,"07:53, 17:04",9.18,1.5,7.5,7.5,0.0,0.0,7.5,NORMAL,False,
15.09.2026,15,Salı,13696829374,01361,01361,SERPİL İİPEK,,HALİL DİĞRENCİ,08:08,20:05,08:00,20:05,"08:08, 20:05",11.95,1.5,10.5,7.5,3.0,0.0,10.5,NORMAL,False,
15.09.2026,15,Salı,13498698468,00165,00165,SEVGİ AYCAN,BALIK TEMİZLEME,BANDIRMA,07:43,17:02,08:00,17:02,"07:43, 17:02",9.32,1.5,7.5,7.5,0.0,0.0,7.5,NORMAL,False,
15.09.2026,15,Salı,15250777510,01063,01063,SEZAİ ÇELİK,BALIK,HALİL DİĞRENCİ,08:07,-,08:07,17:00,08:07,7.5,1.5,7.5,7.5,0.0,0.0,7.5,ÇIKIŞ_YOK_SABAH,True,"Giriş: 08:07 | Çıkış Basılmadı (Tam Gün 7,5s yazıldı)"
15.09.2026,15,Salı,29200163070,01066,01066,SEZGİN YILDIRIM,ÜRETİM,BİGADİÇ,15:58,15:59,15:58,15:59,"15:58, 15:59",0.05,0.0,7.5,7.5,0.0,0.0,7.5,NORMAL,False,
15.09.2026,15,Salı,01370,01370,01370,SEZGİN İRGÖREN,DİĞER,GÜVEN MUSTAFAKEMALPAŞA,09:47,19:13,09:30,19:13,"09:47, 19:13",9.43,1.5,8.0,6.0,2.0,0.0,8.0,NORMAL,False,
15.09.2026,15,Salı,18442962398,01221,01221,SILA GÜNEŞ,ÜRETİM,SÇEVİKAT ÇELİK,19:58,00:28,20:00,00:28,"19:58, 00:28",4.5,0.5,4.0,3.5,0.5,0.0,4.0,NORMAL,False,
15.09.2026,15,Salı,55963096430,00240,00240,SULTAN BAĞ,BALIK TEMİZLEME,KARACABEY,07:45,17:03,08:00,17:03,"07:45, 17:03",9.3,1.5,7.5,7.5,0.0,0.0,7.5,NORMAL,False,
15.09.2026,15,Salı,42014033940,01072,01072,SÇEVİKAT ÇELİK,ÜRETİM,SÇEVİKAT ÇELİK,20:01,-,20:01,08:00,20:01,7.5,0.5,7.5,7.5,0.0,0.0,7.5,GECE_TEK_BASIM,True,"Gece Basımı: 20:01 | Tek Basım (7,5s yazıldı)"
15.09.2026,15,Salı,10582783284,00170,00170,SİBEL ÇÇAKIR,ÜRETİM,BİGADİÇ,15:58,00:01,15:58,00:01,"15:58, 00:01",8.05,0.5,7.5,7.5,0.0,0.0,7.5,NORMAL,False,
15.09.2026,15,Salı,20374606288,01047,01047,TANER BEYİRKEN,ÜRETİM,HALİL DİĞRENCİ,08:06,20:04,08:00,20:04,"08:06, 20:04",11.97,1.5,10.5,7.5,3.0,0.0,10.5,NORMAL,False,
15.09.2026,15,Salı,10705928394,00976,00976,TAYFUN GÜNCÜ,BALIK TEMİZLEME,HALİL DİĞRENCİ,08:07,17:04,08:00,17:04,"08:07, 17:04",8.95,1.5,7.5,7.5,0.0,0.0,7.5,NORMAL,False,
15.09.2026,15,Salı,13252843738,00243,00243,TAYFUN TIĞRAK,FORMEN,KARACABEY,07:48,19:20,08:00,19:20,"07:48, 19:20",11.53,1.5,9.5,7.5,2.0,0.0,9.5,NORMAL,False,
15.09.2026,15,Salı,32938871292,00183,00183,TAYFUN ÇELİK,MEYDAN,MKP,07:44,20:09,08:00,20:09,"07:44, 20:09",12.42,1.5,10.5,7.5,3.0,0.0,10.5,NORMAL,False,
15.09.2026,15,Salı,30925156292,00501,00501,TUNCAY METİN,KAPI GÖREVLİSİ,SUSURLUK,23:44,08:02,00:00,08:02,"23:44, 08:02",8.3,0.5,7.5,7.5,0.0,0.0,7.5,NORMAL,False,
15.09.2026,15,Salı,14701796544,00582,00582,YUSUF SAMAR,MUHASEBE,KARACABEY,07:45,17:07,08:00,17:07,"07:45, 17:07",9.37,1.5,7.5,7.5,0.0,0.0,7.5,NORMAL,False,
15.09.2026,15,Salı,10528936408,01364,01364,YUSUF ÇETİN,,HALİL DİĞRENCİ,08:09,17:05,08:00,17:05,"08:09, 17:05",8.93,1.5,7.5,7.5,0.0,0.0,7.5,NORMAL,False,
15.09.2026,15,Salı,31861120316,00191,00191,ZAHİDE GÜRBÜZ,BALIK TEMİZLEME,BALIKESİR,07:52,17:02,08:00,17:02,"07:52, 17:02",9.17,1.5,7.5,7.5,0.0,0.0,7.5,NORMAL,False,
15.09.2026,15,Salı,27560597764,01048,01048,ZAHİDE HAĞİ,BALIK TEMİZLEME,HALİL DİĞRENCİ,08:05,17:02,08:00,17:02,"08:05, 17:02",8.95,1.5,7.5,7.5,0.0,0.0,7.5,NORMAL,False,
15.09.2026,15,Salı,31552110794,00935,00935,ZAHİDE KALDEMİR,BALIK TEMİZLEME,GÜVEN MUSTAFAKEMALPAŞA,07:53,17:03,08:00,17:03,"07:53, 17:03",9.17,1.5,7.5,7.5,0.0,0.0,7.5,NORMAL,False,
15.09.2026,15,Salı,22249543988,00192,00192,ZAHİDE NEDİRLİ,KALİTE,KARACABEY,07:45,17:08,08:00,17:08,"07:45, 17:08",9.38,1.5,7.5,7.5,0.0,0.0,7.5,NORMAL,False,
15.09.2026,15,Salı,34486535794,01288,01288,ZAHİDE ÖKÇE,ÜRETİM,SÇEVİKAT ÇELİK,19:58,00:28,20:00,00:28,"19:58, 00:28",4.5,0.5,4.0,3.5,0.5,0.0,4.0,NORMAL,False,
15.09.2026,15,Salı,10820807680,01097,01097,ZEHRA ONUK,ÜRETİM,HALİL DİĞRENCİ,08:06,17:08,08:00,17:08,"08:06, 17:08",9.03,1.5,7.5,7.5,0.0,0.0,7.5,NORMAL,False,
15.09.2026,15,Salı,28729335166,00936,00936,ZELİHA KEİREMETÇİ,BALIK TEMİZLEME,GÜVEN MUSTAFAKEMALPAŞA,07:53,17:05,08:00,17:05,"07:53, 17:05",9.2,1.5,7.5,7.5,0.0,0.0,7.5,NORMAL,False,
15.09.2026,15,Salı,14047825472,00937,00937,ZELİHA ORUÇ,BALIK TEMİZLEME,GÜVEN MUSTAFAKEMALPAŞA,07:52,17:02,08:00,17:02,"07:52, 17:02",9.17,1.5,7.5,7.5,0.0,0.0,7.5,NORMAL,False,
15.09.2026,15,Salı,24289352612,00244,00244,ZEYNEP KARAMAN,BALIK TEMİZLEME,BALIKESİR,07:51,17:00,08:00,17:00,"07:51, 17:00",9.15,1.5,7.5,7.5,0.0,0.0,7.5,NORMAL,False,
15.09.2026,15,Salı,33742169780,00246,00246,ZEYNEP KURT,BALIK DOLUM,MKP,09:47,19:13,09:30,19:13,"09:47, 19:13",9.43,1.5,8.0,6.0,4.0,2.0,10.0,BÖLÜM_PRİMLİ,False,"Balık Dolum ve Kesim Primi: Fiili 8,0s -> Bonuslu 10,0s (+2,0s Prim)"
15.09.2026,15,Salı,22498412394,00765,00765,ZEYNEP ONBAŞI,YEMEKHANE,BALIKESİR,07:52,16:59,08:00,16:59,"07:52, 16:59",9.12,1.5,7.5,7.5,0.0,0.0,7.5,NORMAL,False,
15.09.2026,15,Salı,22319750032,00782,00782,ÇİDEM FİDAN,BALIK TEMİZLEME,BANDIRMA,07:43,17:03,08:00,17:03,"07:43, 17:03",9.33,1.5,7.5,7.5,0.0,0.0,7.5,NORMAL,False,
15.09.2026,15,Salı,17749594400,00033,00033,ÇİSEM BÇAKIR,KALİTE,SUSURLUK,15:50,23:57,15:50,23:57,"15:50, 23:57",8.12,0.5,7.5,7.5,0.0,0.0,7.5,NORMAL,False,
15.09.2026,15,Salı,27235386938,00139,00139,ÖMÜRLÜ FERİK,KAZAN,MKP,07:43,20:03,08:00,20:03,"07:43, 20:03",12.33,1.5,10.5,7.5,3.0,0.0,10.5,NORMAL,False,
15.09.2026,15,Salı,12268777280,00185,00185,ÜMMÜ AYDOĞAN,ÜRETİM,SUSURLUK TUR-REŞAT,07:42,17:05,08:00,17:05,"07:42, 17:05",9.38,1.5,7.5,7.5,0.0,0.0,7.5,NORMAL,False,
15.09.2026,15,Salı,10198947728,00410,00410,ÜMİT BATIN TÜRKAN,BAKIM,KARACABEY,08:27,17:22,08:30,17:22,"08:27, 17:22",8.92,1.5,7.0,7.0,0.0,0.0,7.0,NORMAL,False,
15.09.2026,15,Salı,37075059770,01350,01350,ÜVEYS SEPETÇİ,ÜRETİM,GÜVEN MUSTAFAKEMALPAŞA,07:54,-,07:54,17:00,07:54,7.5,1.5,7.5,7.5,0.0,0.0,7.5,ÇIKIŞ_YOK_SABAH,True,"Giriş: 07:54 | Çıkış Basılmadı (Tam Gün 7,5s yazıldı)"
15.09.2026,15,Salı,29515203096,00092,00092,İBÜŞRAHİM YILDIRIM,MEYDAN,MKP,07:45,19:13,08:00,19:13,"07:45, 19:13",11.47,1.5,9.5,7.5,2.0,0.0,9.5,NORMAL,False,
15.09.2026,15,Salı,25060351046,00230,00230,İSMAİL İMİR,OTOKLAV OPERATÖRÜ,SUSURLUK,07:58,19:29,08:00,19:29,"07:58, 19:29",11.52,1.5,10.0,7.5,2.5,0.0,10.0,NORMAL,False,
15.09.2026,15,Salı,38233180558,00178,00178,ŞAKİR KARAKAŞ,AMBAR,BANDIRMA,07:46,17:06,08:00,17:06,"07:46, 17:06",9.33,1.5,7.5,7.5,0.0,0.0,7.5,NORMAL,False,
15.09.2026,15,Salı,10255820520,00242,00242,ŞERBANE SARAN,BALIK TEMİZLEME,BALIKESİR,07:51,17:01,08:00,17:01,"07:51, 17:01",9.17,1.5,7.5,7.5,0.0,0.0,7.5,NORMAL,False,
16.09.2026,16,Çarşamba,18655664102,00011,00011,ADVİYE YARICI,BALIK TEMİZLEME,HALİL DİĞRENCİ,08:07,17:01,08:00,17:01,"08:07, 17:01",8.9,1.5,7.5,7.5,0.0,0.0,7.5,NORMAL,False,
16.09.2026,16,Çarşamba,44626409038,01113,01113,AHMET ALİ TÜRKMEN,ÜRETİM,BİGADİÇ,15:58,00:01,15:58,00:01,"15:58, 00:01",8.05,0.5,7.5,7.5,0.0,0.0,7.5,NORMAL,False,
16.09.2026,16,Çarşamba,23527501454,00583,00583,AHMET BEYHAN,BAKIM,KARACABEY,08:07,20:07,08:00,20:07,"08:07, 20:07",12.0,1.5,10.5,7.5,3.0,0.0,10.5,NORMAL,False,
16.09.2026,16,Çarşamba,21925456598,00830,00830,AHMET ÇÇAYLAK,AMBAR,BALIKESİR,07:47,13:13,08:00,13:13,"07:47, 13:13",5.43,1.5,3.5,3.5,0.0,0.0,3.5,NORMAL,False,
16.09.2026,16,Çarşamba,28123249472,00207,00207,AHMET ŞŞENER,MEYDAN,SUSURLUK,07:48,16:59,08:00,16:59,"07:48, 16:59",9.18,1.5,7.5,7.5,0.0,0.0,7.5,NORMAL,False,
16.09.2026,16,Çarşamba,16510742668,01154,01154,AKİF TÜRKÇÜ,BALIK TEMİZLİK,MKP,-,17:47,08:00,17:47,17:47,9.78,1.5,8.0,7.5,0.5,0.0,8.0,GİRİŞ_YOK_AKŞAM,True,"Çıkış: 17:47 | Giriş Basılmadı (08:00 başı ile 8,0s korundu)"
16.09.2026,16,Çarşamba,,01382,01382,ALİ BALTA,,HALİL DİĞRENCİ,08:10,16:57,08:00,16:57,"08:10, 16:57",8.78,1.5,7.5,7.5,0.0,0.0,7.5,NORMAL,False,
16.09.2026,16,Çarşamba,13183506030,01102,01102,ALİ EŞREF AKIN,ÜRETİM,HALİL DİĞRENCİ,08:08,20:01,08:00,20:01,"08:08, 20:01",11.88,1.5,10.5,7.5,3.0,0.0,10.5,NORMAL,False,
16.09.2026,16,Çarşamba,18394573482,00208,00208,ANIL DEMİRTAŞ,KONSERVE ÜRETİM ELEMANI,GÖBEL,16:16,00:06,16:00,00:06,"16:16, 00:06",7.83,0.5,7.5,7.5,0.0,0.0,7.5,NORMAL,False,
16.09.2026,16,Çarşamba,99320980932,00247,00247,ANUD ELMEAŞİ,BALIK TEMİZLEME,GÜVEN TURİZM,07:37,17:00,08:00,17:00,"07:37, 17:00",9.38,1.5,7.5,7.5,0.0,0.0,7.5,NORMAL,False,
16.09.2026,16,Çarşamba,28033351500,01357,01357,ARZU ÖZTÜRK,BALIK TEMİZLEME,GÜVEN MUSTAFAKEMALPAŞA,07:55,17:00,08:00,17:00,"07:55, 17:00",9.08,1.5,7.5,7.5,0.0,0.0,7.5,NORMAL,False,
16.09.2026,16,Çarşamba,24709461474,00894,00894,ASLI BAYRAKTAR,BALIK DOLUM,GÜVEN TURİZM,07:37,17:03,08:00,17:03,"07:37, 17:03",9.43,1.5,7.5,7.5,2.0,2.0,9.5,BÖLÜM_PRİMLİ,False,"Balık Dolum ve Kesim Primi: Fiili 7,5s -> Bonuslu 9,5s (+2,0s Prim)"
16.09.2026,16,Çarşamba,12572550074,00209,00209,ASYA TİLKİ,BALIK TEMİZLEME,KARACABEY,07:43,17:00,08:00,17:00,"07:43, 17:00",9.28,1.5,7.5,7.5,0.0,0.0,7.5,NORMAL,False,
16.09.2026,16,Çarşamba,22426711476,00754,00754,AYNUR DEMİRCAN,BALIK TEMİZLEME,HALİL DİĞRENCİ,08:09,17:00,08:00,17:00,"08:09, 17:00",8.85,1.5,7.5,7.5,0.0,0.0,7.5,NORMAL,False,
16.09.2026,16,Çarşamba,13543834438,01145,01145,AYSEL ÇETİNTAŞ,ÜRETİM,HALİL DİĞRENCİ,08:08,20:00,08:00,20:00,"08:08, 20:00",11.87,1.5,10.5,7.5,3.0,0.0,10.5,NORMAL,False,
16.09.2026,16,Çarşamba,,01385,01385,AYÇA KARAMAN,,HALİL DİĞRENCİ,07:52,-,07:52,17:00,07:52,7.5,1.5,7.5,7.5,0.0,0.0,7.5,ÇIKIŞ_YOK_SABAH,True,"Giriş: 07:52 | Çıkış Basılmadı (Tam Gün 7,5s yazıldı)"
16.09.2026,16,Çarşamba,25567503092,00211,00211,AYÇA SEZER,KALİTE,BANDIRMA,07:41,17:03,08:00,17:03,"07:41, 17:03",9.37,1.5,7.5,7.5,0.0,0.0,7.5,NORMAL,False,
16.09.2026,16,Çarşamba,24280352994,00214,00214,AYŞE KARAMAN,BALIK TEMİZLEME,BALIKESİR,07:52,16:56,08:00,16:56,"07:52, 16:56",9.07,1.5,7.5,7.5,0.0,0.0,7.5,NORMAL,False,
16.09.2026,16,Çarşamba,33253033204,00021,00021,AYŞE KURT,ÜRETİM,BİGADİÇ,16:01,00:01,16:00,00:01,"16:01, 00:01",8.0,0.5,7.5,7.5,0.0,0.0,7.5,NORMAL,False,
16.09.2026,16,Çarşamba,34120156552,00215,00215,AYŞE YILMAZ,BALIK DOLUM,MKP,09:48,17:01,09:30,17:01,"09:48, 17:01",7.22,1.5,6.0,6.0,2.0,2.0,8.0,BÖLÜM_PRİMLİ,False,"Balık Dolum ve Kesim Primi: Fiili 6,0s -> Bonuslu 8,0s (+2,0s Prim)"
16.09.2026,16,Çarşamba,11284759850,00018,00018,AYŞE ÇENECİOĞLU,AMBAR,BİGADİÇ,07:44,19:45,08:00,19:45,"07:44, 19:45",12.02,1.5,10.0,7.5,2.5,0.0,10.0,NORMAL,False,
16.09.2026,16,Çarşamba,25610607388,01353,01353,BAHAR FİDAN,ÜRETİM,SÇEVİKAT ÇELİK,19:46,08:04,19:30,08:04,"19:46, 08:04",12.3,0.5,12.0,4.0,12.0,4.0,16.0,BÖLÜM_PRİMLİ,False,"Üretim Primi: Fiili 12,0s -> Bonuslu 16,0s (+4,0s Prim)"
16.09.2026,16,Çarşamba,12496719380,01139,01139,BEDİA KAYMAZ,AMBAR,BİGADİÇ,07:44,19:44,08:00,19:44,"07:44, 19:44",12.0,1.5,10.0,7.5,2.5,0.0,10.0,NORMAL,False,
16.09.2026,16,Çarşamba,14725695762,00025,00025,BEHİCE YALMAN,BALIK DOLUM,GÖBEL,09:48,17:02,09:30,17:02,"09:48, 17:01, 17:02",7.23,1.5,6.0,6.0,2.0,2.0,8.0,BÖLÜM_PRİMLİ,True,"Çoklu Basım: İlk Giriş 09:48, Son Çıkış 17:02 (6,0s) | Balık Dolum ve Kesim Primi: Fiili 6,0s -> Bonuslu 8,0s (+2,0s Prim)"
16.09.2026,16,Çarşamba,25297298992,00216,00216,BETÜL TUNÇ,BALIK TEMİZLEME,BANDIRMA,07:41,16:59,08:00,16:59,"07:41, 16:59",9.3,1.5,7.5,7.5,0.0,0.0,7.5,NORMAL,False,
16.09.2026,16,Çarşamba,10201948476,01170,01170,BUKET DÖNMEZ,KALİTE,HALİL DİĞRENCİ,08:07,17:08,08:00,17:08,"08:07, 17:08",9.02,1.5,7.5,7.5,0.0,0.0,7.5,NORMAL,False,
16.09.2026,16,Çarşamba,33316051664,01339,01339,BİLGİNUR SÜMER,BALIK TEMİZLEME,BALIKESİR,07:54,16:57,08:00,16:57,"07:54, 16:57",9.05,1.5,7.5,7.5,0.0,0.0,7.5,NORMAL,False,
16.09.2026,16,Çarşamba,11950763822,01348,01348,BİLGİYE TOPAL,BALIK TEMİZLEME,GÜVEN MUSTAFAKEMALPAŞA,07:55,17:04,08:00,17:04,"07:55, 17:04",9.15,1.5,7.5,7.5,0.0,0.0,7.5,NORMAL,False,
16.09.2026,16,Çarşamba,31678238334,00922,00922,CANSEL AKCAN,BALIK TEMİZLEME,GÜVEN MUSTAFAKEMALPAŞA,07:54,16:59,08:00,16:59,"07:54, 16:59",9.08,1.5,7.5,7.5,0.0,0.0,7.5,NORMAL,False,
16.09.2026,16,Çarşamba,16933572286,00030,00030,CANSEVER ÇÇAKMAK,AMBAR,BİGADİÇ,07:44,19:44,08:00,19:44,"07:44, 19:44",12.0,1.5,10.0,7.5,2.5,0.0,10.0,NORMAL,False,
16.09.2026,16,Çarşamba,33154180038,00031,00031,CEMALETTİN BEDİZCİ,BAKIM,KARACABEY,07:44,17:08,08:00,17:08,"07:44, 17:08",9.4,1.5,7.5,7.5,0.0,0.0,7.5,NORMAL,False,
16.09.2026,16,Çarşamba,23083367440,00320,00320,CEYDA ÖZ,KALİTE,BİGADİÇ,15:58,23:56,15:58,23:56,"15:58, 23:56",7.97,0.5,7.5,7.5,0.0,0.0,7.5,NORMAL,False,
16.09.2026,16,Çarşamba,19313787324,00943,00943,CİHAN YILMAZ,BALIK,HALİL DİĞRENCİ,08:10,-,08:10,17:00,08:10,7.5,1.5,7.5,7.5,0.0,0.0,7.5,ÇIKIŞ_YOK_SABAH,True,"Giriş: 08:10 | Çıkış Basılmadı (Tam Gün 7,5s yazıldı)"
16.09.2026,16,Çarşamba,37525041782,00218,00218,DERYA SEVİNÇ,FORMEN,MKP,07:44,17:03,08:00,17:03,"07:44, 17:03",9.32,1.5,7.5,7.5,0.0,0.0,7.5,NORMAL,False,
16.09.2026,16,Çarşamba,24961035246,01098,01098,DUDU ÖRENGÜL,KALİTE,GÜVEN MUSTAFAKEMALPAŞA,07:54,17:01,08:00,17:01,"07:54, 17:01",9.12,1.5,7.5,7.5,0.0,0.0,7.5,NORMAL,False,
16.09.2026,16,Çarşamba,99848635024,00283,00283,DUHA EL MUFADDİ,BALIK TEMİZLEME,MKP,07:45,17:01,08:00,17:01,"07:45, 17:01",9.27,1.5,7.5,7.5,0.0,0.0,7.5,NORMAL,False,
16.09.2026,16,Çarşamba,10456937386,01362,01362,DİLEK ÇETİN,,HALİL DİĞRENCİ,08:08,17:09,08:00,17:09,"08:08, 17:09",9.02,1.5,7.5,7.5,0.0,0.0,7.5,NORMAL,False,
16.09.2026,16,Çarşamba,12562741222,00872,00872,EBRU ÖÖZALP,BALIK TEMİZLEME,BALIKESİR,07:53,16:57,08:00,16:57,"07:53, 16:57",9.07,1.5,7.5,7.5,0.0,0.0,7.5,NORMAL,False,
16.09.2026,16,Çarşamba,29563469352,00563,00563,EDİP EKİNCİ,KAZAN,SUSURLUK,19:31,06:16,19:30,06:16,"19:31, 06:16",10.75,0.5,10.0,4.0,6.0,0.0,10.0,NORMAL,False,
16.09.2026,16,Çarşamba,10066843626,00374,00374,EFE EVİM,AMBAR,BİGADİÇ,07:45,19:11,08:00,19:11,"07:45, 19:11",11.43,1.5,9.5,7.5,2.0,0.0,9.5,NORMAL,False,
16.09.2026,16,Çarşamba,14266711334,00037,00037,EFRAİM DUMAN,AMBAR,SUSURLUK,20:03,08:01,00:00,08:01,"20:03, 08:01",11.97,0.5,7.5,7.5,0.0,0.0,7.5,NORMAL,False,
16.09.2026,16,Çarşamba,20036722080,00039,00039,ELMAS OMAY,AMBAR,BALIKESİR,07:53,19:45,08:00,19:45,"07:53, 19:45",11.87,1.5,10.0,7.5,2.5,0.0,10.0,NORMAL,False,
16.09.2026,16,Çarşamba,20266511430,00002,00002,ELİF YAVAŞ,MUHASEBE,SUSURLUK,08:07,17:04,08:00,17:04,"08:07, 17:04",8.95,1.5,7.5,7.5,0.0,0.0,7.5,NORMAL,False,
16.09.2026,16,Çarşamba,31009103096,00204,00204,EMEL SANAN,AMBAR,BİGADİÇ,07:44,19:43,08:00,19:43,"07:44, 19:43",11.98,1.5,10.0,7.5,2.5,0.0,10.0,NORMAL,False,
16.09.2026,16,Çarşamba,21550576494,01091,01091,EMRE BAŞAR,ÜRETİM,GÜVEN MUSTAFAKEMALPAŞA,07:56,20:01,08:00,20:01,"07:56, 20:01",12.08,1.5,10.5,7.5,3.0,0.0,10.5,NORMAL,False,
16.09.2026,16,Çarşamba,01377,01377,01377,EMRİCAN DURMAN,DİĞER,HALİL DİĞRENCİ,07:54,19:59,08:00,19:59,"07:54, 19:59",12.08,1.5,10.5,7.5,3.0,0.0,10.5,NORMAL,False,
16.09.2026,16,Çarşamba,20584476770,00219,00219,EMİNE ATEŞ,BALIK TEMİZLEME,BALIKESİR,07:53,16:56,08:00,16:56,"07:53, 16:56",9.05,1.5,7.5,7.5,0.0,0.0,7.5,NORMAL,False,
16.09.2026,16,Çarşamba,12523718256,00043,00043,EMİNE BAYER,AMBAR,BİGADİÇ,07:44,19:43,08:00,19:43,"07:44, 19:43",11.98,1.5,10.0,7.5,2.5,0.0,10.0,NORMAL,False,
16.09.2026,16,Çarşamba,16111749134,01300,01300,EMİNE KARAMAN,BALIK TEMİZLEME,HALİL DİĞRENCİ,08:09,16:57,08:00,16:57,"08:09, 16:57",8.8,1.5,7.5,7.5,0.0,0.0,7.5,NORMAL,False,
16.09.2026,16,Çarşamba,12379749978,00197,00197,EMİNE SARI,YEMEKHANE,BALIKESİR,07:53,17:03,08:00,17:03,"07:53, 17:03",9.17,1.5,7.5,7.5,0.0,0.0,7.5,NORMAL,False,
16.09.2026,16,Çarşamba,45328882280,00859,00859,EMİNE YAVUZ,BALIK TEMİZLEME,GÜVEN TURİZM,07:37,17:01,08:00,17:01,"07:37, 17:01",9.4,1.5,7.5,7.5,0.0,0.0,7.5,NORMAL,False,
16.09.2026,16,Çarşamba,20503503198,00045,00045,EMİNE ÇAPAR,YEMEKHANE,GÖBEL,18:42,04:11,18:30,04:11,"18:42, 04:11",9.48,0.5,9.0,5.0,4.0,0.0,9.0,NORMAL,False,
16.09.2026,16,Çarşamba,37030668238,01180,01180,EMİNE ŞENTÜRK CİNGÖZ,BALIK TEMİZLEME,GÜVEN TURİZM,07:36,17:02,08:00,17:02,"07:36, 17:02",9.43,1.5,7.5,7.5,0.0,0.0,7.5,NORMAL,False,
16.09.2026,16,Çarşamba,10036852948,00046,00046,EMİRHAN MUTLU,BAKIM,GÖBEL,08:10,17:16,08:00,17:16,"08:10, 17:16",9.1,1.5,7.5,7.5,0.0,0.0,7.5,NORMAL,False,
16.09.2026,16,Çarşamba,98284188514,00293,00293,ENES ABDE,BALIK TEMİZLEME,MKP,07:45,16:59,08:00,16:59,"07:45, 16:59",9.23,1.5,7.5,7.5,0.0,0.0,7.5,NORMAL,False,
16.09.2026,16,Çarşamba,34795126850,01351,01351,ERCAN POLAT,BİLGİSAYAR MÜHENDİSİ,KARACABEY,07:43,17:06,08:00,17:06,"07:43, 17:06",9.38,1.5,7.5,7.5,0.0,0.0,7.5,NORMAL,False,
16.09.2026,16,Çarşamba,23131415628,00047,00047,ERDİN TETİK,MEYDAN,SUSURLUK,23:44,07:55,00:00,07:55,"23:44, 07:55",8.18,0.5,7.5,7.5,0.0,0.0,7.5,NORMAL,False,
16.09.2026,16,Çarşamba,22260441248,00198,00198,ERSİN ESER,BAKIM,GÖBEL,19:54,07:55,20:00,07:55,"19:54, 07:55",12.02,0.5,11.5,3.5,8.0,0.0,11.5,NORMAL,False,
16.09.2026,16,Çarşamba,11633067636,00221,00221,EİREMŞAH KIZILKAYA,BALIK DOLUM,GÖBEL,09:48,17:01,09:30,17:01,"09:48, 17:01",7.22,1.5,6.0,6.0,2.0,2.0,8.0,BÖLÜM_PRİMLİ,False,"Balık Dolum ve Kesim Primi: Fiili 6,0s -> Bonuslu 8,0s (+2,0s Prim)"
16.09.2026,16,Çarşamba,35183294274,00926,00926,FATMA DEMİRER,BALIK TEMİZLEME,GÜVEN MUSTAFAKEMALPAŞA,07:54,17:00,08:00,17:00,"07:54, 17:00",9.1,1.5,7.5,7.5,0.0,0.0,7.5,NORMAL,False,
16.09.2026,16,Çarşamba,32986036254,00056,00056,FATMA ÇAM,ÜRETİM,BİGADİÇ,15:59,00:02,15:59,00:02,"15:59, 00:02",8.05,0.5,7.5,7.5,0.0,0.0,7.5,NORMAL,False,
16.09.2026,16,Çarşamba,31594082608,00057,00057,FATMA ÖZÇAM,ÜRETİM,BİGADİÇ,15:59,00:01,15:59,00:01,"15:59, 00:01",8.03,0.5,7.5,7.5,0.0,0.0,7.5,NORMAL,False,
16.09.2026,16,Çarşamba,11890896888,00223,00223,FATMAGÜL ÇEKİ,BALIK DOLUM,MKP,09:48,17:01,09:30,17:01,"09:48, 17:01",7.22,1.5,6.0,6.0,2.0,2.0,8.0,BÖLÜM_PRİMLİ,False,"Balık Dolum ve Kesim Primi: Fiili 6,0s -> Bonuslu 8,0s (+2,0s Prim)"
16.09.2026,16,Çarşamba,21898406446,01065,01065,FERUDUN BAKAN,ÜRETİM,BİGADİÇ,15:58,00:02,15:58,00:02,"15:58, 00:02",8.07,0.5,7.5,7.5,0.0,0.0,7.5,NORMAL,False,
16.09.2026,16,Çarşamba,31933222184,00224,00224,FEVZİYE EREL,BALIK TEMİZLEME,HALİL DİĞRENCİ,08:09,17:01,08:00,17:01,"08:09, 17:01",8.87,1.5,7.5,7.5,0.0,0.0,7.5,NORMAL,False,
16.09.2026,16,Çarşamba,17431713232,00927,00927,FİSUN ETİLER,,GÜVEN MUSTAFAKEMALPAŞA,07:54,16:57,08:00,16:57,"07:54, 16:57",9.05,1.5,7.5,7.5,0.0,0.0,7.5,NORMAL,False,
16.09.2026,16,Çarşamba,33739783340,00739,00739,GURBET DUMAN,BALIK TEMİZLEME,HALİL DİĞRENCİ,08:09,17:02,08:00,17:02,"08:09, 17:02",8.88,1.5,7.5,7.5,0.0,0.0,7.5,NORMAL,False,
16.09.2026,16,Çarşamba,24541318660,00065,00065,GÜLCAN BİLGİÇ,AMBAR,BİGADİÇ,07:45,19:06,08:00,19:06,"07:45, 19:06",11.35,1.5,9.5,7.5,2.0,0.0,9.5,NORMAL,False,
16.09.2026,16,Çarşamba,53689106020,00073,00073,GÜLSÜM GÖRGÜLÜ,AMBAR,BİGADİÇ,07:45,19:08,08:00,19:08,"07:45, 19:08",11.38,1.5,9.5,7.5,2.0,0.0,9.5,NORMAL,False,
16.09.2026,16,Çarşamba,45184908278,00226,00226,GÜLTEN DURMAZ,BALIK DOLUM,GÖBEL,09:48,17:01,09:30,17:01,"09:48, 17:01",7.22,1.5,6.0,6.0,2.0,2.0,8.0,BÖLÜM_PRİMLİ,False,"Balık Dolum ve Kesim Primi: Fiili 6,0s -> Bonuslu 8,0s (+2,0s Prim)"
16.09.2026,16,Çarşamba,10996768938,00071,00071,GÜLTEN GİDER,AMBAR,BİGADİÇ,07:45,19:45,08:00,19:45,"07:45, 19:45",12.0,1.5,10.0,7.5,2.5,0.0,10.0,NORMAL,False,
16.09.2026,16,Çarşamba,21010592606,01022,01022,GÜLÜMSER KARABIYIK,BALIK TEMİZLEME,GÜVEN MUSTAFAKEMALPAŞA,07:56,17:11,08:00,17:11,"07:56, 17:11",9.25,1.5,7.5,7.5,0.0,0.0,7.5,NORMAL,False,
16.09.2026,16,Çarşamba,11593899780,00773,00773,GÜRAY PALA,BALIK KESİM,HALİL DİĞRENCİ,22:49,08:00,00:00,08:00,"22:49, 08:00",9.18,0.5,7.5,7.5,2.0,2.0,9.5,BÖLÜM_PRİMLİ,False,"Balık Dolum ve Kesim Primi: Fiili 7,5s -> Bonuslu 9,5s (+2,0s Prim)"
16.09.2026,16,Çarşamba,22639531168,01078,01078,HAFİZE AVCIOĞLU,BALIK TEMİZLEME,GÜVEN TURİZM,07:36,16:57,08:00,16:57,"07:36, 16:57",9.35,1.5,7.5,7.5,0.0,0.0,7.5,NORMAL,False,
16.09.2026,16,Çarşamba,13708835836,01159,01159,HAMİT GİRGİN,BALIK TEMİZLEME,GÜVEN MUSTAFAKEMALPAŞA,09:49,17:02,09:30,17:02,"09:49, 17:02",7.22,1.5,6.0,6.0,0.0,0.0,6.0,NORMAL,False,
16.09.2026,16,Çarşamba,20290485820,01060,01060,HANİFE YILDIRIM,BALIK TEMİZLEME,BALIKESİR,07:53,17:00,08:00,17:00,"07:53, 17:00",9.12,1.5,7.5,7.5,0.0,0.0,7.5,NORMAL,False,
16.09.2026,16,Çarşamba,14779989510,00080,00080,HARUN YAHYA DURSUN,BALIK DOLUM,GÖBEL,09:18,19:34,09:00,19:34,"09:18, 19:34",10.27,1.5,9.0,6.5,4.5,2.0,11.0,BÖLÜM_PRİMLİ,False,"Balık Dolum ve Kesim Primi: Fiili 9,0s -> Bonuslu 11,0s (+2,0s Prim)"
16.09.2026,16,Çarşamba,32194063110,00574,00574,HATİCE ERBAŞ,AMBAR,BİGADİÇ,07:45,19:43,08:00,19:43,"07:45, 19:43",11.97,1.5,10.0,7.5,2.5,0.0,10.0,NORMAL,False,
16.09.2026,16,Çarşamba,45823635220,01148,01148,HATİCE GÖLBAŞ,ÜRETİM,HALİL DİĞRENCİ,08:10,20:00,08:00,20:00,"08:10, 20:00",11.83,1.5,10.5,7.5,3.0,0.0,10.5,NORMAL,False,
16.09.2026,16,Çarşamba,31324091924,00084,00084,HATİCE KURT,ÜRETİM,BİGADİÇ,15:59,00:01,15:59,00:01,"15:59, 00:01",8.03,0.5,7.5,7.5,0.0,0.0,7.5,NORMAL,False,
16.09.2026,16,Çarşamba,10817807990,01096,01096,HATİCE ONUK,ÜRETİM,HALİL DİĞRENCİ,08:08,17:09,08:00,17:09,"08:08, 17:09",9.02,1.5,7.5,7.5,0.0,0.0,7.5,NORMAL,False,
16.09.2026,16,Çarşamba,33850041688,00577,00577,HATİCE SAVAŞÇI,BALIK TEMİZLEME,BALIKESİR,07:53,16:56,08:00,16:56,"07:53, 16:56",9.05,1.5,7.5,7.5,0.0,0.0,7.5,NORMAL,False,
16.09.2026,16,Çarşamba,26002427744,00227,00227,HAVVA ALPER,BALIK DOLUM,MKP,09:48,17:01,09:30,17:01,"09:48, 17:01",7.22,1.5,6.0,6.0,2.0,2.0,8.0,BÖLÜM_PRİMLİ,False,"Balık Dolum ve Kesim Primi: Fiili 6,0s -> Bonuslu 8,0s (+2,0s Prim)"
16.09.2026,16,Çarşamba,26653281238,00228,00228,HAVVA BAYRAM,BALIK TEMİZLEME,BALIKESİR,07:52,16:56,08:00,16:56,"07:52, 16:56",9.07,1.5,7.5,7.5,0.0,0.0,7.5,NORMAL,False,
16.09.2026,16,Çarşamba,30367150308,00852,00852,HAYRULLAH TOPRAK,AMBAR,GÜVEN TURİZM,07:52,17:09,08:00,17:09,"07:52, 17:09",9.28,1.5,7.5,7.5,0.0,0.0,7.5,NORMAL,False,
16.09.2026,16,Çarşamba,10156949566,01270,01270,HAYRİYE BEYİRKEN,ÜRETİM,HALİL DİĞRENCİ,08:08,19:59,08:00,19:59,"08:08, 19:59",11.85,1.5,10.5,7.5,3.0,0.0,10.5,NORMAL,False,
16.09.2026,16,Çarşamba,11284916406,01143,01143,HÜLYA TANIŞ,BALIK TEMİZLEME,GÜVEN MUSTAFAKEMALPAŞA,07:55,17:01,08:00,17:01,"07:55, 17:01",9.1,1.5,7.5,7.5,0.0,0.0,7.5,NORMAL,False,
16.09.2026,16,Çarşamba,33289026430,00480,00480,HÜLYA TOPAL,AMBAR,BİGADİÇ,07:44,19:43,08:00,19:43,"07:44, 19:43",11.98,1.5,10.0,7.5,2.5,0.0,10.0,NORMAL,False,
16.09.2026,16,Çarşamba,30856107820,00091,00091,HÜLYA ÜÜNAL,AMBAR,BİGADİÇ,07:44,19:44,08:00,19:44,"07:44, 19:44",12.0,1.5,10.0,7.5,2.5,0.0,10.0,NORMAL,False,
16.09.2026,16,Çarşamba,23524501518,00231,00231,KADRİYE BEYHAN,BALIK TEMİZLEME,HALİL DİĞRENCİ,08:09,17:00,08:00,17:00,"08:09, 17:00",8.85,1.5,7.5,7.5,0.0,0.0,7.5,NORMAL,False,
16.09.2026,16,Çarşamba,49981303052,00093,00093,KADİR AZAR,AMBAR,KARACABEY,08:07,20:01,08:00,20:01,"08:07, 20:01",11.9,1.5,10.5,7.5,3.0,0.0,10.5,NORMAL,False,
16.09.2026,16,Çarşamba,27448226656,00095,00095,KAMİLE DAĞDÇELEN,AMBAR,BİGADİÇ,07:44,19:06,08:00,19:06,"07:44, 19:06",11.37,1.5,9.5,7.5,2.0,0.0,9.5,NORMAL,False,
16.09.2026,16,Çarşamba,99656887974,00294,00294,KEFA EL HUDUR,BALIK TEMİZLEME,MKP,07:45,17:01,08:00,17:01,"07:45, 17:01",9.27,1.5,7.5,7.5,0.0,0.0,7.5,NORMAL,False,
16.09.2026,16,Çarşamba,33067084584,00097,00097,KEMAL DURMUŞ,İŞLETME,SUSURLUK,20:03,08:02,00:00,08:02,"20:03, 08:02",11.98,0.5,7.5,7.5,0.0,0.0,7.5,NORMAL,False,
16.09.2026,16,Çarşamba,37573316870,01220,01220,KEZİBAN ARAS,ÜRETİM,SÇEVİKAT ÇELİK,19:45,08:04,19:30,08:04,"19:45, 08:04",12.32,0.5,12.0,4.0,12.0,4.0,16.0,BÖLÜM_PRİMLİ,False,"Üretim Primi: Fiili 12,0s -> Bonuslu 16,0s (+4,0s Prim)"
16.09.2026,16,Çarşamba,33397029286,01327,01327,KÜBÜŞRA ALTAY,SATIN ALMA,BANDIRMA,07:41,17:03,08:00,17:03,"07:41, 17:03",9.37,1.5,7.5,7.5,0.0,0.0,7.5,NORMAL,False,
16.09.2026,16,Çarşamba,25657430024,00199,00199,KÜRŞAT TÜRKAN,BAKIM,KARACABEY,08:25,18:21,08:30,18:21,"08:25, 18:21",9.93,1.5,8.0,7.0,1.0,0.0,8.0,NORMAL,False,
16.09.2026,16,Çarşamba,99959615564,00200,00200,MAHMOUD ALZALEK,ELEKTRİK,SUSURLUK,20:03,08:01,00:00,08:01,"20:03, 08:01",11.97,0.5,7.5,7.5,0.0,0.0,7.5,NORMAL,False,
16.09.2026,16,Çarşamba,29749160806,00104,00104,MAHİR HİLMİ ULUKÖK,YENİ BALIK HATTI,SUSURLUK,08:07,19:00,08:00,19:00,"08:07, 19:00",10.88,1.5,9.5,7.5,2.0,0.0,9.5,NORMAL,False,
16.09.2026,16,Çarşamba,54871132810,00232,00232,MAHİZER BAĞ,BALIK TEMİZLEME,KARACABEY,07:44,17:03,08:00,17:03,"07:44, 17:03",9.32,1.5,7.5,7.5,0.0,0.0,7.5,NORMAL,False,
16.09.2026,16,Çarşamba,,01387,01387,MEHMET EMİN BATUR,,HALİL DİĞRENCİ,07:53,20:00,08:00,20:00,"07:53, 20:00",12.12,1.5,10.5,7.5,3.0,0.0,10.5,NORMAL,False,
16.09.2026,16,Çarşamba,13876724772,00500,00500,MEHMET KARTAL,AMBAR,SUSURLUK,07:47,19:45,08:00,19:45,"07:47, 19:45",11.97,1.5,10.0,7.5,2.5,0.0,10.0,NORMAL,False,
16.09.2026,16,Çarşamba,30181166332,00233,00233,MEMNUNE KARAMAN,BALIK TEMİZLEME,BALIKESİR,07:52,17:00,08:00,17:00,"07:52, 17:00",9.13,1.5,7.5,7.5,0.0,0.0,7.5,NORMAL,False,
16.09.2026,16,Çarşamba,,01386,01386,MENEKŞE DURMAN,,HALİL DİĞRENCİ,07:53,19:58,08:00,19:58,"07:53, 19:58",12.08,1.5,10.5,7.5,3.0,0.0,10.5,NORMAL,False,
16.09.2026,16,Çarşamba,61984174392,01070,01070,MESERRET DAĞ,ÜRETİM,SÇEVİKAT ÇELİK,19:46,08:04,19:30,08:04,"19:46, 08:04",12.3,0.5,12.0,4.0,12.0,4.0,16.0,BÖLÜM_PRİMLİ,False,"Üretim Primi: Fiili 12,0s -> Bonuslu 16,0s (+4,0s Prim)"
16.09.2026,16,Çarşamba,28027546004,00112,00112,MESUT ERDEL,BAKIM,SUSURLUK,07:45,17:16,08:00,17:16,"07:45, 17:16",9.52,1.5,7.5,7.5,0.0,0.0,7.5,NORMAL,False,
16.09.2026,16,Çarşamba,99248627704,00005,00005,MHD BASSEL ALZALEK,ELEKTRİK,SUSURLUK,07:47,-,07:47,17:00,07:47,7.5,1.5,7.5,7.5,0.0,0.0,7.5,ÇIKIŞ_YOK_SABAH,True,"Giriş: 07:47 | Çıkış Basılmadı (Tam Gün 7,5s yazıldı)"
16.09.2026,16,Çarşamba,99347757876,00116,00116,MUHAMMED SAMİH SERHAN,AMBAR,GÖBEL,08:32,15:53,08:30,15:53,"08:32, 15:53",7.35,0.5,7.5,7.5,0.0,0.0,7.5,NORMAL,False,
16.09.2026,16,Çarşamba,23329391024,00514,00514,MUKATDES KARAMANOĞLU,BALIK TEMİZLEME,BALIKESİR,07:53,16:56,08:00,16:56,"07:53, 16:56",9.05,1.5,7.5,7.5,0.0,0.0,7.5,NORMAL,False,
16.09.2026,16,Çarşamba,15205679746,00572,00572,MURAT YONSUL,AMBAR,GÖBEL,07:45,20:52,08:00,20:52,"07:45, 20:52",13.12,1.5,11.5,7.5,4.0,0.0,11.5,NORMAL,False,
16.09.2026,16,Çarşamba,25621221832,00118,00118,MUSTAFA KAYA,İŞLETME,MKP,07:45,20:01,08:00,20:01,"07:45, 20:01",12.27,1.5,10.5,7.5,3.0,0.0,10.5,NORMAL,False,
16.09.2026,16,Çarşamba,,01373,01373,MUSTAFA KURT,,HALİL DİĞRENCİ,06:09,16:59,08:00,16:59,"06:09, 16:59",10.83,1.5,7.5,7.5,0.0,0.0,7.5,NORMAL,False,
16.09.2026,16,Çarşamba,21976553468,00234,00234,MÜCAHİT ÇOLAK,BALIK TEMİZLEME,KARACABEY,07:44,17:04,08:00,17:04,"07:44, 17:04",9.33,1.5,7.5,7.5,0.0,0.0,7.5,NORMAL,False,
16.09.2026,16,Çarşamba,31195265912,01056,01056,MÜRVET ÇAKAN,BALIK TEMİZLEME,HALİL DİĞRENCİ,08:10,16:57,08:00,16:57,"08:10, 16:57",8.78,1.5,7.5,7.5,0.0,0.0,7.5,NORMAL,False,
16.09.2026,16,Çarşamba,23539402008,00716,00716,MÜRVET ŞAFAK,ÜRETİM,SUSURLUK TUR-REŞAT,07:47,17:04,08:00,17:04,"07:47, 17:04",9.28,1.5,7.5,7.5,0.0,0.0,7.5,NORMAL,False,
16.09.2026,16,Çarşamba,33124024560,00120,00120,MÜZEYYEN ERDİNÇ,BALIK TEMİZLEME,BALIKESİR,07:53,17:00,08:00,17:00,"07:53, 17:00",9.12,1.5,7.5,7.5,0.0,0.0,7.5,NORMAL,False,
16.09.2026,16,Çarşamba,12556753194,00235,00235,NACİYE KARABULUT,BALIK TEMİZLEME,BALIKESİR,07:52,16:56,08:00,16:56,"07:52, 16:56",9.07,1.5,7.5,7.5,0.0,0.0,7.5,NORMAL,False,
16.09.2026,16,Çarşamba,16324748870,01178,01178,NAZMİYE ÇELİK,BALIK TEMİZLEME,GÜVEN MUSTAFAKEMALPAŞA,07:55,17:03,08:00,17:03,"07:55, 17:03",9.13,1.5,7.5,7.5,0.0,0.0,7.5,NORMAL,False,
16.09.2026,16,Çarşamba,28510235804,00121,00121,NAİL AKSOY,ŞÖFÖR,SUSURLUK,15:47,23:56,15:47,23:56,"15:47, 23:56",8.15,0.5,7.5,7.5,0.0,0.0,7.5,NORMAL,False,
16.09.2026,16,Çarşamba,38710924712,00887,00887,NECLA ABİ,BALIK TEMİZLEME,GÜVEN TURİZM,07:36,17:01,08:00,17:01,"07:36, 17:01",9.42,1.5,7.5,7.5,0.0,0.0,7.5,NORMAL,False,
16.09.2026,16,Çarşamba,24031385950,00380,00380,NECMİ SEVER,MEYDAN,GÖBEL,07:46,17:09,08:00,17:09,"07:46, 17:09",9.38,1.5,7.5,7.5,0.0,0.0,7.5,NORMAL,False,
16.09.2026,16,Çarşamba,21991561554,00930,00930,NECMİYE ÜÜLKER,BALIK TEMİZLEME,GÜVEN MUSTAFAKEMALPAŞA,07:54,16:57,08:00,16:57,"07:54, 16:57",9.05,1.5,7.5,7.5,0.0,0.0,7.5,NORMAL,False,
16.09.2026,16,Çarşamba,54874132756,00974,00974,NECİFE BAĞ,BALIK TEMİZLEME,KARACABEY,07:44,17:00,08:00,17:00,"07:44, 17:00",9.27,1.5,7.5,7.5,0.0,0.0,7.5,NORMAL,False,
16.09.2026,16,Çarşamba,14452686422,00371,00371,NESRİN GÜZEL,BALIK TEMİZLEME,BALIKESİR,07:52,16:56,08:00,16:56,"07:52, 16:56",9.07,1.5,7.5,7.5,0.0,0.0,7.5,NORMAL,False,
16.09.2026,16,Çarşamba,17902565544,00128,00128,NURAY AVCI,YEMEKHANE,BALIKESİR,07:53,16:56,08:00,16:56,"07:53, 16:56",9.05,1.5,7.5,7.5,0.0,0.0,7.5,NORMAL,False,
16.09.2026,16,Çarşamba,25970637896,00129,00129,NURAY ELİSÇIKIŞ,AMBAR,BALIKESİR,07:52,17:04,08:00,17:04,"07:52, 17:04",9.2,1.5,7.5,7.5,0.0,0.0,7.5,NORMAL,False,
16.09.2026,16,Çarşamba,21478446602,00236,00236,NURCAN EREN,BALIK TEMİZLEME,BALIKESİR,07:52,16:56,08:00,16:56,"07:52, 16:56",9.07,1.5,7.5,7.5,0.0,0.0,7.5,NORMAL,False,
16.09.2026,16,Çarşamba,15736612786,01352,01352,NURGÜL ADIGÜL,ÜRETİM,BİGADİÇ,15:58,00:01,15:58,00:01,"15:58, 00:01",8.05,0.5,7.5,7.5,0.0,0.0,7.5,NORMAL,False,
16.09.2026,16,Çarşamba,13318692676,01064,01064,NURGÜL PARLAS,ÜRETİM,BİGADİÇ,15:59,00:02,15:59,00:02,"15:59, 00:02",8.05,0.5,7.5,7.5,0.0,0.0,7.5,NORMAL,False,
16.09.2026,16,Çarşamba,27289383990,00931,00931,NURTEN ERDEM,BALIK TEMİZLEME,GÜVEN MUSTAFAKEMALPAŞA,07:55,17:02,08:00,17:02,"07:55, 17:02",9.12,1.5,7.5,7.5,0.0,0.0,7.5,NORMAL,False,
16.09.2026,16,Çarşamba,13420739290,00003,00003,NURİ GÜLSER,KAPI GÖREVLİSİ,GÖBEL,07:45,15:53,08:00,15:53,"07:45, 15:53",8.13,0.5,7.5,7.5,0.0,0.0,7.5,NORMAL,False,
16.09.2026,16,Çarşamba,52996654668,00237,00237,NURİYE AKKUŞ,BALIK TEMİZLEME,BANDIRMA,07:41,17:00,08:00,17:00,"07:41, 17:00",9.32,1.5,7.5,7.5,0.0,0.0,7.5,NORMAL,False,
16.09.2026,16,Çarşamba,13189854302,00006,00006,OZAN BUĞA,BAKIM,MKP,15:20,22:49,15:20,22:49,"15:20, 22:49",7.48,0.5,7.0,7.0,0.0,0.0,7.0,NORMAL,False,
16.09.2026,16,Çarşamba,29677146866,00238,00238,RABİYE ÇENECİOĞLU,BALIK TEMİZLEME,BALIKESİR,07:53,16:57,08:00,16:57,"07:53, 16:57",9.07,1.5,7.5,7.5,0.0,0.0,7.5,NORMAL,False,
16.09.2026,16,Çarşamba,29359208356,00145,00145,RAMAZAN KÜÇÜKÇÇAKIR,ŞÖFÖR,SUSURLUK,08:03,16:25,08:00,16:25,"08:03, 16:25",8.37,0.5,7.5,7.5,0.0,0.0,7.5,NORMAL,False,
16.09.2026,16,Çarşamba,24022385860,01316,01316,RECEP İÇÖZ,MEYDAN,GÖBEL,07:56,16:59,08:00,16:59,"07:56, 16:59",9.05,1.5,7.5,7.5,0.0,0.0,7.5,NORMAL,False,
16.09.2026,16,Çarşamba,,01071,01071,ROJDA DAĞ,,SÇEVİKAT ÇELİK,19:46,08:01,19:30,08:01,"19:46, 08:01",12.25,0.5,12.0,4.0,8.0,0.0,12.0,NORMAL,False,
16.09.2026,16,Çarşamba,16561742068,00842,00842,RUKİYE UZUN,BALIK TEMİZLEME,GÜVEN TURİZM,07:37,17:02,08:00,17:02,"07:37, 17:02",9.42,1.5,7.5,7.5,0.0,0.0,7.5,NORMAL,False,
16.09.2026,16,Çarşamba,34807027090,00536,00536,SABRİ ACAR,YENİ BALIK HATTI,SUSURLUK,23:56,07:56,00:00,07:56,"23:56, 07:56",8.0,0.5,7.5,7.5,0.0,0.0,7.5,NORMAL,False,
16.09.2026,16,Çarşamba,17335367982,01021,01021,SABİHA AKIN,ÜRETİM,HALİL DİĞRENCİ,08:11,20:01,08:00,20:01,"08:11, 20:01",11.83,1.5,10.5,7.5,3.0,0.0,10.5,NORMAL,False,
16.09.2026,16,Çarşamba,30373124058,00149,00149,SANİYE CEYLAN,AMBAR,BİGADİÇ,07:45,19:45,08:00,19:45,"07:45, 19:45",12.0,1.5,10.0,7.5,2.5,0.0,10.0,NORMAL,False,
16.09.2026,16,Çarşamba,14164714154,00150,00150,SARA EROĞLU,AMBAR,BALIKESİR,07:52,19:44,08:00,19:44,"07:52, 19:44",11.87,1.5,10.0,7.5,2.5,0.0,10.0,NORMAL,False,
16.09.2026,16,Çarşamba,11248811624,00009,00009,SELAHATTİN SÖĞÜT,ŞÖFÖR,GÖBEL,10:02,20:05,10:00,20:05,"10:02, 20:05",10.05,1.5,8.5,5.5,3.0,0.0,8.5,NORMAL,False,
16.09.2026,16,Çarşamba,19723478966,01069,01069,SELMA AYHAN,ÜRETİM,BİGADİÇ,15:58,00:02,15:58,00:02,"15:58, 00:02",8.07,0.5,7.5,7.5,0.0,0.0,7.5,NORMAL,False,
16.09.2026,16,Çarşamba,49369567458,00559,00559,SELMA TUNÇ,BALIK TEMİZLEME,BALIKESİR,07:52,17:00,08:00,17:00,"07:52, 17:00",9.13,1.5,7.5,7.5,0.0,0.0,7.5,NORMAL,False,
16.09.2026,16,Çarşamba,33451458564,01227,01227,SELMATA ANIK,ÜRETİM,HALİL DİĞRENCİ,19:46,08:04,19:30,08:04,"19:46, 08:04",12.3,0.5,12.0,4.0,12.0,4.0,16.0,BÖLÜM_PRİMLİ,False,"Üretim Primi: Fiili 12,0s -> Bonuslu 16,0s (+4,0s Prim)"
16.09.2026,16,Çarşamba,46825626414,00724,00724,SEMANUR GÜLIŞIK,FORMEN,KARACABEY,07:43,17:03,08:00,17:03,"07:43, 17:03",9.33,1.5,7.5,7.5,0.0,0.0,7.5,NORMAL,False,
16.09.2026,16,Çarşamba,19633628390,01279,01279,SERAP KURUMLU,BALIK TEMİZLEME,GÜVEN MUSTAFAKEMALPAŞA,07:55,17:03,08:00,17:03,"07:55, 17:03",9.13,1.5,7.5,7.5,0.0,0.0,7.5,NORMAL,False,
16.09.2026,16,Çarşamba,24136488860,01007,01007,SEREN BURHAN,BALIK TEMİZLEME,GÜVEN MUSTAFAKEMALPAŞA,07:55,17:01,08:00,17:01,"07:55, 17:01",9.1,1.5,7.5,7.5,0.0,0.0,7.5,NORMAL,False,
16.09.2026,16,Çarşamba,13696829374,01361,01361,SERPİL İİPEK,,HALİL DİĞRENCİ,08:08,20:02,08:00,20:02,"08:08, 20:02",11.9,1.5,10.5,7.5,3.0,0.0,10.5,NORMAL,False,
16.09.2026,16,Çarşamba,13498698468,00165,00165,SEVGİ AYCAN,BALIK TEMİZLEME,BANDIRMA,07:41,16:59,08:00,16:59,"07:41, 16:59",9.3,1.5,7.5,7.5,0.0,0.0,7.5,NORMAL,False,
16.09.2026,16,Çarşamba,17611699134,00884,00884,SEVİLAY DÖNMEZ,BALIK TEMİZLEME,GÜVEN TURİZM,07:37,17:00,08:00,17:00,"07:37, 17:00",9.38,1.5,7.5,7.5,0.0,0.0,7.5,NORMAL,False,
16.09.2026,16,Çarşamba,15250777510,01063,01063,SEZAİ ÇELİK,BALIK,HALİL DİĞRENCİ,08:10,-,08:10,17:00,08:10,7.5,1.5,7.5,7.5,0.0,0.0,7.5,ÇIKIŞ_YOK_SABAH,True,"Giriş: 08:10 | Çıkış Basılmadı (Tam Gün 7,5s yazıldı)"
16.09.2026,16,Çarşamba,29200163070,01066,01066,SEZGİN YILDIRIM,ÜRETİM,BİGADİÇ,15:58,00:01,15:58,00:01,"00:01, 15:58, 00:01",8.05,0.5,7.5,7.5,0.0,0.0,7.5,ÇOKLU_BASIM_MIN_MAX,True,"Çoklu Basım: İlk Giriş 15:58, Son Çıkış 00:01 (7,5s)"
16.09.2026,16,Çarşamba,01370,01370,01370,SEZGİN İRGÖREN,DİĞER,GÜVEN MUSTAFAKEMALPAŞA,09:48,17:01,09:30,17:01,"09:48, 17:01",7.22,1.5,6.0,6.0,0.0,0.0,6.0,NORMAL,False,
16.09.2026,16,Çarşamba,18847656960,00740,00740,SEÇİL ARIBOĞA,ÜRETİM,HALİL DİĞRENCİ,08:11,19:59,08:00,19:59,"08:11, 19:59",11.8,1.5,10.5,7.5,3.0,0.0,10.5,NORMAL,False,
16.09.2026,16,Çarşamba,18442962398,01221,01221,SILA GÜNEŞ,ÜRETİM,SÇEVİKAT ÇELİK,19:45,08:04,19:30,08:04,"19:45, 08:04",12.32,0.5,12.0,4.0,12.0,4.0,16.0,BÖLÜM_PRİMLİ,False,"Üretim Primi: Fiili 12,0s -> Bonuslu 16,0s (+4,0s Prim)"
16.09.2026,16,Çarşamba,55963096430,00240,00240,SULTAN BAĞ,BALIK TEMİZLEME,KARACABEY,07:44,17:03,08:00,17:03,"07:44, 17:03",9.32,1.5,7.5,7.5,0.0,0.0,7.5,NORMAL,False,
16.09.2026,16,Çarşamba,42014033940,01072,01072,SÇEVİKAT ÇELİK,ÜRETİM,SÇEVİKAT ÇELİK,19:47,07:55,19:30,07:55,"19:47, 07:55",12.13,0.5,12.0,4.0,12.0,4.0,16.0,BÖLÜM_PRİMLİ,False,"Üretim Primi: Fiili 12,0s -> Bonuslu 16,0s (+4,0s Prim)"
16.09.2026,16,Çarşamba,10582783284,00170,00170,SİBEL ÇÇAKIR,ÜRETİM,BİGADİÇ,15:58,00:02,15:58,00:02,"15:58, 00:02",8.07,0.5,7.5,7.5,0.0,0.0,7.5,NORMAL,False,
16.09.2026,16,Çarşamba,20374606288,01047,01047,TANER BEYİRKEN,ÜRETİM,HALİL DİĞRENCİ,08:09,17:12,08:00,17:12,"08:09, 17:12",9.05,1.5,7.5,7.5,0.0,0.0,7.5,NORMAL,False,
16.09.2026,16,Çarşamba,10705928394,00976,00976,TAYFUN GÜNCÜ,BALIK TEMİZLEME,HALİL DİĞRENCİ,08:08,17:03,08:00,17:03,"08:08, 17:03",8.92,1.5,7.5,7.5,0.0,0.0,7.5,NORMAL,False,
16.09.2026,16,Çarşamba,13252843738,00243,00243,TAYFUN TIĞRAK,FORMEN,KARACABEY,07:44,17:08,08:00,17:08,"07:44, 17:08",9.4,1.5,7.5,7.5,0.0,0.0,7.5,NORMAL,False,
16.09.2026,16,Çarşamba,32938871292,00183,00183,TAYFUN ÇELİK,MEYDAN,MKP,07:45,17:02,08:00,17:02,"07:45, 17:02",9.28,1.5,7.5,7.5,0.0,0.0,7.5,NORMAL,False,
16.09.2026,16,Çarşamba,30925156292,00501,00501,TUNCAY METİN,KAPI GÖREVLİSİ,SUSURLUK,15:47,23:56,15:47,23:56,"15:47, 23:56",8.15,0.5,7.5,7.5,0.0,0.0,7.5,NORMAL,False,
16.09.2026,16,Çarşamba,14701796544,00582,00582,YUSUF SAMAR,MUHASEBE,KARACABEY,07:43,17:09,08:00,17:09,"07:43, 17:09",9.43,1.5,7.5,7.5,0.0,0.0,7.5,NORMAL,False,
16.09.2026,16,Çarşamba,10528936408,01364,01364,YUSUF ÇETİN,,HALİL DİĞRENCİ,08:10,20:00,08:00,20:00,"08:10, 20:00",11.83,1.5,10.5,7.5,3.0,0.0,10.5,NORMAL,False,
16.09.2026,16,Çarşamba,31861120316,00191,00191,ZAHİDE GÜRBÜZ,BALIK TEMİZLEME,BALIKESİR,07:53,16:57,08:00,16:57,"07:53, 16:57",9.07,1.5,7.5,7.5,0.0,0.0,7.5,NORMAL,False,
16.09.2026,16,Çarşamba,27560597764,01048,01048,ZAHİDE HAĞİ,BALIK TEMİZLEME,HALİL DİĞRENCİ,08:10,17:03,08:00,17:03,"08:10, 17:03",8.88,1.5,7.5,7.5,0.0,0.0,7.5,NORMAL,False,
16.09.2026,16,Çarşamba,31552110794,00935,00935,ZAHİDE KALDEMİR,BALIK TEMİZLEME,GÜVEN MUSTAFAKEMALPAŞA,07:55,17:00,08:00,17:00,"07:55, 17:00",9.08,1.5,7.5,7.5,0.0,0.0,7.5,NORMAL,False,
16.09.2026,16,Çarşamba,22249543988,00192,00192,ZAHİDE NEDİRLİ,KALİTE,KARACABEY,07:43,17:03,08:00,17:03,"07:43, 17:03",9.33,1.5,7.5,7.5,0.0,0.0,7.5,NORMAL,False,
16.09.2026,16,Çarşamba,34486535794,01288,01288,ZAHİDE ÖKÇE,ÜRETİM,SÇEVİKAT ÇELİK,19:46,08:03,19:30,08:03,"19:46, 08:03",12.28,0.5,12.0,4.0,12.0,4.0,16.0,BÖLÜM_PRİMLİ,False,"Üretim Primi: Fiili 12,0s -> Bonuslu 16,0s (+4,0s Prim)"
16.09.2026,16,Çarşamba,10820807680,01097,01097,ZEHRA ONUK,ÜRETİM,HALİL DİĞRENCİ,08:08,17:03,08:00,17:03,"08:08, 17:03",8.92,1.5,7.5,7.5,0.0,0.0,7.5,NORMAL,False,
16.09.2026,16,Çarşamba,28729335166,00936,00936,ZELİHA KEİREMETÇİ,BALIK TEMİZLEME,GÜVEN MUSTAFAKEMALPAŞA,07:54,17:01,08:00,17:01,"07:54, 17:01",9.12,1.5,7.5,7.5,0.0,0.0,7.5,NORMAL,False,
16.09.2026,16,Çarşamba,14047825472,00937,00937,ZELİHA ORUÇ,BALIK TEMİZLEME,GÜVEN MUSTAFAKEMALPAŞA,07:54,17:00,08:00,17:00,"07:54, 17:00",9.1,1.5,7.5,7.5,0.0,0.0,7.5,NORMAL,False,
16.09.2026,16,Çarşamba,33742169780,00246,00246,ZEYNEP KURT,BALIK DOLUM,MKP,09:48,17:01,09:30,17:01,"09:48, 17:01",7.22,1.5,6.0,6.0,2.0,2.0,8.0,BÖLÜM_PRİMLİ,False,"Balık Dolum ve Kesim Primi: Fiili 6,0s -> Bonuslu 8,0s (+2,0s Prim)"
16.09.2026,16,Çarşamba,22498412394,00765,00765,ZEYNEP ONBAŞI,YEMEKHANE,BALIKESİR,07:53,17:04,08:00,17:04,"07:53, 17:04",9.18,1.5,7.5,7.5,0.0,0.0,7.5,NORMAL,False,
16.09.2026,16,Çarşamba,22319750032,00782,00782,ÇİDEM FİDAN,BALIK TEMİZLEME,BANDIRMA,07:41,16:59,08:00,16:59,"07:41, 16:59",9.3,1.5,7.5,7.5,0.0,0.0,7.5,NORMAL,False,
16.09.2026,16,Çarşamba,17749594400,00033,00033,ÇİSEM BÇAKIR,KALİTE,SUSURLUK,15:47,23:56,15:47,23:56,"15:47, 23:56",8.15,0.5,7.5,7.5,0.0,0.0,7.5,NORMAL,False,
16.09.2026,16,Çarşamba,33037193346,01349,01349,ÖMÜR SEPETÇİ,ÜRETİM,GÜVEN MUSTAFAKEMALPAŞA,07:56,-,07:56,17:00,07:56,7.5,1.5,7.5,7.5,0.0,0.0,7.5,ÇIKIŞ_YOK_SABAH,True,"Giriş: 07:56 | Çıkış Basılmadı (Tam Gün 7,5s yazıldı)"
16.09.2026,16,Çarşamba,27235386938,00139,00139,ÖMÜRLÜ FERİK,KAZAN,MKP,07:45,20:01,08:00,20:01,"07:45, 20:01",12.27,1.5,10.5,7.5,3.0,0.0,10.5,NORMAL,False,
16.09.2026,16,Çarşamba,12268777280,00185,00185,ÜMMÜ AYDOĞAN,ÜRETİM,SUSURLUK TUR-REŞAT,07:48,17:04,08:00,17:04,"07:48, 17:04",9.27,1.5,7.5,7.5,0.0,0.0,7.5,NORMAL,False,
16.09.2026,16,Çarşamba,57541044000,01195,01195,ÜMMÜGÜLSÜM BAĞ,BALIK TEMİZLEME,KARACABEY,07:44,17:03,08:00,17:03,"07:44, 17:03",9.32,1.5,7.5,7.5,0.0,0.0,7.5,NORMAL,False,
16.09.2026,16,Çarşamba,10198947728,00410,00410,ÜMİT BATIN TÜRKAN,BAKIM,KARACABEY,08:13,18:21,08:00,18:21,"08:13, 18:21",10.13,1.5,8.5,7.5,1.0,0.0,8.5,NORMAL,False,
16.09.2026,16,Çarşamba,37075059770,01350,01350,ÜVEYS SEPETÇİ,ÜRETİM,GÜVEN MUSTAFAKEMALPAŞA,07:56,-,07:56,17:00,07:56,7.5,1.5,7.5,7.5,0.0,0.0,7.5,ÇIKIŞ_YOK_SABAH,True,"Giriş: 07:56 | Çıkış Basılmadı (Tam Gün 7,5s yazıldı)"
16.09.2026,16,Çarşamba,29515203096,00092,00092,İBÜŞRAHİM YILDIRIM,MEYDAN,MKP,07:46,20:01,08:00,20:01,"07:46, 20:01",12.25,1.5,10.5,7.5,3.0,0.0,10.5,NORMAL,False,
16.09.2026,16,Çarşamba,25060351046,00230,00230,İSMAİL İMİR,OTOKLAV OPERATÖRÜ,SUSURLUK,08:01,17:03,08:00,17:03,"08:01, 17:03",9.03,1.5,7.5,7.5,0.0,0.0,7.5,NORMAL,False,
16.09.2026,16,Çarşamba,10255820520,00242,00242,ŞERBANE SARAN,BALIK TEMİZLEME,BALIKESİR,07:53,16:56,08:00,16:56,"07:53, 16:56",9.05,1.5,7.5,7.5,0.0,0.0,7.5,NORMAL,False,
16.09.2026,16,Çarşamba,,01384,01384,ŞEYMA İİPEK,,HALİL DİĞRENCİ,08:10,17:04,08:00,17:04,"08:10, 17:04",8.9,1.5,7.5,7.5,0.0,0.0,7.5,NORMAL,False,
17.09.2026,17,Perşembe,20437654348,00206,00206,ADALET KALAYCI,BALIK TEMİZLEME,BANDIRMA,07:41,18:04,08:00,18:04,"07:41, 18:04",10.38,1.5,8.5,7.5,1.0,0.0,8.5,NORMAL,False,
17.09.2026,17,Perşembe,18655664102,00011,00011,ADVİYE YARICI,BALIK TEMİZLEME,HALİL DİĞRENCİ,08:01,18:07,08:00,18:07,"08:01, 18:07",10.1,1.5,8.5,7.5,1.0,0.0,8.5,NORMAL,False,
17.09.2026,17,Perşembe,44626409038,01113,01113,AHMET ALİ TÜRKMEN,ÜRETİM,BİGADİÇ,15:47,00:01,15:47,00:01,"15:47, 00:01",8.23,0.5,7.5,7.5,0.0,0.0,7.5,NORMAL,False,
17.09.2026,17,Perşembe,23527501454,00583,00583,AHMET BEYHAN,BAKIM,KARACABEY,08:01,18:52,08:00,18:52,"08:01, 18:52",10.85,1.5,9.5,7.5,2.0,0.0,9.5,NORMAL,False,
17.09.2026,17,Perşembe,21925456598,00830,00830,AHMET ÇÇAYLAK,AMBAR,BALIKESİR,07:43,17:05,08:00,17:05,"07:43, 17:05",9.37,1.5,7.5,7.5,0.0,0.0,7.5,NORMAL,False,
17.09.2026,17,Perşembe,28123249472,00207,00207,AHMET ŞŞENER,MEYDAN,SUSURLUK,07:43,17:03,08:00,17:03,"07:43, 17:03",9.33,1.5,7.5,7.5,0.0,0.0,7.5,NORMAL,False,
17.09.2026,17,Perşembe,16510742668,01154,01154,AKİF TÜRKÇÜ,BALIK TEMİZLİK,MKP,-,18:03,08:00,18:03,18:03,10.05,1.5,8.5,7.5,1.0,0.0,8.5,GİRİŞ_YOK_AKŞAM,True,"Çıkış: 18:03 | Giriş Basılmadı (08:00 başı ile 8,5s korundu)"
17.09.2026,17,Perşembe,,01382,01382,ALİ BALTA,,HALİL DİĞRENCİ,08:05,17:03,08:00,17:03,"08:05, 17:03",8.97,1.5,7.5,7.5,0.0,0.0,7.5,NORMAL,False,
17.09.2026,17,Perşembe,13183506030,01102,01102,ALİ EŞREF AKIN,ÜRETİM,HALİL DİĞRENCİ,08:03,19:55,08:00,19:55,"08:03, 19:55",11.87,1.5,10.5,7.5,3.0,0.0,10.5,NORMAL,False,
17.09.2026,17,Perşembe,18394573482,00208,00208,ANIL DEMİRTAŞ,KONSERVE ÜRETİM ELEMANI,GÖBEL,15:52,00:00,15:52,00:00,"15:52, 00:00",8.13,0.5,7.5,7.5,0.0,0.0,7.5,NORMAL,False,
17.09.2026,17,Perşembe,99320980932,00247,00247,ANUD ELMEAŞİ,BALIK TEMİZLEME,GÜVEN TURİZM,07:35,18:07,08:00,18:07,"07:35, 18:07",10.53,1.5,8.5,7.5,1.0,0.0,8.5,NORMAL,False,
17.09.2026,17,Perşembe,28336192374,00308,00308,ARZU KILA,AMBAR,BİGADİÇ,08:50,17:08,08:30,17:08,"08:50, 17:08",8.3,1.5,7.0,7.0,0.0,0.0,7.0,NORMAL,False,
17.09.2026,17,Perşembe,28033351500,01357,01357,ARZU ÖZTÜRK,BALIK TEMİZLEME,GÜVEN MUSTAFAKEMALPAŞA,07:50,18:05,08:00,18:05,"07:50, 18:05",10.25,1.5,8.5,7.5,1.0,0.0,8.5,NORMAL,False,
17.09.2026,17,Perşembe,24709461474,00894,00894,ASLI BAYRAKTAR,BALIK DOLUM,GÜVEN TURİZM,07:36,18:07,08:00,18:07,"07:36, 18:07",10.52,1.5,8.5,7.5,3.0,2.0,10.5,BÖLÜM_PRİMLİ,False,"Balık Dolum ve Kesim Primi: Fiili 8,5s -> Bonuslu 10,5s (+2,0s Prim)"
17.09.2026,17,Perşembe,12572550074,00209,00209,ASYA TİLKİ,BALIK TEMİZLEME,KARACABEY,07:41,18:05,08:00,18:05,"07:41, 18:05",10.4,1.5,8.5,7.5,1.0,0.0,8.5,NORMAL,False,
17.09.2026,17,Perşembe,22426711476,00754,00754,AYNUR DEMİRCAN,BALIK TEMİZLEME,HALİL DİĞRENCİ,08:03,18:05,08:00,18:05,"08:03, 18:05",10.03,1.5,8.5,7.5,1.0,0.0,8.5,NORMAL,False,
17.09.2026,17,Perşembe,,01385,01385,AYÇA KARAMAN,,HALİL DİĞRENCİ,07:56,20:10,08:00,20:10,"07:56, 20:10",12.23,1.5,10.5,7.5,3.0,0.0,10.5,NORMAL,False,
17.09.2026,17,Perşembe,25567503092,00211,00211,AYÇA SEZER,KALİTE,BANDIRMA,07:41,18:05,08:00,18:05,"07:41, 18:05",10.4,1.5,8.5,7.5,1.0,0.0,8.5,NORMAL,False,
17.09.2026,17,Perşembe,34120156552,00215,00215,AYŞE YILMAZ,BALIK DOLUM,MKP,09:51,18:13,10:00,18:13,"09:51, 18:13",8.37,1.5,6.5,5.5,3.0,2.0,8.5,BÖLÜM_PRİMLİ,False,"Balık Dolum ve Kesim Primi: Fiili 6,5s -> Bonuslu 8,5s (+2,0s Prim)"
17.09.2026,17,Perşembe,11284759850,00018,00018,AYŞE ÇENECİOĞLU,AMBAR,BİGADİÇ,08:50,17:08,08:30,17:08,"08:50, 17:08",8.3,1.5,7.0,7.0,0.0,0.0,7.0,NORMAL,False,
17.09.2026,17,Perşembe,25610607388,01353,01353,BAHAR FİDAN,ÜRETİM,SÇEVİKAT ÇELİK,20:00,08:15,00:00,08:15,"20:00, 08:15",12.25,0.5,7.5,7.5,0.0,0.0,7.5,NORMAL,False,
17.09.2026,17,Perşembe,12496719380,01139,01139,BEDİA KAYMAZ,AMBAR,BİGADİÇ,08:49,17:10,08:30,17:10,"08:49, 17:10",8.35,1.5,7.0,7.0,0.0,0.0,7.0,NORMAL,False,
17.09.2026,17,Perşembe,14725695762,00025,00025,BEHİCE YALMAN,BALIK DOLUM,GÖBEL,09:51,18:14,10:00,18:14,"09:51, 18:14",8.38,1.5,6.5,5.5,3.0,2.0,8.5,BÖLÜM_PRİMLİ,False,"Balık Dolum ve Kesim Primi: Fiili 6,5s -> Bonuslu 8,5s (+2,0s Prim)"
17.09.2026,17,Perşembe,25297298992,00216,00216,BETÜL TUNÇ,BALIK TEMİZLEME,BANDIRMA,07:41,17:01,08:00,17:01,"07:41, 17:01",9.33,1.5,7.5,7.5,0.0,0.0,7.5,NORMAL,False,
17.09.2026,17,Perşembe,10201948476,01170,01170,BUKET DÖNMEZ,KALİTE,HALİL DİĞRENCİ,08:02,17:04,08:00,17:04,"08:02, 17:04",9.03,1.5,7.5,7.5,0.0,0.0,7.5,NORMAL,False,
17.09.2026,17,Perşembe,33316051664,01339,01339,BİLGİNUR SÜMER,BALIK TEMİZLEME,BALIKESİR,07:50,18:06,08:00,18:06,"07:50, 18:06",10.27,1.5,8.5,7.5,1.0,0.0,8.5,NORMAL,False,
17.09.2026,17,Perşembe,11950763822,01348,01348,BİLGİYE TOPAL,BALIK TEMİZLEME,GÜVEN MUSTAFAKEMALPAŞA,07:49,17:58,08:00,17:58,"07:49, 17:58",10.15,1.5,8.5,7.5,1.0,0.0,8.5,NORMAL,False,
17.09.2026,17,Perşembe,31678238334,00922,00922,CANSEL AKCAN,BALIK TEMİZLEME,GÜVEN MUSTAFAKEMALPAŞA,07:47,18:03,08:00,18:03,"07:47, 18:03",10.27,1.5,8.5,7.5,1.0,0.0,8.5,NORMAL,False,
17.09.2026,17,Perşembe,16933572286,00030,00030,CANSEVER ÇÇAKMAK,AMBAR,BİGADİÇ,08:49,17:08,08:30,17:08,"08:49, 17:08",8.32,1.5,7.0,7.0,0.0,0.0,7.0,NORMAL,False,
17.09.2026,17,Perşembe,33154180038,00031,00031,CEMALETTİN BEDİZCİ,BAKIM,KARACABEY,07:47,18:13,08:00,18:13,"07:47, 18:13",10.43,1.5,8.5,7.5,1.0,0.0,8.5,NORMAL,False,
17.09.2026,17,Perşembe,17488585028,00217,00217,CEMİLE KARAN,BALIK TEMİZLEME,BALIKESİR,07:50,17:57,08:00,17:57,"07:50, 17:57",10.12,1.5,8.5,7.5,1.0,0.0,8.5,NORMAL,False,
17.09.2026,17,Perşembe,23083367440,00320,00320,CEYDA ÖZ,KALİTE,BİGADİÇ,15:47,00:01,15:47,00:01,"15:47, 00:01",8.23,0.5,7.5,7.5,0.0,0.0,7.5,NORMAL,False,
17.09.2026,17,Perşembe,16699736366,01330,01330,CEYLAN BATAN,BALIK TEMİZLEME,GÜVEN MUSTAFAKEMALPAŞA,07:49,18:06,08:00,18:06,"07:49, 18:06",10.28,1.5,8.5,7.5,1.0,0.0,8.5,NORMAL,False,
17.09.2026,17,Perşembe,19313787324,00943,00943,CİHAN YILMAZ,BALIK,HALİL DİĞRENCİ,08:04,17:06,08:00,17:06,"08:04, 17:06",9.03,1.5,7.5,7.5,0.0,0.0,7.5,NORMAL,False,
17.09.2026,17,Perşembe,,01378,01378,DEMİRHAN GÖKGÖZ,,HALİL DİĞRENCİ,07:56,19:58,08:00,19:58,"07:56, 19:58",12.03,1.5,10.5,7.5,3.0,0.0,10.5,NORMAL,False,
17.09.2026,17,Perşembe,37525041782,00218,00218,DERYA SEVİNÇ,FORMEN,MKP,07:43,18:13,08:00,18:13,"07:43, 18:13",10.5,1.5,8.5,7.5,1.0,0.0,8.5,NORMAL,False,
17.09.2026,17,Perşembe,24961035246,01098,01098,DUDU ÖRENGÜL,KALİTE,GÜVEN MUSTAFAKEMALPAŞA,07:47,18:06,08:00,18:06,"07:47, 18:06",10.32,1.5,8.5,7.5,1.0,0.0,8.5,NORMAL,False,
17.09.2026,17,Perşembe,99848635024,00283,00283,DUHA EL MUFADDİ,BALIK TEMİZLEME,MKP,07:44,18:13,08:00,18:13,"07:44, 18:13",10.48,1.5,8.5,7.5,1.0,0.0,8.5,NORMAL,False,
17.09.2026,17,Perşembe,23509358892,00386,00386,DÖNDÜ ŞAHİN,KALİTE,BANDIRMA,23:19,08:15,00:00,08:15,"23:19, 08:15",8.93,0.5,7.5,7.5,0.0,0.0,7.5,NORMAL,False,
17.09.2026,17,Perşembe,12562741222,00872,00872,EBRU ÖÖZALP,BALIK TEMİZLEME,BALIKESİR,07:49,18:01,08:00,18:01,"07:49, 18:01",10.2,1.5,8.5,7.5,1.0,0.0,8.5,NORMAL,False,
17.09.2026,17,Perşembe,29563469352,00563,00563,EDİP EKİNCİ,KAZAN,SUSURLUK,19:32,07:58,19:30,07:58,"19:32, 07:58",12.43,0.5,12.0,4.0,8.0,0.0,12.0,NORMAL,False,
17.09.2026,17,Perşembe,10066843626,00374,00374,EFE EVİM,AMBAR,BİGADİÇ,08:50,17:09,08:30,17:09,"08:50, 17:09",8.32,1.5,7.0,7.0,0.0,0.0,7.0,NORMAL,False,
17.09.2026,17,Perşembe,14266711334,00037,00037,EFRAİM DUMAN,AMBAR,SUSURLUK,20:05,07:54,00:00,07:54,"20:05, 07:54",11.82,0.5,7.5,7.5,0.0,0.0,7.5,NORMAL,False,
17.09.2026,17,Perşembe,20036722080,00039,00039,ELMAS OMAY,AMBAR,BALIKESİR,08:51,17:57,09:00,17:57,"08:51, 17:57",9.1,1.5,7.5,6.5,1.0,0.0,7.5,NORMAL,False,
17.09.2026,17,Perşembe,20266511430,00002,00002,ELİF YAVAŞ,MUHASEBE,SUSURLUK,08:01,17:48,08:00,17:48,"08:01, 17:48",9.78,1.5,8.0,7.5,0.5,0.0,8.0,NORMAL,False,
17.09.2026,17,Perşembe,31009103096,00204,00204,EMEL SANAN,AMBAR,BİGADİÇ,08:49,17:10,08:30,17:10,"08:49, 17:10",8.35,1.5,7.0,7.0,0.0,0.0,7.0,NORMAL,False,
17.09.2026,17,Perşembe,01377,01377,01377,EMRİCAN DURMAN,DİĞER,HALİL DİĞRENCİ,07:56,19:58,08:00,19:58,"07:56, 19:58",12.03,1.5,10.5,7.5,3.0,0.0,10.5,NORMAL,False,
17.09.2026,17,Perşembe,20584476770,00219,00219,EMİNE ATEŞ,BALIK TEMİZLEME,BALIKESİR,07:50,17:59,08:00,17:59,"07:50, 17:59",10.15,1.5,8.5,7.5,1.0,0.0,8.5,NORMAL,False,
17.09.2026,17,Perşembe,12523718256,00043,00043,EMİNE BAYER,AMBAR,BİGADİÇ,08:50,17:07,08:30,17:07,"08:50, 17:07",8.28,1.5,7.0,7.0,0.0,0.0,7.0,NORMAL,False,
17.09.2026,17,Perşembe,16111749134,01300,01300,EMİNE KARAMAN,BALIK TEMİZLEME,HALİL DİĞRENCİ,08:03,18:04,08:00,18:04,"08:03, 18:04",10.02,1.5,8.5,7.5,1.0,0.0,8.5,NORMAL,False,
17.09.2026,17,Perşembe,12379749978,00197,00197,EMİNE SARI,YEMEKHANE,BALIKESİR,07:48,17:56,08:00,17:56,"07:48, 17:56",10.13,1.5,8.5,7.5,1.0,0.0,8.5,NORMAL,False,
17.09.2026,17,Perşembe,45328882280,00859,00859,EMİNE YAVUZ,BALIK TEMİZLEME,GÜVEN TURİZM,07:35,18:05,08:00,18:05,"07:35, 18:05",10.5,1.5,8.5,7.5,1.0,0.0,8.5,NORMAL,False,
17.09.2026,17,Perşembe,20503503198,00045,00045,EMİNE ÇAPAR,YEMEKHANE,GÖBEL,18:33,03:50,18:30,03:50,"18:33, 03:50",9.28,0.5,9.0,5.0,4.0,0.0,9.0,NORMAL,False,
17.09.2026,17,Perşembe,37030668238,01180,01180,EMİNE ŞENTÜRK CİNGÖZ,BALIK TEMİZLEME,GÜVEN TURİZM,07:35,18:07,08:00,18:07,"07:35, 18:07",10.53,1.5,8.5,7.5,1.0,0.0,8.5,NORMAL,False,
17.09.2026,17,Perşembe,10036852948,00046,00046,EMİRHAN MUTLU,BAKIM,GÖBEL,08:11,19:57,08:00,19:57,"08:11, 19:57",11.77,1.5,10.5,7.5,3.0,0.0,10.5,NORMAL,False,
17.09.2026,17,Perşembe,29470204244,00007,00007,ENDER BİLBAY,KAPI GÖREVLİSİ,GÖBEL,15:52,23:55,15:52,23:55,"15:52, 23:55",8.05,0.5,7.5,7.5,0.0,0.0,7.5,NORMAL,False,
17.09.2026,17,Perşembe,34795126850,01351,01351,ERCAN POLAT,BİLGİSAYAR MÜHENDİSİ,KARACABEY,07:40,18:05,08:00,18:05,"07:40, 18:05",10.42,1.5,8.5,7.5,1.0,0.0,8.5,NORMAL,False,
17.09.2026,17,Perşembe,23131415628,00047,00047,ERDİN TETİK,MEYDAN,SUSURLUK,23:50,-,23:50,08:00,23:50,7.5,0.5,7.5,7.5,0.0,0.0,7.5,GECE_TEK_BASIM,True,"Gece Basımı: 23:50 | Tek Basım (7,5s yazıldı)"
17.09.2026,17,Perşembe,22260441248,00198,00198,ERSİN ESER,BAKIM,GÖBEL,19:57,07:47,20:00,07:47,"19:57, 07:47",11.83,0.5,11.0,3.5,7.5,0.0,11.0,NORMAL,False,
17.09.2026,17,Perşembe,11633067636,00221,00221,EİREMŞAH KIZILKAYA,BALIK DOLUM,GÖBEL,09:51,18:14,10:00,18:14,"09:51, 18:14",8.38,1.5,6.5,5.5,3.0,2.0,8.5,BÖLÜM_PRİMLİ,False,"Balık Dolum ve Kesim Primi: Fiili 6,5s -> Bonuslu 8,5s (+2,0s Prim)"
17.09.2026,17,Perşembe,35183294274,00926,00926,FATMA DEMİRER,BALIK TEMİZLEME,GÜVEN MUSTAFAKEMALPAŞA,07:48,18:03,08:00,18:03,"07:48, 18:03",10.25,1.5,8.5,7.5,1.0,0.0,8.5,NORMAL,False,
17.09.2026,17,Perşembe,32986036254,00056,00056,FATMA ÇAM,ÜRETİM,BİGADİÇ,15:48,00:02,15:48,00:02,"15:48, 00:02",8.23,0.5,7.5,7.5,0.0,0.0,7.5,NORMAL,False,
17.09.2026,17,Perşembe,31594082608,00057,00057,FATMA ÖZÇAM,ÜRETİM,BİGADİÇ,15:48,00:02,15:48,00:02,"15:48, 00:02",8.23,0.5,7.5,7.5,0.0,0.0,7.5,NORMAL,False,
17.09.2026,17,Perşembe,11890896888,00223,00223,FATMAGÜL ÇEKİ,BALIK DOLUM,MKP,09:51,18:13,10:00,18:13,"09:51, 18:13",8.37,1.5,6.5,5.5,3.0,2.0,8.5,BÖLÜM_PRİMLİ,False,"Balık Dolum ve Kesim Primi: Fiili 6,5s -> Bonuslu 8,5s (+2,0s Prim)"
17.09.2026,17,Perşembe,21898406446,01065,01065,FERUDUN BAKAN,ÜRETİM,BİGADİÇ,15:47,23:57,15:47,23:57,"15:47, 23:57",8.17,0.5,7.5,7.5,0.0,0.0,7.5,NORMAL,False,
17.09.2026,17,Perşembe,31933222184,00224,00224,FEVZİYE EREL,BALIK TEMİZLEME,HALİL DİĞRENCİ,08:04,18:00,08:00,18:00,"08:04, 18:00",9.93,1.5,8.5,7.5,1.0,0.0,8.5,NORMAL,False,
17.09.2026,17,Perşembe,17431713232,00927,00927,FİSUN ETİLER,,GÜVEN MUSTAFAKEMALPAŞA,07:49,18:00,08:00,18:00,"07:49, 18:00",10.18,1.5,8.5,7.5,1.0,0.0,8.5,NORMAL,False,
17.09.2026,17,Perşembe,33739783340,00739,00739,GURBET DUMAN,BALIK TEMİZLEME,HALİL DİĞRENCİ,08:04,18:03,08:00,18:03,"08:04, 18:03",9.98,1.5,8.5,7.5,1.0,0.0,8.5,NORMAL,False,
17.09.2026,17,Perşembe,33379057108,00423,00423,GÜLAY GÜNDOĞDU,BALIK TEMİZLEME,BALIKESİR,07:48,17:59,08:00,17:59,"07:48, 17:59",10.18,1.5,8.5,7.5,1.0,0.0,8.5,NORMAL,False,
17.09.2026,17,Perşembe,24541318660,00065,00065,GÜLCAN BİLGİÇ,AMBAR,BİGADİÇ,08:50,17:07,08:30,17:07,"08:50, 17:07",8.28,1.5,7.0,7.0,0.0,0.0,7.0,NORMAL,False,
17.09.2026,17,Perşembe,15041774032,00882,00882,GÜLPERİ KALENDER,BALIK TEMİZLEME,BANDIRMA,07:41,18:04,08:00,18:04,"07:41, 18:04",10.38,1.5,8.5,7.5,1.0,0.0,8.5,NORMAL,False,
17.09.2026,17,Perşembe,53689106020,00073,00073,GÜLSÜM GÖRGÜLÜ,AMBAR,BİGADİÇ,08:50,17:06,08:30,17:06,"08:50, 17:06",8.27,1.5,7.0,7.0,0.0,0.0,7.0,NORMAL,False,
17.09.2026,17,Perşembe,45184908278,00226,00226,GÜLTEN DURMAZ,BALIK DOLUM,GÖBEL,09:51,18:14,10:00,18:14,"09:51, 18:14",8.38,1.5,6.5,5.5,3.0,2.0,8.5,BÖLÜM_PRİMLİ,False,"Balık Dolum ve Kesim Primi: Fiili 6,5s -> Bonuslu 8,5s (+2,0s Prim)"
17.09.2026,17,Perşembe,10996768938,00071,00071,GÜLTEN GİDER,AMBAR,BİGADİÇ,08:50,17:09,08:30,17:09,"08:50, 17:09",8.32,1.5,7.0,7.0,0.0,0.0,7.0,NORMAL,False,
17.09.2026,17,Perşembe,22639531168,01078,01078,HAFİZE AVCIOĞLU,BALIK TEMİZLEME,GÜVEN TURİZM,07:35,18:01,08:00,18:01,"07:35, 18:01",10.43,1.5,8.5,7.5,1.0,0.0,8.5,NORMAL,False,
17.09.2026,17,Perşembe,13708835836,01159,01159,HAMİT GİRGİN,BALIK TEMİZLEME,GÜVEN MUSTAFAKEMALPAŞA,07:49,18:06,08:00,18:06,"07:49, 18:06",10.28,1.5,8.5,7.5,1.0,0.0,8.5,NORMAL,False,
17.09.2026,17,Perşembe,52240399666,01020,01020,HANDAN TOPTİK,ÜRETİM,HALİL DİĞRENCİ,08:06,20:03,08:00,20:03,"08:06, 20:03",11.95,1.5,10.5,7.5,3.0,0.0,10.5,NORMAL,False,
17.09.2026,17,Perşembe,20290485820,01060,01060,HANİFE YILDIRIM,BALIK TEMİZLEME,BALIKESİR,07:48,17:58,08:00,17:58,"07:48, 17:58",10.17,1.5,8.5,7.5,1.0,0.0,8.5,NORMAL,False,
17.09.2026,17,Perşembe,14779989510,00080,00080,HARUN YAHYA DURSUN,BALIK DOLUM,GÖBEL,07:43,19:26,08:00,19:26,"07:43, 19:26",11.72,1.5,10.0,7.5,4.5,2.0,12.0,BÖLÜM_PRİMLİ,False,"Balık Dolum ve Kesim Primi: Fiili 10,0s -> Bonuslu 12,0s (+2,0s Prim)"
17.09.2026,17,Perşembe,32194063110,00574,00574,HATİCE ERBAŞ,AMBAR,BİGADİÇ,08:49,17:10,08:30,17:10,"08:49, 17:10",8.35,1.5,7.0,7.0,0.0,0.0,7.0,NORMAL,False,
17.09.2026,17,Perşembe,45823635220,01148,01148,HATİCE GÖLBAŞ,ÜRETİM,HALİL DİĞRENCİ,08:05,19:58,08:00,19:58,"08:05, 19:58",11.88,1.5,10.5,7.5,3.0,0.0,10.5,NORMAL,False,
17.09.2026,17,Perşembe,31324091924,00084,00084,HATİCE KURT,ÜRETİM,BİGADİÇ,15:47,00:01,15:47,00:01,"15:47, 00:01",8.23,0.5,7.5,7.5,0.0,0.0,7.5,NORMAL,False,
17.09.2026,17,Perşembe,10817807990,01096,01096,HATİCE ONUK,ÜRETİM,HALİL DİĞRENCİ,08:02,18:02,08:00,18:02,"08:02, 18:02",10.0,1.5,8.5,7.5,1.0,0.0,8.5,NORMAL,False,
17.09.2026,17,Perşembe,33850041688,00577,00577,HATİCE SAVAŞÇI,BALIK TEMİZLEME,BALIKESİR,07:48,17:58,08:00,17:58,"07:48, 17:58",10.17,1.5,8.5,7.5,1.0,0.0,8.5,NORMAL,False,
17.09.2026,17,Perşembe,26002427744,00227,00227,HAVVA ALPER,BALIK DOLUM,MKP,09:51,18:14,10:00,18:14,"09:51, 18:14",8.38,1.5,6.5,5.5,3.0,2.0,8.5,BÖLÜM_PRİMLİ,False,"Balık Dolum ve Kesim Primi: Fiili 6,5s -> Bonuslu 8,5s (+2,0s Prim)"
17.09.2026,17,Perşembe,26653281238,00228,00228,HAVVA BAYRAM,BALIK TEMİZLEME,BALIKESİR,07:48,17:58,08:00,17:58,"07:48, 17:58",10.17,1.5,8.5,7.5,1.0,0.0,8.5,NORMAL,False,
17.09.2026,17,Perşembe,30367150308,00852,00852,HAYRULLAH TOPRAK,AMBAR,GÜVEN TURİZM,07:54,17:02,08:00,17:02,"07:54, 17:02",9.13,1.5,7.5,7.5,0.0,0.0,7.5,NORMAL,False,
17.09.2026,17,Perşembe,33289026430,00480,00480,HÜLYA TOPAL,AMBAR,BİGADİÇ,08:49,17:10,08:30,17:10,"08:49, 17:10",8.35,1.5,7.0,7.0,0.0,0.0,7.0,NORMAL,False,
17.09.2026,17,Perşembe,30856107820,00091,00091,HÜLYA ÜÜNAL,AMBAR,BİGADİÇ,08:49,17:10,08:30,17:10,"08:49, 08:50, 17:10",8.35,1.5,7.0,7.0,0.0,0.0,7.0,ÇOKLU_BASIM_MIN_MAX,True,"Çoklu Basım: İlk Giriş 08:49, Son Çıkış 17:10 (7,0s)"
17.09.2026,17,Perşembe,23524501518,00231,00231,KADRİYE BEYHAN,BALIK TEMİZLEME,HALİL DİĞRENCİ,08:04,18:02,08:00,18:02,"08:04, 18:02",9.97,1.5,8.5,7.5,1.0,0.0,8.5,NORMAL,False,
17.09.2026,17,Perşembe,49981303052,00093,00093,KADİR AZAR,AMBAR,KARACABEY,07:40,17:57,08:00,17:57,"07:40, 17:57",10.28,1.5,8.5,7.5,1.0,0.0,8.5,NORMAL,False,
17.09.2026,17,Perşembe,27448226656,00095,00095,KAMİLE DAĞDÇELEN,AMBAR,BİGADİÇ,08:49,17:04,08:30,17:04,"08:49, 17:04",8.25,1.5,7.0,7.0,0.0,0.0,7.0,NORMAL,False,
17.09.2026,17,Perşembe,99656887974,00294,00294,KEFA EL HUDUR,BALIK TEMİZLEME,MKP,07:44,18:13,08:00,18:13,"07:44, 18:13",10.48,1.5,8.5,7.5,1.0,0.0,8.5,NORMAL,False,
17.09.2026,17,Perşembe,33067084584,00097,00097,KEMAL DURMUŞ,İŞLETME,SUSURLUK,20:07,08:02,00:00,08:02,"20:07, 08:02",11.92,0.5,7.5,7.5,0.0,0.0,7.5,NORMAL,False,
17.09.2026,17,Perşembe,37573316870,01220,01220,KEZİBAN ARAS,ÜRETİM,SÇEVİKAT ÇELİK,19:59,08:15,20:00,08:15,"19:59, 08:15",12.27,0.5,11.5,3.5,8.0,0.0,11.5,NORMAL,False,
17.09.2026,17,Perşembe,33397029286,01327,01327,KÜBÜŞRA ALTAY,SATIN ALMA,BANDIRMA,07:41,17:58,08:00,17:58,"07:41, 17:58",10.28,1.5,8.5,7.5,1.0,0.0,8.5,NORMAL,False,
17.09.2026,17,Perşembe,25657430024,00199,00199,KÜRŞAT TÜRKAN,BAKIM,KARACABEY,11:30,18:52,11:30,18:52,"11:30, 18:52",7.37,1.5,6.0,4.0,2.0,0.0,6.0,NORMAL,False,
17.09.2026,17,Perşembe,99959615564,00200,00200,MAHMOUD ALZALEK,ELEKTRİK,SUSURLUK,20:05,08:00,00:00,08:00,"20:05, 08:00",11.92,0.5,7.5,7.5,0.0,0.0,7.5,NORMAL,False,
17.09.2026,17,Perşembe,29749160806,00104,00104,MAHİR HİLMİ ULUKÖK,YENİ BALIK HATTI,SUSURLUK,08:24,13:58,08:30,13:58,"08:24, 13:58",5.57,1.5,4.0,4.0,0.0,0.0,4.0,NORMAL,False,
17.09.2026,17,Perşembe,54871132810,00232,00232,MAHİZER BAĞ,BALIK TEMİZLEME,KARACABEY,07:41,18:07,08:00,18:07,"07:41, 18:07",10.43,1.5,8.5,7.5,1.0,0.0,8.5,NORMAL,False,
17.09.2026,17,Perşembe,13876724772,00500,00500,MEHMET KARTAL,AMBAR,SUSURLUK,07:44,17:05,08:00,17:05,"07:44, 17:05",9.35,1.5,7.5,7.5,0.0,0.0,7.5,NORMAL,False,
17.09.2026,17,Perşembe,40483844500,01126,01126,MELİSA YILMAZ,ÜRETİM,HALİL DİĞRENCİ,08:05,19:58,08:00,19:58,"08:05, 19:58",11.88,1.5,10.5,7.5,3.0,0.0,10.5,NORMAL,False,
17.09.2026,17,Perşembe,30181166332,00233,00233,MEMNUNE KARAMAN,BALIK TEMİZLEME,BALIKESİR,07:48,18:00,08:00,18:00,"07:48, 18:00",10.2,1.5,8.5,7.5,1.0,0.0,8.5,NORMAL,False,
17.09.2026,17,Perşembe,,01386,01386,MENEKŞE DURMAN,,HALİL DİĞRENCİ,07:57,19:55,08:00,19:55,"07:57, 19:55",11.97,1.5,10.5,7.5,3.0,0.0,10.5,NORMAL,False,
17.09.2026,17,Perşembe,61984174392,01070,01070,MESERRET DAĞ,ÜRETİM,SÇEVİKAT ÇELİK,20:00,08:16,00:00,08:16,"20:00, 08:16",12.27,0.5,7.5,7.5,0.0,0.0,7.5,NORMAL,False,
17.09.2026,17,Perşembe,99248627704,00005,00005,MHD BASSEL ALZALEK,ELEKTRİK,SUSURLUK,07:43,-,07:43,17:00,07:43,7.5,1.5,7.5,7.5,0.0,0.0,7.5,ÇIKIŞ_YOK_SABAH,True,"Giriş: 07:43 | Çıkış Basılmadı (Tam Gün 7,5s yazıldı)"
17.09.2026,17,Perşembe,99347757876,00116,00116,MUHAMMED SAMİH SERHAN,AMBAR,GÖBEL,08:51,19:57,09:00,19:57,"08:51, 17:10, 19:14, 19:57",11.1,1.5,9.5,6.5,3.0,0.0,9.5,ÇOKLU_BASIM_MIN_MAX,True,"Çoklu Basım: İlk Giriş 08:51, Son Çıkış 19:57 (9,5s)"
17.09.2026,17,Perşembe,23329391024,00514,00514,MUKATDES KARAMANOĞLU,BALIK TEMİZLEME,BALIKESİR,07:49,18:00,08:00,18:00,"07:49, 18:00",10.18,1.5,8.5,7.5,1.0,0.0,8.5,NORMAL,False,
17.09.2026,17,Perşembe,15205679746,00572,00572,MURAT YONSUL,AMBAR,GÖBEL,07:36,23:16,08:00,23:16,"07:36, 23:16",15.67,1.5,13.5,7.5,6.0,0.0,13.5,NORMAL,False,
17.09.2026,17,Perşembe,25621221832,00118,00118,MUSTAFA KAYA,İŞLETME,MKP,07:43,19:59,08:00,19:59,"07:43, 19:59",12.27,1.5,10.5,7.5,3.0,0.0,10.5,NORMAL,False,
17.09.2026,17,Perşembe,,01373,01373,MUSTAFA KURT,,HALİL DİĞRENCİ,06:17,17:01,08:00,17:01,"06:17, 17:01",10.73,1.5,7.5,7.5,0.0,0.0,7.5,NORMAL,False,
17.09.2026,17,Perşembe,21976553468,00234,00234,MÜCAHİT ÇOLAK,BALIK TEMİZLEME,KARACABEY,07:41,18:04,08:00,18:04,"07:41, 18:04",10.38,1.5,8.5,7.5,1.0,0.0,8.5,NORMAL,False,
17.09.2026,17,Perşembe,31195265912,01056,01056,MÜRVET ÇAKAN,BALIK TEMİZLEME,HALİL DİĞRENCİ,08:02,18:03,08:00,18:03,"08:02, 18:03",10.02,1.5,8.5,7.5,1.0,0.0,8.5,NORMAL,False,
17.09.2026,17,Perşembe,23539402008,00716,00716,MÜRVET ŞAFAK,ÜRETİM,SUSURLUK TUR-REŞAT,07:44,-,07:44,17:00,"07:44, 17:03",7.5,1.5,7.5,7.5,0.0,0.0,7.5,ÇIKIŞ_YOK_SABAH,True,"Giriş: 07:44 | Çıkış Basılmadı (Tam Gün 7,5s yazıldı)"
17.09.2026,17,Perşembe,33124024560,00120,00120,MÜZEYYEN ERDİNÇ,BALIK TEMİZLEME,BALIKESİR,07:49,18:01,08:00,18:01,"07:49, 18:01",10.2,1.5,8.5,7.5,1.0,0.0,8.5,NORMAL,False,
17.09.2026,17,Perşembe,12556753194,00235,00235,NACİYE KARABULUT,BALIK TEMİZLEME,BALIKESİR,07:49,17:59,08:00,17:59,"07:49, 17:59",10.17,1.5,8.5,7.5,1.0,0.0,8.5,NORMAL,False,
17.09.2026,17,Perşembe,16324748870,01178,01178,NAZMİYE ÇELİK,BALIK TEMİZLEME,GÜVEN MUSTAFAKEMALPAŞA,07:50,18:06,08:00,18:06,"07:50, 18:06",10.27,1.5,8.5,7.5,1.0,0.0,8.5,NORMAL,False,
17.09.2026,17,Perşembe,28510235804,00121,00121,NAİL AKSOY,ŞÖFÖR,SUSURLUK,15:53,23:54,15:53,23:54,"15:53, 23:54",8.02,0.5,7.5,7.5,0.0,0.0,7.5,NORMAL,False,
17.09.2026,17,Perşembe,38710924712,00887,00887,NECLA ABİ,BALIK TEMİZLEME,GÜVEN TURİZM,07:35,18:04,08:00,18:04,"07:35, 18:04",10.48,1.5,8.5,7.5,1.0,0.0,8.5,NORMAL,False,
17.09.2026,17,Perşembe,24031385950,00380,00380,NECMİ SEVER,MEYDAN,GÖBEL,07:52,16:58,08:00,16:58,"07:52, 16:58",9.1,1.5,7.5,7.5,0.0,0.0,7.5,NORMAL,False,
17.09.2026,17,Perşembe,21991561554,00930,00930,NECMİYE ÜÜLKER,BALIK TEMİZLEME,GÜVEN MUSTAFAKEMALPAŞA,07:50,18:00,08:00,18:00,"07:50, 18:00",10.17,1.5,8.5,7.5,1.0,0.0,8.5,NORMAL,False,
17.09.2026,17,Perşembe,54874132756,00974,00974,NECİFE BAĞ,BALIK TEMİZLEME,KARACABEY,07:41,18:06,08:00,18:06,"07:41, 18:06",10.42,1.5,8.5,7.5,1.0,0.0,8.5,NORMAL,False,
17.09.2026,17,Perşembe,14452686422,00371,00371,NESRİN GÜZEL,BALIK TEMİZLEME,BALIKESİR,07:49,17:58,08:00,17:58,"07:49, 17:58",10.15,1.5,8.5,7.5,1.0,0.0,8.5,NORMAL,False,
17.09.2026,17,Perşembe,17902565544,00128,00128,NURAY AVCI,YEMEKHANE,BALIKESİR,07:49,17:57,08:00,17:57,"07:49, 17:57",10.13,1.5,8.5,7.5,1.0,0.0,8.5,NORMAL,False,
17.09.2026,17,Perşembe,25970637896,00129,00129,NURAY ELİSÇIKIŞ,AMBAR,BALIKESİR,07:48,17:57,08:00,17:57,"07:48, 17:57",10.15,1.5,8.5,7.5,1.0,0.0,8.5,NORMAL,False,
17.09.2026,17,Perşembe,21478446602,00236,00236,NURCAN EREN,BALIK TEMİZLEME,BALIKESİR,07:49,17:58,08:00,17:58,"07:49, 17:58",10.15,1.5,8.5,7.5,1.0,0.0,8.5,NORMAL,False,
17.09.2026,17,Perşembe,15736612786,01352,01352,NURGÜL ADIGÜL,ÜRETİM,BİGADİÇ,15:48,00:01,15:48,00:01,"15:48, 00:01",8.22,0.5,7.5,7.5,0.0,0.0,7.5,NORMAL,False,
17.09.2026,17,Perşembe,13318692676,01064,01064,NURGÜL PARLAS,ÜRETİM,BİGADİÇ,15:48,00:01,15:48,00:01,"15:48, 00:01",8.22,0.5,7.5,7.5,0.0,0.0,7.5,NORMAL,False,
17.09.2026,17,Perşembe,22186447318,00137,00137,NURTEN CAN,ÜRETİM,SUSURLUK TUR-REŞAT,07:44,16:58,08:00,16:58,"07:44, 16:58",9.23,1.5,7.5,7.5,0.0,0.0,7.5,NORMAL,False,
17.09.2026,17,Perşembe,27289383990,00931,00931,NURTEN ERDEM,BALIK TEMİZLEME,GÜVEN MUSTAFAKEMALPAŞA,07:48,18:06,08:00,18:06,"07:48, 18:06",10.3,1.5,8.5,7.5,1.0,0.0,8.5,NORMAL,False,
17.09.2026,17,Perşembe,13420739290,00003,00003,NURİ GÜLSER,KAPI GÖREVLİSİ,GÖBEL,07:36,15:57,08:00,15:57,"07:36, 15:57",8.35,0.5,7.5,7.5,0.0,0.0,7.5,NORMAL,False,
17.09.2026,17,Perşembe,52996654668,00237,00237,NURİYE AKKUŞ,BALIK TEMİZLEME,BANDIRMA,07:41,18:04,08:00,18:04,"07:41, 18:04",10.38,1.5,8.5,7.5,1.0,0.0,8.5,NORMAL,False,
17.09.2026,17,Perşembe,13189854302,00006,00006,OZAN BUĞA,BAKIM,MKP,15:36,23:21,15:36,23:21,"15:36, 23:21",7.75,0.5,7.0,7.0,0.0,0.0,7.0,NORMAL,False,
17.09.2026,17,Perşembe,29677146866,00238,00238,RABİYE ÇENECİOĞLU,BALIK TEMİZLEME,BALIKESİR,07:48,17:59,08:00,17:59,"07:48, 17:59",10.18,1.5,8.5,7.5,1.0,0.0,8.5,NORMAL,False,
17.09.2026,17,Perşembe,29359208356,00145,00145,RAMAZAN KÜÇÜKÇÇAKIR,ŞÖFÖR,SUSURLUK,07:52,16:54,08:00,16:54,"07:52, 16:54",9.03,1.5,7.5,7.5,0.0,0.0,7.5,NORMAL,False,
17.09.2026,17,Perşembe,24022385860,01316,01316,RECEP İÇÖZ,MEYDAN,GÖBEL,07:52,16:59,08:00,16:59,"07:52, 16:59",9.12,1.5,7.5,7.5,0.0,0.0,7.5,NORMAL,False,
17.09.2026,17,Perşembe,28108249688,00146,00146,RIDVAN DEMİRDAK,ŞÖFÖR,GÖBEL,23:51,08:00,00:00,08:00,"07:55, 23:51, 08:00",8.15,0.5,7.5,7.5,0.0,0.0,7.5,ÇOKLU_BASIM_MIN_MAX,True,"Çoklu Basım: İlk Giriş 23:51, Son Çıkış 08:00 (7,5s)"
17.09.2026,17,Perşembe,16561742068,00842,00842,RUKİYE UZUN,BALIK TEMİZLEME,GÜVEN TURİZM,07:35,18:07,08:00,18:07,"07:35, 18:07",10.53,1.5,8.5,7.5,1.0,0.0,8.5,NORMAL,False,
17.09.2026,17,Perşembe,34807027090,00536,00536,SABRİ ACAR,YENİ BALIK HATTI,SUSURLUK,23:51,07:47,00:00,07:47,"23:51, 07:47",7.93,0.5,7.5,7.5,0.0,0.0,7.5,NORMAL,False,
17.09.2026,17,Perşembe,33640164108,01130,01130,SAMET YUMİTKEN,ÜRETİM,HALİL DİĞRENCİ,08:03,19:53,08:00,19:53,"08:03, 19:53",11.83,1.5,10.5,7.5,3.0,0.0,10.5,NORMAL,False,
17.09.2026,17,Perşembe,14164714154,00150,00150,SARA EROĞLU,AMBAR,BALIKESİR,08:49,17:11,08:30,17:11,"08:49, 17:11",8.37,1.5,7.0,7.0,0.0,0.0,7.0,NORMAL,False,
17.09.2026,17,Perşembe,24178356332,00153,00153,SEHER ÖZDEN,YEMEKHANE,BALIKESİR,07:49,17:58,08:00,17:58,"07:49, 17:58",10.15,1.5,8.5,7.5,1.0,0.0,8.5,NORMAL,False,
17.09.2026,17,Perşembe,11248811624,00009,00009,SELAHATTİN SÖĞÜT,ŞÖFÖR,GÖBEL,10:03,20:30,10:00,20:30,"10:03, 20:30",10.45,1.5,9.0,5.5,3.5,0.0,9.0,NORMAL,False,
17.09.2026,17,Perşembe,19723478966,01069,01069,SELMA AYHAN,ÜRETİM,BİGADİÇ,15:47,00:02,15:47,00:02,"15:47, 00:02",8.25,0.5,7.5,7.5,0.0,0.0,7.5,NORMAL,False,
17.09.2026,17,Perşembe,49369567458,00559,00559,SELMA TUNÇ,BALIK TEMİZLEME,BALIKESİR,07:47,-,07:47,17:00,07:47,7.5,1.5,7.5,7.5,0.0,0.0,7.5,ÇIKIŞ_YOK_SABAH,True,"Giriş: 07:47 | Çıkış Basılmadı (Tam Gün 7,5s yazıldı)"
17.09.2026,17,Perşembe,33451458564,01227,01227,SELMATA ANIK,ÜRETİM,HALİL DİĞRENCİ,20:00,08:14,00:00,08:14,"20:00, 08:14",12.23,0.5,7.5,7.5,0.0,0.0,7.5,NORMAL,False,
17.09.2026,17,Perşembe,,01371,01371,SELİM KIRAY,,GÜVEN MUSTAFAKEMALPAŞA,09:51,18:13,10:00,18:13,"09:51, 18:13",8.37,1.5,6.5,5.5,1.0,0.0,6.5,NORMAL,False,
17.09.2026,17,Perşembe,46825626414,00724,00724,SEMANUR GÜLIŞIK,FORMEN,KARACABEY,07:40,17:59,08:00,17:59,"07:40, 17:59",10.32,1.5,8.5,7.5,1.0,0.0,8.5,NORMAL,False,
17.09.2026,17,Perşembe,13696829374,01361,01361,SERPİL İİPEK,,HALİL DİĞRENCİ,08:02,20:06,08:00,20:06,"08:02, 20:06",12.07,1.5,10.5,7.5,3.0,0.0,10.5,NORMAL,False,
17.09.2026,17,Perşembe,17611699134,00884,00884,SEVİLAY DÖNMEZ,BALIK TEMİZLEME,GÜVEN TURİZM,07:35,18:07,08:00,18:07,"07:35, 18:07",10.53,1.5,8.5,7.5,1.0,0.0,8.5,NORMAL,False,
17.09.2026,17,Perşembe,15250777510,01063,01063,SEZAİ ÇELİK,BALIK,HALİL DİĞRENCİ,08:05,17:03,08:00,17:03,"08:05, 17:03",8.97,1.5,7.5,7.5,0.0,0.0,7.5,NORMAL,False,
17.09.2026,17,Perşembe,29200163070,01066,01066,SEZGİN YILDIRIM,ÜRETİM,BİGADİÇ,15:47,00:01,15:47,00:01,"15:47, 00:01",8.23,0.5,7.5,7.5,0.0,0.0,7.5,NORMAL,False,
17.09.2026,17,Perşembe,01370,01370,01370,SEZGİN İRGÖREN,DİĞER,GÜVEN MUSTAFAKEMALPAŞA,09:51,18:13,10:00,18:13,"09:51, 18:13",8.37,1.5,6.5,5.5,1.0,0.0,6.5,NORMAL,False,
17.09.2026,17,Perşembe,18847656960,00740,00740,SEÇİL ARIBOĞA,ÜRETİM,HALİL DİĞRENCİ,08:02,20:03,08:00,20:03,"08:02, 20:03",12.02,1.5,10.5,7.5,3.0,0.0,10.5,NORMAL,False,
17.09.2026,17,Perşembe,18442962398,01221,01221,SILA GÜNEŞ,ÜRETİM,SÇEVİKAT ÇELİK,19:59,08:15,20:00,08:15,"19:59, 08:15",12.27,0.5,11.5,3.5,8.0,0.0,11.5,NORMAL,False,
17.09.2026,17,Perşembe,55963096430,00240,00240,SULTAN BAĞ,BALIK TEMİZLEME,KARACABEY,07:41,18:07,08:00,18:07,"07:41, 18:07",10.43,1.5,8.5,7.5,1.0,0.0,8.5,NORMAL,False,
17.09.2026,17,Perşembe,42014033940,01072,01072,SÇEVİKAT ÇELİK,ÜRETİM,SÇEVİKAT ÇELİK,20:01,08:11,00:00,08:11,"20:01, 08:11",12.17,0.5,7.5,7.5,0.0,0.0,7.5,NORMAL,False,
17.09.2026,17,Perşembe,10582783284,00170,00170,SİBEL ÇÇAKIR,ÜRETİM,BİGADİÇ,15:48,00:01,15:48,00:01,"15:48, 00:01",8.22,0.5,7.5,7.5,0.0,0.0,7.5,NORMAL,False,
17.09.2026,17,Perşembe,29761139378,01038,01038,TALHA YAVAŞ,KALİTE,BANDIRMA,23:19,08:15,00:00,08:15,"23:19, 08:15",8.93,0.5,7.5,7.5,0.0,0.0,7.5,NORMAL,False,
17.09.2026,17,Perşembe,10705928394,00976,00976,TAYFUN GÜNCÜ,BALIK TEMİZLEME,HALİL DİĞRENCİ,08:02,18:04,08:00,18:04,"08:02, 18:04",10.03,1.5,8.5,7.5,1.0,0.0,8.5,NORMAL,False,
17.09.2026,17,Perşembe,13252843738,00243,00243,TAYFUN TIĞRAK,FORMEN,KARACABEY,07:47,18:13,08:00,18:13,"07:47, 18:13",10.43,1.5,8.5,7.5,1.0,0.0,8.5,NORMAL,False,
17.09.2026,17,Perşembe,32938871292,00183,00183,TAYFUN ÇELİK,MEYDAN,MKP,07:43,18:13,08:00,18:13,"07:43, 18:13",10.5,1.5,8.5,7.5,1.0,0.0,8.5,NORMAL,False,
17.09.2026,17,Perşembe,14701796544,00582,00582,YUSUF SAMAR,MUHASEBE,KARACABEY,07:54,17:59,08:00,17:59,"07:54, 17:59",10.08,1.5,8.5,7.5,1.0,0.0,8.5,NORMAL,False,
17.09.2026,17,Perşembe,10528936408,01364,01364,YUSUF ÇETİN,,HALİL DİĞRENCİ,08:05,19:53,08:00,19:53,"08:05, 19:53",11.8,1.5,10.5,7.5,3.0,0.0,10.5,NORMAL,False,
17.09.2026,17,Perşembe,31861120316,00191,00191,ZAHİDE GÜRBÜZ,BALIK TEMİZLEME,BALIKESİR,07:50,18:01,08:00,18:01,"07:50, 18:01",10.18,1.5,8.5,7.5,1.0,0.0,8.5,NORMAL,False,
17.09.2026,17,Perşembe,27560597764,01048,01048,ZAHİDE HAĞİ,BALIK TEMİZLEME,HALİL DİĞRENCİ,08:04,18:06,08:00,18:06,"08:04, 18:06",10.03,1.5,8.5,7.5,1.0,0.0,8.5,NORMAL,False,
17.09.2026,17,Perşembe,31552110794,00935,00935,ZAHİDE KALDEMİR,BALIK TEMİZLEME,GÜVEN MUSTAFAKEMALPAŞA,07:49,18:06,08:00,18:06,"07:49, 18:06",10.28,1.5,8.5,7.5,1.0,0.0,8.5,NORMAL,False,
17.09.2026,17,Perşembe,22249543988,00192,00192,ZAHİDE NEDİRLİ,KALİTE,KARACABEY,07:40,17:57,08:00,17:57,"07:40, 17:57",10.28,1.5,8.5,7.5,1.0,0.0,8.5,NORMAL,False,
17.09.2026,17,Perşembe,34486535794,01288,01288,ZAHİDE ÖKÇE,ÜRETİM,SÇEVİKAT ÇELİK,-,19:59,08:00,19:59,19:59,11.98,1.5,10.5,7.5,3.0,0.0,10.5,GİRİŞ_YOK_AKŞAM,True,"Çıkış: 19:59 | Giriş Basılmadı (08:00 başı ile 10,5s korundu)"
17.09.2026,17,Perşembe,10820807680,01097,01097,ZEHRA ONUK,ÜRETİM,HALİL DİĞRENCİ,08:02,18:05,08:00,18:05,"08:02, 18:05",10.05,1.5,8.5,7.5,1.0,0.0,8.5,NORMAL,False,
17.09.2026,17,Perşembe,23782492962,01049,01049,ZEKİYE ŞEKER,BALIK TEMİZLEME,HALİL DİĞRENCİ,08:04,18:04,08:00,18:04,"08:04, 18:04",10.0,1.5,8.5,7.5,1.0,0.0,8.5,NORMAL,False,
17.09.2026,17,Perşembe,28729335166,00936,00936,ZELİHA KEİREMETÇİ,BALIK TEMİZLEME,GÜVEN MUSTAFAKEMALPAŞA,07:49,18:05,08:00,18:05,"07:49, 18:05",10.27,1.5,8.5,7.5,1.0,0.0,8.5,NORMAL,False,
17.09.2026,17,Perşembe,14047825472,00937,00937,ZELİHA ORUÇ,BALIK TEMİZLEME,GÜVEN MUSTAFAKEMALPAŞA,07:48,18:03,08:00,18:03,"07:48, 18:03",10.25,1.5,8.5,7.5,1.0,0.0,8.5,NORMAL,False,
17.09.2026,17,Perşembe,24289352612,00244,00244,ZEYNEP KARAMAN,BALIK TEMİZLEME,BALIKESİR,07:48,17:58,08:00,17:58,"07:48, 17:58",10.17,1.5,8.5,7.5,1.0,0.0,8.5,NORMAL,False,
17.09.2026,17,Perşembe,33742169780,00246,00246,ZEYNEP KURT,BALIK DOLUM,MKP,09:51,18:14,10:00,18:14,"09:51, 18:14",8.38,1.5,6.5,5.5,3.0,2.0,8.5,BÖLÜM_PRİMLİ,False,"Balık Dolum ve Kesim Primi: Fiili 6,5s -> Bonuslu 8,5s (+2,0s Prim)"
17.09.2026,17,Perşembe,22498412394,00765,00765,ZEYNEP ONBAŞI,YEMEKHANE,BALIKESİR,07:48,17:57,08:00,17:57,"07:48, 17:57",10.15,1.5,8.5,7.5,1.0,0.0,8.5,NORMAL,False,
17.09.2026,17,Perşembe,22319750032,00782,00782,ÇİDEM FİDAN,BALIK TEMİZLEME,BANDIRMA,07:42,18:04,08:00,18:04,"07:42, 18:04",10.37,1.5,8.5,7.5,1.0,0.0,8.5,NORMAL,False,
17.09.2026,17,Perşembe,17749594400,00033,00033,ÇİSEM BÇAKIR,KALİTE,SUSURLUK,15:53,23:57,15:53,23:57,"15:53, 23:57",8.07,0.5,7.5,7.5,0.0,0.0,7.5,NORMAL,False,
17.09.2026,17,Perşembe,33037193346,01349,01349,ÖMÜR SEPETÇİ,ÜRETİM,GÜVEN MUSTAFAKEMALPAŞA,07:50,17:59,08:00,17:59,"07:50, 17:59",10.15,1.5,8.5,7.5,1.0,0.0,8.5,NORMAL,False,
17.09.2026,17,Perşembe,27235386938,00139,00139,ÖMÜRLÜ FERİK,KAZAN,MKP,07:43,20:01,08:00,20:01,"07:43, 20:01",12.3,1.5,10.5,7.5,3.0,0.0,10.5,NORMAL,False,
17.09.2026,17,Perşembe,12268777280,00185,00185,ÜMMÜ AYDOĞAN,ÜRETİM,SUSURLUK TUR-REŞAT,07:44,17:02,08:00,17:02,"07:44, 17:02",9.3,1.5,7.5,7.5,0.0,0.0,7.5,NORMAL,False,
17.09.2026,17,Perşembe,57541044000,01195,01195,ÜMMÜGÜLSÜM BAĞ,BALIK TEMİZLEME,KARACABEY,07:41,18:07,08:00,18:07,"07:41, 18:07",10.43,1.5,8.5,7.5,1.0,0.0,8.5,NORMAL,False,
17.09.2026,17,Perşembe,37075059770,01350,01350,ÜVEYS SEPETÇİ,ÜRETİM,GÜVEN MUSTAFAKEMALPAŞA,07:50,17:59,08:00,17:59,"07:50, 17:59",10.15,1.5,8.5,7.5,1.0,0.0,8.5,NORMAL,False,
17.09.2026,17,Perşembe,29515203096,00092,00092,İBÜŞRAHİM YILDIRIM,MEYDAN,MKP,07:43,18:14,08:00,18:14,"07:43, 18:14",10.52,1.5,8.5,7.5,1.0,0.0,8.5,NORMAL,False,
17.09.2026,17,Perşembe,25192322242,00179,00179,ŞAYİKA KOPARAN,AMBAR,BİGADİÇ,08:51,17:07,09:00,17:07,"08:51, 17:07",8.27,1.5,6.5,6.5,0.0,0.0,6.5,NORMAL,False,
17.09.2026,17,Perşembe,10255820520,00242,00242,ŞERBANE SARAN,BALIK TEMİZLEME,BALIKESİR,07:49,17:59,08:00,17:59,"07:49, 17:59",10.17,1.5,8.5,7.5,1.0,0.0,8.5,NORMAL,False,
17.09.2026,17,Perşembe,,01384,01384,ŞEYMA İİPEK,,HALİL DİĞRENCİ,08:05,20:06,08:00,20:06,"08:05, 20:06",12.02,1.5,10.5,7.5,3.0,0.0,10.5,NORMAL,False,
18.09.2026,18,Cuma,20437654348,00206,00206,ADALET KALAYCI,BALIK TEMİZLEME,BANDIRMA,07:38,18:10,08:00,18:10,"07:38, 18:10",10.53,1.5,8.5,7.5,1.0,0.0,8.5,NORMAL,False,
18.09.2026,18,Cuma,18655664102,00011,00011,ADVİYE YARICI,BALIK TEMİZLEME,HALİL DİĞRENCİ,08:10,18:12,08:00,18:12,"08:10, 18:12",10.03,1.5,8.5,7.5,1.0,0.0,8.5,NORMAL,False,
18.09.2026,18,Cuma,44626409038,01113,01113,AHMET ALİ TÜRKMEN,ÜRETİM,BİGADİÇ,16:17,01:03,16:00,01:03,"16:17, 01:03",8.77,0.5,8.5,7.5,1.0,0.0,8.5,NORMAL,False,
18.09.2026,18,Cuma,23527501454,00583,00583,AHMET BEYHAN,BAKIM,KARACABEY,08:09,17:19,08:00,17:19,"08:09, 17:19",9.17,1.5,7.5,7.5,0.0,0.0,7.5,NORMAL,False,
18.09.2026,18,Cuma,21925456598,00830,00830,AHMET ÇÇAYLAK,AMBAR,BALIKESİR,07:42,21:50,08:00,21:50,"07:42, 21:50",14.13,1.5,12.5,7.5,5.0,0.0,12.5,NORMAL,False,
18.09.2026,18,Cuma,28123249472,00207,00207,AHMET ŞŞENER,MEYDAN,SUSURLUK,07:42,16:56,08:00,16:56,"07:42, 16:56",9.23,1.5,7.5,7.5,0.0,0.0,7.5,NORMAL,False,
18.09.2026,18,Cuma,16510742668,01154,01154,AKİF TÜRKÇÜ,BALIK TEMİZLİK,MKP,-,18:13,08:00,18:13,18:13,10.22,1.5,8.5,7.5,1.0,0.0,8.5,GİRİŞ_YOK_AKŞAM,True,"Çıkış: 18:13 | Giriş Basılmadı (08:00 başı ile 8,5s korundu)"
18.09.2026,18,Cuma,,01382,01382,ALİ BALTA,,HALİL DİĞRENCİ,08:12,17:54,08:00,17:54,"08:12, 17:54",9.7,1.5,8.5,7.5,1.0,0.0,8.5,NORMAL,False,
18.09.2026,18,Cuma,13183506030,01102,01102,ALİ EŞREF AKIN,ÜRETİM,HALİL DİĞRENCİ,08:14,20:02,08:00,20:02,"08:14, 20:02",11.8,1.5,10.5,7.5,3.0,0.0,10.5,NORMAL,False,
18.09.2026,18,Cuma,18394573482,00208,00208,ANIL DEMİRTAŞ,KONSERVE ÜRETİM ELEMANI,GÖBEL,-,15:58,08:00,15:58,15:58,7.97,0.5,7.5,7.5,0.0,0.0,7.5,GİRİŞ_YOK_AKŞAM,True,"Çıkış: 15:58 | Giriş Basılmadı (08:00 başı ile 7,5s korundu)"
18.09.2026,18,Cuma,28336192374,00308,00308,ARZU KILA,AMBAR,BİGADİÇ,07:50,19:26,08:00,19:26,"07:50, 19:26",11.6,1.5,10.0,7.5,2.5,0.0,10.0,NORMAL,False,
18.09.2026,18,Cuma,28033351500,01357,01357,ARZU ÖZTÜRK,BALIK TEMİZLEME,GÜVEN MUSTAFAKEMALPAŞA,07:54,18:12,08:00,18:12,"07:54, 18:12",10.3,1.5,8.5,7.5,1.0,0.0,8.5,NORMAL,False,
18.09.2026,18,Cuma,24709461474,00894,00894,ASLI BAYRAKTAR,BALIK DOLUM,GÜVEN TURİZM,07:37,18:11,08:00,18:11,"07:37, 18:11",10.57,1.5,8.5,7.5,3.0,2.0,10.5,BÖLÜM_PRİMLİ,False,"Balık Dolum ve Kesim Primi: Fiili 8,5s -> Bonuslu 10,5s (+2,0s Prim)"
18.09.2026,18,Cuma,12572550074,00209,00209,ASYA TİLKİ,BALIK TEMİZLEME,KARACABEY,07:40,-,07:40,17:00,"07:40, 18:12",7.5,1.5,7.5,7.5,0.0,0.0,7.5,ÇIKIŞ_YOK_SABAH,True,"Giriş: 07:40 | Çıkış Basılmadı (Tam Gün 7,5s yazıldı)"
18.09.2026,18,Cuma,22426711476,00754,00754,AYNUR DEMİRCAN,BALIK TEMİZLEME,HALİL DİĞRENCİ,08:11,18:12,08:00,18:12,"08:11, 18:12",10.02,1.5,8.5,7.5,1.0,0.0,8.5,NORMAL,False,
18.09.2026,18,Cuma,13543834438,01145,01145,AYSEL ÇETİNTAŞ,ÜRETİM,HALİL DİĞRENCİ,08:10,20:01,08:00,20:01,"08:10, 20:01",11.85,1.5,10.5,7.5,3.0,0.0,10.5,NORMAL,False,
18.09.2026,18,Cuma,25567503092,00211,00211,AYÇA SEZER,KALİTE,BANDIRMA,09:45,19:24,09:30,19:24,"09:45, 19:24",9.65,1.5,8.0,6.0,2.0,0.0,8.0,NORMAL,False,
18.09.2026,18,Cuma,34120156552,00215,00215,AYŞE YILMAZ,BALIK DOLUM,MKP,09:54,19:16,10:00,19:16,"09:54, 19:16",9.37,1.5,7.5,5.5,4.0,2.0,9.5,BÖLÜM_PRİMLİ,False,"Balık Dolum ve Kesim Primi: Fiili 7,5s -> Bonuslu 9,5s (+2,0s Prim)"
18.09.2026,18,Cuma,11284759850,00018,00018,AYŞE ÇENECİOĞLU,AMBAR,BİGADİÇ,07:48,19:27,08:00,19:27,"07:48, 19:27",11.65,1.5,10.0,7.5,2.5,0.0,10.0,NORMAL,False,
18.09.2026,18,Cuma,25610607388,01353,01353,BAHAR FİDAN,ÜRETİM,SÇEVİKAT ÇELİK,20:03,-,20:03,08:00,20:03,7.5,0.5,7.5,7.5,0.0,0.0,7.5,GECE_TEK_BASIM,True,"Gece Basımı: 20:03 | Tek Basım (7,5s yazıldı)"
18.09.2026,18,Cuma,12496719380,01139,01139,BEDİA KAYMAZ,AMBAR,BİGADİÇ,07:50,19:26,08:00,19:26,"07:50, 19:26",11.6,1.5,10.0,7.5,2.5,0.0,10.0,NORMAL,False,
18.09.2026,18,Cuma,14725695762,00025,00025,BEHİCE YALMAN,BALIK DOLUM,GÖBEL,09:54,19:16,10:00,19:16,"09:54, 19:16",9.37,1.5,7.5,5.5,4.0,2.0,9.5,BÖLÜM_PRİMLİ,False,"Balık Dolum ve Kesim Primi: Fiili 7,5s -> Bonuslu 9,5s (+2,0s Prim)"
18.09.2026,18,Cuma,25297298992,00216,00216,BETÜL TUNÇ,BALIK TEMİZLEME,BANDIRMA,09:46,18:09,09:30,18:09,"09:46, 18:09",8.38,1.5,7.0,6.0,1.0,0.0,7.0,NORMAL,False,
18.09.2026,18,Cuma,10201948476,01170,01170,BUKET DÖNMEZ,KALİTE,HALİL DİĞRENCİ,08:09,17:59,08:00,17:59,"08:09, 17:59",9.83,1.5,8.5,7.5,1.0,0.0,8.5,NORMAL,False,
18.09.2026,18,Cuma,33316051664,01339,01339,BİLGİNUR SÜMER,BALIK TEMİZLEME,BALIKESİR,07:51,17:59,08:00,17:59,"07:51, 17:59",10.13,1.5,8.5,7.5,1.0,0.0,8.5,NORMAL,False,
18.09.2026,18,Cuma,11950763822,01348,01348,BİLGİYE TOPAL,BALIK TEMİZLEME,GÜVEN MUSTAFAKEMALPAŞA,07:53,18:04,08:00,18:04,"07:53, 18:04",10.18,1.5,8.5,7.5,1.0,0.0,8.5,NORMAL,False,
18.09.2026,18,Cuma,31678238334,00922,00922,CANSEL AKCAN,BALIK TEMİZLEME,GÜVEN MUSTAFAKEMALPAŞA,07:52,18:12,08:00,18:12,"07:52, 18:12",10.33,1.5,8.5,7.5,1.0,0.0,8.5,NORMAL,False,
18.09.2026,18,Cuma,16933572286,00030,00030,CANSEVER ÇÇAKMAK,AMBAR,BİGADİÇ,07:50,19:26,08:00,19:26,"07:50, 19:26",11.6,1.5,10.0,7.5,2.5,0.0,10.0,NORMAL,False,
18.09.2026,18,Cuma,33154180038,00031,00031,CEMALETTİN BEDİZCİ,BAKIM,KARACABEY,07:49,19:22,08:00,19:22,"07:49, 19:22",11.55,1.5,9.5,7.5,2.0,0.0,9.5,NORMAL,False,
18.09.2026,18,Cuma,17488585028,00217,00217,CEMİLE KARAN,BALIK TEMİZLEME,BALIKESİR,07:50,18:03,08:00,18:03,"07:50, 18:03",10.22,1.5,8.5,7.5,1.0,0.0,8.5,NORMAL,False,
18.09.2026,18,Cuma,23083367440,00320,00320,CEYDA ÖZ,KALİTE,BİGADİÇ,16:17,00:59,16:00,00:59,"16:17, 00:59",8.7,0.5,8.5,7.5,1.0,0.0,8.5,NORMAL,False,
18.09.2026,18,Cuma,16699736366,01330,01330,CEYLAN BATAN,BALIK TEMİZLEME,GÜVEN MUSTAFAKEMALPAŞA,07:52,18:12,08:00,18:12,"07:52, 18:12",10.33,1.5,8.5,7.5,1.0,0.0,8.5,NORMAL,False,
18.09.2026,18,Cuma,19313787324,00943,00943,CİHAN YILMAZ,BALIK,HALİL DİĞRENCİ,08:12,16:58,08:00,16:58,"08:12, 16:58",8.77,1.5,7.5,7.5,0.0,0.0,7.5,NORMAL,False,
18.09.2026,18,Cuma,,01378,01378,DEMİRHAN GÖKGÖZ,,HALİL DİĞRENCİ,07:58,19:58,08:00,19:58,"07:58, 19:58",12.0,1.5,10.5,7.5,3.0,0.0,10.5,NORMAL,False,
18.09.2026,18,Cuma,37525041782,00218,00218,DERYA SEVİNÇ,FORMEN,MKP,07:43,18:12,08:00,18:12,"07:43, 18:12",10.48,1.5,8.5,7.5,1.0,0.0,8.5,NORMAL,False,
18.09.2026,18,Cuma,24961035246,01098,01098,DUDU ÖRENGÜL,KALİTE,GÜVEN MUSTAFAKEMALPAŞA,07:52,18:07,08:00,18:07,"07:52, 18:07",10.25,1.5,8.5,7.5,1.0,0.0,8.5,NORMAL,False,
18.09.2026,18,Cuma,99848635024,00283,00283,DUHA EL MUFADDİ,BALIK TEMİZLEME,MKP,07:48,18:12,08:00,18:12,"07:48, 18:12",10.4,1.5,8.5,7.5,1.0,0.0,8.5,NORMAL,False,
18.09.2026,18,Cuma,23509358892,00386,00386,DÖNDÜ ŞAHİN,KALİTE,BANDIRMA,23:23,08:10,00:00,08:10,"23:23, 08:10",8.78,0.5,7.5,7.5,0.0,0.0,7.5,NORMAL,False,
18.09.2026,18,Cuma,29563469352,00563,00563,EDİP EKİNCİ,KAZAN,SUSURLUK,19:52,07:52,20:00,07:52,"19:52, 07:52",12.0,0.5,11.5,3.5,8.0,0.0,11.5,NORMAL,False,
18.09.2026,18,Cuma,10066843626,00374,00374,EFE EVİM,AMBAR,BİGADİÇ,07:48,19:26,08:00,19:26,"07:48, 19:26",11.63,1.5,10.0,7.5,2.5,0.0,10.0,NORMAL,False,
18.09.2026,18,Cuma,14266711334,00037,00037,EFRAİM DUMAN,AMBAR,SUSURLUK,20:02,08:00,00:00,08:00,"20:02, 08:00",11.97,0.5,7.5,7.5,0.0,0.0,7.5,NORMAL,False,
18.09.2026,18,Cuma,20036722080,00039,00039,ELMAS OMAY,AMBAR,BALIKESİR,07:49,19:27,08:00,19:27,"07:49, 19:27",11.63,1.5,10.0,7.5,2.5,0.0,10.0,NORMAL,False,
18.09.2026,18,Cuma,16591633060,00038,00038,ELİF TUNÇ,KALİTE,BANDIRMA,10:06,16:40,10:00,16:40,"10:06, 16:40",6.57,1.5,5.0,5.0,0.0,0.0,5.0,NORMAL,False,
18.09.2026,18,Cuma,20266511430,00002,00002,ELİF YAVAŞ,MUHASEBE,SUSURLUK,07:55,16:32,08:00,16:32,"07:55, 16:32",8.62,1.5,7.0,7.0,0.0,0.0,7.0,NORMAL,False,
18.09.2026,18,Cuma,31009103096,00204,00204,EMEL SANAN,AMBAR,BİGADİÇ,07:51,19:27,08:00,19:27,"07:51, 19:27",11.6,1.5,10.0,7.5,2.5,0.0,10.0,NORMAL,False,
18.09.2026,18,Cuma,21550576494,01091,01091,EMRE BAŞAR,ÜRETİM,GÜVEN MUSTAFAKEMALPAŞA,07:54,17:55,08:00,17:55,"07:54, 17:55",10.02,1.5,8.5,7.5,1.0,0.0,8.5,NORMAL,False,
18.09.2026,18,Cuma,01377,01377,01377,EMRİCAN DURMAN,DİĞER,HALİL DİĞRENCİ,07:58,19:58,08:00,19:58,"07:58, 19:58",12.0,1.5,10.5,7.5,3.0,0.0,10.5,NORMAL,False,
18.09.2026,18,Cuma,20584476770,00219,00219,EMİNE ATEŞ,BALIK TEMİZLEME,BALIKESİR,07:50,18:05,08:00,18:05,"07:50, 18:05",10.25,1.5,8.5,7.5,1.0,0.0,8.5,NORMAL,False,
18.09.2026,18,Cuma,12523718256,00043,00043,EMİNE BAYER,AMBAR,BİGADİÇ,07:51,19:27,08:00,19:27,"07:51, 19:27",11.6,1.5,10.0,7.5,2.5,0.0,10.0,NORMAL,False,
18.09.2026,18,Cuma,16111749134,01300,01300,EMİNE KARAMAN,BALIK TEMİZLEME,HALİL DİĞRENCİ,08:11,18:10,08:00,18:10,"08:11, 18:10",9.98,1.5,8.5,7.5,1.0,0.0,8.5,NORMAL,False,
18.09.2026,18,Cuma,12379749978,00197,00197,EMİNE SARI,YEMEKHANE,BALIKESİR,07:49,18:00,08:00,18:00,"07:49, 18:00",10.18,1.5,8.5,7.5,1.0,0.0,8.5,NORMAL,False,
18.09.2026,18,Cuma,45328882280,00859,00859,EMİNE YAVUZ,BALIK TEMİZLEME,GÜVEN TURİZM,07:37,18:10,08:00,18:10,"07:37, 18:10",10.55,1.5,8.5,7.5,1.0,0.0,8.5,NORMAL,False,
18.09.2026,18,Cuma,20503503198,00045,00045,EMİNE ÇAPAR,YEMEKHANE,GÖBEL,18:37,03:56,18:30,03:56,"18:37, 03:56",9.32,0.5,9.0,5.0,4.0,0.0,9.0,NORMAL,False,
18.09.2026,18,Cuma,37030668238,01180,01180,EMİNE ŞENTÜRK CİNGÖZ,BALIK TEMİZLEME,GÜVEN TURİZM,07:36,18:13,08:00,18:13,"07:36, 18:13",10.62,1.5,8.5,7.5,1.0,0.0,8.5,NORMAL,False,
18.09.2026,18,Cuma,10036852948,00046,00046,EMİRHAN MUTLU,BAKIM,GÖBEL,08:10,19:57,08:00,19:57,"08:10, 19:57",11.78,1.5,10.5,7.5,3.0,0.0,10.5,NORMAL,False,
18.09.2026,18,Cuma,29470204244,00007,00007,ENDER BİLBAY,KAPI GÖREVLİSİ,GÖBEL,15:58,00:00,15:58,00:00,"15:58, 00:00",8.03,0.5,7.5,7.5,0.0,0.0,7.5,NORMAL,False,
18.09.2026,18,Cuma,34795126850,01351,01351,ERCAN POLAT,BİLGİSAYAR MÜHENDİSİ,KARACABEY,07:55,-,07:55,17:00,"07:55, 17:08, 18:04",7.5,1.5,7.5,7.5,0.0,0.0,7.5,ÇIKIŞ_YOK_SABAH,True,"Giriş: 07:55 | Çıkış Basılmadı (Tam Gün 7,5s yazıldı)"
18.09.2026,18,Cuma,23131415628,00047,00047,ERDİN TETİK,MEYDAN,SUSURLUK,23:17,-,23:17,08:00,23:17,7.5,0.5,7.5,7.5,0.0,0.0,7.5,GECE_TEK_BASIM,True,"Gece Basımı: 23:17 | Tek Basım (7,5s yazıldı)"
18.09.2026,18,Cuma,22260441248,00198,00198,ERSİN ESER,BAKIM,GÖBEL,19:56,07:43,20:00,07:43,"19:56, 07:43",11.78,0.5,11.0,3.5,7.5,0.0,11.0,NORMAL,False,
18.09.2026,18,Cuma,11633067636,00221,00221,EİREMŞAH KIZILKAYA,BALIK DOLUM,GÖBEL,09:54,19:16,10:00,19:16,"09:54, 19:16",9.37,1.5,7.5,5.5,4.0,2.0,9.5,BÖLÜM_PRİMLİ,False,"Balık Dolum ve Kesim Primi: Fiili 7,5s -> Bonuslu 9,5s (+2,0s Prim)"
18.09.2026,18,Cuma,35183294274,00926,00926,FATMA DEMİRER,BALIK TEMİZLEME,GÜVEN MUSTAFAKEMALPAŞA,07:52,18:09,08:00,18:09,"07:52, 18:09",10.28,1.5,8.5,7.5,1.0,0.0,8.5,NORMAL,False,
18.09.2026,18,Cuma,32986036254,00056,00056,FATMA ÇAM,ÜRETİM,BİGADİÇ,16:18,01:03,16:00,01:03,"16:18, 01:03",8.75,0.5,8.5,7.5,1.0,0.0,8.5,NORMAL,False,
18.09.2026,18,Cuma,31594082608,00057,00057,FATMA ÖZÇAM,ÜRETİM,BİGADİÇ,16:18,01:03,16:00,01:03,"16:18, 01:03",8.75,0.5,8.5,7.5,1.0,0.0,8.5,NORMAL,False,
18.09.2026,18,Cuma,11890896888,00223,00223,FATMAGÜL ÇEKİ,BALIK DOLUM,MKP,09:54,19:16,10:00,19:16,"09:54, 19:16",9.37,1.5,7.5,5.5,4.0,2.0,9.5,BÖLÜM_PRİMLİ,False,"Balık Dolum ve Kesim Primi: Fiili 7,5s -> Bonuslu 9,5s (+2,0s Prim)"
18.09.2026,18,Cuma,21898406446,01065,01065,FERUDUN BAKAN,ÜRETİM,BİGADİÇ,16:17,01:02,16:00,01:02,"16:17, 01:02",8.75,0.5,8.5,7.5,1.0,0.0,8.5,NORMAL,False,
18.09.2026,18,Cuma,31933222184,00224,00224,FEVZİYE EREL,BALIK TEMİZLEME,HALİL DİĞRENCİ,08:11,18:07,08:00,18:07,"08:11, 18:07",9.93,1.5,8.5,7.5,1.0,0.0,8.5,NORMAL,False,
18.09.2026,18,Cuma,17431713232,00927,00927,FİSUN ETİLER,,GÜVEN MUSTAFAKEMALPAŞA,07:52,18:06,08:00,18:06,"07:52, 18:06",10.23,1.5,8.5,7.5,1.0,0.0,8.5,NORMAL,False,
18.09.2026,18,Cuma,33739783340,00739,00739,GURBET DUMAN,BALIK TEMİZLEME,HALİL DİĞRENCİ,08:11,18:10,08:00,18:10,"08:11, 18:10",9.98,1.5,8.5,7.5,1.0,0.0,8.5,NORMAL,False,
18.09.2026,18,Cuma,33379057108,00423,00423,GÜLAY GÜNDOĞDU,BALIK TEMİZLEME,BALIKESİR,07:49,18:05,08:00,18:05,"07:49, 18:05",10.27,1.5,8.5,7.5,1.0,0.0,8.5,NORMAL,False,
18.09.2026,18,Cuma,24541318660,00065,00065,GÜLCAN BİLGİÇ,AMBAR,BİGADİÇ,07:48,19:26,08:00,19:26,"07:48, 19:26",11.63,1.5,10.0,7.5,2.5,0.0,10.0,NORMAL,False,
18.09.2026,18,Cuma,15041774032,00882,00882,GÜLPERİ KALENDER,BALIK TEMİZLEME,BANDIRMA,09:46,18:09,09:30,18:09,"09:46, 18:09",8.38,1.5,7.0,6.0,1.0,0.0,7.0,NORMAL,False,
18.09.2026,18,Cuma,53689106020,00073,00073,GÜLSÜM GÖRGÜLÜ,AMBAR,BİGADİÇ,07:51,19:27,08:00,19:27,"07:51, 19:27",11.6,1.5,10.0,7.5,2.5,0.0,10.0,NORMAL,False,
18.09.2026,18,Cuma,45184908278,00226,00226,GÜLTEN DURMAZ,BALIK DOLUM,GÖBEL,09:54,19:16,10:00,19:16,"09:54, 19:16",9.37,1.5,7.5,5.5,4.0,2.0,9.5,BÖLÜM_PRİMLİ,False,"Balık Dolum ve Kesim Primi: Fiili 7,5s -> Bonuslu 9,5s (+2,0s Prim)"
18.09.2026,18,Cuma,10996768938,00071,00071,GÜLTEN GİDER,AMBAR,BİGADİÇ,07:48,19:26,08:00,19:26,"07:48, 19:26",11.63,1.5,10.0,7.5,2.5,0.0,10.0,NORMAL,False,
18.09.2026,18,Cuma,21010592606,01022,01022,GÜLÜMSER KARABIYIK,BALIK TEMİZLEME,GÜVEN MUSTAFAKEMALPAŞA,07:55,18:04,08:00,18:04,"07:55, 18:04",10.15,1.5,8.5,7.5,1.0,0.0,8.5,NORMAL,False,
18.09.2026,18,Cuma,23638497776,00075,00075,HACER BEYHAN,BALIK TEMİZLEME,HALİL DİĞRENCİ,08:09,18:06,08:00,18:06,"08:09, 18:06",9.95,1.5,8.5,7.5,1.0,0.0,8.5,NORMAL,False,
18.09.2026,18,Cuma,22639531168,01078,01078,HAFİZE AVCIOĞLU,BALIK TEMİZLEME,GÜVEN TURİZM,07:37,18:08,08:00,18:08,"07:37, 18:08",10.52,1.5,8.5,7.5,1.0,0.0,8.5,NORMAL,False,
18.09.2026,18,Cuma,13708835836,01159,01159,HAMİT GİRGİN,BALIK TEMİZLEME,GÜVEN MUSTAFAKEMALPAŞA,07:53,18:11,08:00,18:11,"07:53, 18:11",10.3,1.5,8.5,7.5,1.0,0.0,8.5,NORMAL,False,
18.09.2026,18,Cuma,52240399666,01020,01020,HANDAN TOPTİK,ÜRETİM,HALİL DİĞRENCİ,08:10,20:01,08:00,20:01,"08:10, 20:01",11.85,1.5,10.5,7.5,3.0,0.0,10.5,NORMAL,False,
18.09.2026,18,Cuma,20290485820,01060,01060,HANİFE YILDIRIM,BALIK TEMİZLEME,BALIKESİR,07:50,18:06,08:00,18:06,"07:50, 18:06",10.27,1.5,8.5,7.5,1.0,0.0,8.5,NORMAL,False,
18.09.2026,18,Cuma,14779989510,00080,00080,HARUN YAHYA DURSUN,BALIK DOLUM,GÖBEL,10:18,20:23,10:00,20:23,"10:18, 20:23",10.08,1.5,8.5,5.5,5.0,2.0,10.5,BÖLÜM_PRİMLİ,False,"Balık Dolum ve Kesim Primi: Fiili 8,5s -> Bonuslu 10,5s (+2,0s Prim)"
18.09.2026,18,Cuma,32194063110,00574,00574,HATİCE ERBAŞ,AMBAR,BİGADİÇ,07:47,19:26,08:00,19:26,"07:47, 19:26",11.65,1.5,10.0,7.5,2.5,0.0,10.0,NORMAL,False,
18.09.2026,18,Cuma,45823635220,01148,01148,HATİCE GÖLBAŞ,ÜRETİM,HALİL DİĞRENCİ,08:11,20:01,08:00,20:01,"08:11, 20:01",11.83,1.5,10.5,7.5,3.0,0.0,10.5,NORMAL,False,
18.09.2026,18,Cuma,31324091924,00084,00084,HATİCE KURT,ÜRETİM,BİGADİÇ,16:17,01:03,16:00,01:03,"16:17, 01:03",8.77,0.5,8.5,7.5,1.0,0.0,8.5,NORMAL,False,
18.09.2026,18,Cuma,10817807990,01096,01096,HATİCE ONUK,ÜRETİM,HALİL DİĞRENCİ,08:14,18:05,08:00,18:05,"08:14, 18:05",9.85,1.5,8.5,7.5,1.0,0.0,8.5,NORMAL,False,
18.09.2026,18,Cuma,33850041688,00577,00577,HATİCE SAVAŞÇI,BALIK TEMİZLEME,BALIKESİR,07:49,18:05,08:00,18:05,"07:49, 18:05",10.27,1.5,8.5,7.5,1.0,0.0,8.5,NORMAL,False,
18.09.2026,18,Cuma,26002427744,00227,00227,HAVVA ALPER,BALIK DOLUM,MKP,09:54,19:16,10:00,19:16,"09:54, 19:16",9.37,1.5,7.5,5.5,4.0,2.0,9.5,BÖLÜM_PRİMLİ,False,"Balık Dolum ve Kesim Primi: Fiili 7,5s -> Bonuslu 9,5s (+2,0s Prim)"
18.09.2026,18,Cuma,26653281238,00228,00228,HAVVA BAYRAM,BALIK TEMİZLEME,BALIKESİR,07:49,18:04,08:00,18:04,"07:49, 18:04",10.25,1.5,8.5,7.5,1.0,0.0,8.5,NORMAL,False,
18.09.2026,18,Cuma,33289026430,00480,00480,HÜLYA TOPAL,AMBAR,BİGADİÇ,07:47,19:26,08:00,19:26,"07:47, 19:26",11.65,1.5,10.0,7.5,2.5,0.0,10.0,NORMAL,False,
18.09.2026,18,Cuma,30856107820,00091,00091,HÜLYA ÜÜNAL,AMBAR,BİGADİÇ,07:48,19:26,08:00,19:26,"07:48, 19:26",11.63,1.5,10.0,7.5,2.5,0.0,10.0,NORMAL,False,
18.09.2026,18,Cuma,23524501518,00231,00231,KADRİYE BEYHAN,BALIK TEMİZLEME,HALİL DİĞRENCİ,08:12,18:09,08:00,18:09,"08:12, 18:09",9.95,1.5,8.5,7.5,1.0,0.0,8.5,NORMAL,False,
18.09.2026,18,Cuma,99656887974,00294,00294,KEFA EL HUDUR,BALIK TEMİZLEME,MKP,07:48,18:13,08:00,18:13,"07:48, 18:13",10.42,1.5,8.5,7.5,1.0,0.0,8.5,NORMAL,False,
18.09.2026,18,Cuma,33067084584,00097,00097,KEMAL DURMUŞ,İŞLETME,SUSURLUK,20:03,08:00,00:00,08:00,"20:03, 08:00",11.95,0.5,7.5,7.5,0.0,0.0,7.5,NORMAL,False,
18.09.2026,18,Cuma,37573316870,01220,01220,KEZİBAN ARAS,ÜRETİM,SÇEVİKAT ÇELİK,20:03,-,20:03,08:00,20:03,7.5,0.5,7.5,7.5,0.0,0.0,7.5,GECE_TEK_BASIM,True,"Gece Basımı: 20:03 | Tek Basım (7,5s yazıldı)"
18.09.2026,18,Cuma,33397029286,01327,01327,KÜBÜŞRA ALTAY,SATIN ALMA,BANDIRMA,07:40,18:04,08:00,18:04,"07:40, 18:04",10.4,1.5,8.5,7.5,1.0,0.0,8.5,NORMAL,False,
18.09.2026,18,Cuma,25657430024,00199,00199,KÜRŞAT TÜRKAN,BAKIM,KARACABEY,08:58,18:06,09:00,18:06,"08:58, 18:06",9.13,1.5,7.5,6.5,1.0,0.0,7.5,NORMAL,False,
18.09.2026,18,Cuma,99959615564,00200,00200,MAHMOUD ALZALEK,ELEKTRİK,SUSURLUK,20:02,08:00,00:00,08:00,"20:02, 08:00",11.97,0.5,7.5,7.5,0.0,0.0,7.5,NORMAL,False,
18.09.2026,18,Cuma,29749160806,00104,00104,MAHİR HİLMİ ULUKÖK,YENİ BALIK HATTI,SUSURLUK,08:01,19:56,08:00,19:56,"08:01, 19:56",11.92,1.5,10.5,7.5,3.0,0.0,10.5,NORMAL,False,
18.09.2026,18,Cuma,54871132810,00232,00232,MAHİZER BAĞ,BALIK TEMİZLEME,KARACABEY,07:41,18:13,08:00,18:13,"07:41, 18:13",10.53,1.5,8.5,7.5,1.0,0.0,8.5,NORMAL,False,
18.09.2026,18,Cuma,,01387,01387,MEHMET EMİN BATUR,,HALİL DİĞRENCİ,07:57,19:59,08:00,19:59,"07:57, 19:59",12.03,1.5,10.5,7.5,3.0,0.0,10.5,NORMAL,False,
18.09.2026,18,Cuma,13876724772,00500,00500,MEHMET KARTAL,AMBAR,SUSURLUK,07:42,21:50,08:00,21:50,"07:42, 21:50",14.13,1.5,12.5,7.5,5.0,0.0,12.5,NORMAL,False,
18.09.2026,18,Cuma,40483844500,01126,01126,MELİSA YILMAZ,ÜRETİM,HALİL DİĞRENCİ,08:11,20:00,08:00,20:00,"08:11, 20:00",11.82,1.5,10.5,7.5,3.0,0.0,10.5,NORMAL,False,
18.09.2026,18,Cuma,30181166332,00233,00233,MEMNUNE KARAMAN,BALIK TEMİZLEME,BALIKESİR,07:49,18:06,08:00,18:06,"07:49, 18:06",10.28,1.5,8.5,7.5,1.0,0.0,8.5,NORMAL,False,
18.09.2026,18,Cuma,,01386,01386,MENEKŞE DURMAN,,HALİL DİĞRENCİ,07:57,19:58,08:00,19:58,"07:57, 19:58",12.02,1.5,10.5,7.5,3.0,0.0,10.5,NORMAL,False,
18.09.2026,18,Cuma,61984174392,01070,01070,MESERRET DAĞ,ÜRETİM,SÇEVİKAT ÇELİK,20:03,08:00,00:00,08:00,"20:03, 08:00",11.95,0.5,7.5,7.5,0.0,0.0,7.5,NORMAL,False,
18.09.2026,18,Cuma,28027546004,00112,00112,MESUT ERDEL,BAKIM,SUSURLUK,08:20,17:21,08:00,17:21,"08:20, 17:21",9.02,1.5,7.5,7.5,0.0,0.0,7.5,NORMAL,False,
18.09.2026,18,Cuma,99248627704,00005,00005,MHD BASSEL ALZALEK,ELEKTRİK,SUSURLUK,07:42,-,07:42,17:00,07:42,7.5,1.5,7.5,7.5,0.0,0.0,7.5,ÇIKIŞ_YOK_SABAH,True,"Giriş: 07:42 | Çıkış Basılmadı (Tam Gün 7,5s yazıldı)"
18.09.2026,18,Cuma,99347757876,00116,00116,MUHAMMED SAMİH SERHAN,AMBAR,GÖBEL,08:42,20:37,08:30,20:37,"08:42, 20:37",11.92,1.5,10.5,7.0,3.5,0.0,10.5,NORMAL,False,
18.09.2026,18,Cuma,23329391024,00514,00514,MUKATDES KARAMANOĞLU,BALIK TEMİZLEME,BALIKESİR,07:50,18:05,08:00,18:05,"07:50, 18:05",10.25,1.5,8.5,7.5,1.0,0.0,8.5,NORMAL,False,
18.09.2026,18,Cuma,15205679746,00572,00572,MURAT YONSUL,AMBAR,GÖBEL,07:51,21:01,08:00,21:01,"07:51, 21:01",13.17,1.5,11.5,7.5,4.0,0.0,11.5,NORMAL,False,
18.09.2026,18,Cuma,25621221832,00118,00118,MUSTAFA KAYA,İŞLETME,MKP,07:43,19:59,08:00,19:59,"07:43, 19:59",12.27,1.5,10.5,7.5,3.0,0.0,10.5,NORMAL,False,
18.09.2026,18,Cuma,,01373,01373,MUSTAFA KURT,,HALİL DİĞRENCİ,07:42,16:59,08:00,16:59,"07:42, 16:59",9.28,1.5,7.5,7.5,0.0,0.0,7.5,NORMAL,False,
18.09.2026,18,Cuma,21976553468,00234,00234,MÜCAHİT ÇOLAK,BALIK TEMİZLEME,KARACABEY,07:41,18:11,08:00,18:11,"07:41, 18:11",10.5,1.5,8.5,7.5,1.0,0.0,8.5,NORMAL,False,
18.09.2026,18,Cuma,31195265912,01056,01056,MÜRVET ÇAKAN,BALIK TEMİZLEME,HALİL DİĞRENCİ,08:09,18:09,08:00,18:09,"08:09, 18:09",10.0,1.5,8.5,7.5,1.0,0.0,8.5,NORMAL,False,
18.09.2026,18,Cuma,23539402008,00716,00716,MÜRVET ŞAFAK,ÜRETİM,SUSURLUK TUR-REŞAT,07:42,17:03,08:00,17:03,"07:42, 17:03",9.35,1.5,7.5,7.5,0.0,0.0,7.5,NORMAL,False,
18.09.2026,18,Cuma,33124024560,00120,00120,MÜZEYYEN ERDİNÇ,BALIK TEMİZLEME,BALIKESİR,07:49,18:09,08:00,18:09,"07:49, 18:09",10.33,1.5,8.5,7.5,1.0,0.0,8.5,NORMAL,False,
18.09.2026,18,Cuma,12556753194,00235,00235,NACİYE KARABULUT,BALIK TEMİZLEME,BALIKESİR,07:49,18:06,08:00,18:06,"07:49, 18:06",10.28,1.5,8.5,7.5,1.0,0.0,8.5,NORMAL,False,
18.09.2026,18,Cuma,16324748870,01178,01178,NAZMİYE ÇELİK,BALIK TEMİZLEME,GÜVEN MUSTAFAKEMALPAŞA,07:53,18:12,08:00,18:12,"07:53, 18:12",10.32,1.5,8.5,7.5,1.0,0.0,8.5,NORMAL,False,
18.09.2026,18,Cuma,28510235804,00121,00121,NAİL AKSOY,ŞÖFÖR,SUSURLUK,15:54,23:57,15:54,23:57,"15:54, 23:57",8.05,0.5,7.5,7.5,0.0,0.0,7.5,NORMAL,False,
18.09.2026,18,Cuma,38710924712,00887,00887,NECLA ABİ,BALIK TEMİZLEME,GÜVEN TURİZM,07:37,18:11,08:00,18:11,"07:37, 18:11",10.57,1.5,8.5,7.5,1.0,0.0,8.5,NORMAL,False,
18.09.2026,18,Cuma,24031385950,00380,00380,NECMİ SEVER,MEYDAN,GÖBEL,08:01,17:06,08:00,17:06,"08:01, 17:06",9.08,1.5,7.5,7.5,0.0,0.0,7.5,NORMAL,False,
18.09.2026,18,Cuma,21991561554,00930,00930,NECMİYE ÜÜLKER,BALIK TEMİZLEME,GÜVEN MUSTAFAKEMALPAŞA,07:53,18:05,08:00,18:05,"07:53, 18:05",10.2,1.5,8.5,7.5,1.0,0.0,8.5,NORMAL,False,
18.09.2026,18,Cuma,54874132756,00974,00974,NECİFE BAĞ,BALIK TEMİZLEME,KARACABEY,07:41,18:12,08:00,18:12,"07:41, 18:12",10.52,1.5,8.5,7.5,1.0,0.0,8.5,NORMAL,False,
18.09.2026,18,Cuma,14452686422,00371,00371,NESRİN GÜZEL,BALIK TEMİZLEME,BALIKESİR,07:50,18:05,08:00,18:05,"07:50, 18:05",10.25,1.5,8.5,7.5,1.0,0.0,8.5,NORMAL,False,
18.09.2026,18,Cuma,17902565544,00128,00128,NURAY AVCI,YEMEKHANE,BALIKESİR,07:50,18:02,08:00,18:02,"07:50, 18:02",10.2,1.5,8.5,7.5,1.0,0.0,8.5,NORMAL,False,
18.09.2026,18,Cuma,25970637896,00129,00129,NURAY ELİSÇIKIŞ,AMBAR,BALIKESİR,07:49,18:02,08:00,18:02,"07:49, 18:02",10.22,1.5,8.5,7.5,1.0,0.0,8.5,NORMAL,False,
18.09.2026,18,Cuma,21478446602,00236,00236,NURCAN EREN,BALIK TEMİZLEME,BALIKESİR,07:49,18:04,08:00,18:04,"07:49, 18:04",10.25,1.5,8.5,7.5,1.0,0.0,8.5,NORMAL,False,
18.09.2026,18,Cuma,15736612786,01352,01352,NURGÜL ADIGÜL,ÜRETİM,BİGADİÇ,16:18,00:59,16:00,00:59,"16:18, 00:59",8.68,0.5,8.5,7.5,1.0,0.0,8.5,NORMAL,False,
18.09.2026,18,Cuma,13318692676,01064,01064,NURGÜL PARLAS,ÜRETİM,BİGADİÇ,16:18,01:02,16:00,01:02,"16:18, 01:02",8.73,0.5,8.5,7.5,1.0,0.0,8.5,NORMAL,False,
18.09.2026,18,Cuma,27289383990,00931,00931,NURTEN ERDEM,BALIK TEMİZLEME,GÜVEN MUSTAFAKEMALPAŞA,07:52,18:12,08:00,18:12,"07:52, 18:12",10.33,1.5,8.5,7.5,1.0,0.0,8.5,NORMAL,False,
18.09.2026,18,Cuma,13420739290,00003,00003,NURİ GÜLSER,KAPI GÖREVLİSİ,GÖBEL,07:50,16:06,08:00,16:06,"07:50, 16:06",8.27,0.5,7.5,7.5,0.0,0.0,7.5,NORMAL,False,
18.09.2026,18,Cuma,52996654668,00237,00237,NURİYE AKKUŞ,BALIK TEMİZLEME,BANDIRMA,07:39,18:10,08:00,18:10,"07:39, 18:10",10.52,1.5,8.5,7.5,1.0,0.0,8.5,NORMAL,False,
18.09.2026,18,Cuma,13189854302,00006,00006,OZAN BUĞA,BAKIM,MKP,15:30,00:38,15:30,00:38,"15:30, 00:38",9.13,0.5,8.0,7.5,0.5,0.0,8.0,NORMAL,False,
18.09.2026,18,Cuma,29677146866,00238,00238,RABİYE ÇENECİOĞLU,BALIK TEMİZLEME,BALIKESİR,07:49,18:05,08:00,18:05,"07:49, 18:05",10.27,1.5,8.5,7.5,1.0,0.0,8.5,NORMAL,False,
18.09.2026,18,Cuma,29359208356,00145,00145,RAMAZAN KÜÇÜKÇÇAKIR,ŞÖFÖR,SUSURLUK,07:58,17:07,08:00,17:07,"07:58, 17:07",9.15,1.5,7.5,7.5,0.0,0.0,7.5,NORMAL,False,
18.09.2026,18,Cuma,24022385860,01316,01316,RECEP İÇÖZ,MEYDAN,GÖBEL,07:51,16:56,08:00,16:56,"07:51, 16:56",9.08,1.5,7.5,7.5,0.0,0.0,7.5,NORMAL,False,
18.09.2026,18,Cuma,28108249688,00146,00146,RIDVAN DEMİRDAK,ŞÖFÖR,GÖBEL,23:55,08:31,00:00,08:31,"23:55, 08:31",8.6,0.5,8.0,7.5,0.5,0.0,8.0,NORMAL,False,
18.09.2026,18,Cuma,16561742068,00842,00842,RUKİYE UZUN,BALIK TEMİZLEME,GÜVEN TURİZM,07:37,18:13,08:00,18:13,"07:37, 18:13",10.6,1.5,8.5,7.5,1.0,0.0,8.5,NORMAL,False,
18.09.2026,18,Cuma,34807027090,00536,00536,SABRİ ACAR,YENİ BALIK HATTI,SUSURLUK,23:57,07:53,00:00,07:53,"23:57, 07:53",7.93,0.5,7.5,7.5,0.0,0.0,7.5,NORMAL,False,
18.09.2026,18,Cuma,17335367982,01021,01021,SABİHA AKIN,ÜRETİM,HALİL DİĞRENCİ,08:10,20:06,08:00,20:06,"08:10, 20:06",11.93,1.5,10.5,7.5,3.0,0.0,10.5,NORMAL,False,
18.09.2026,18,Cuma,33640164108,01130,01130,SAMET YUMİTKEN,ÜRETİM,HALİL DİĞRENCİ,08:11,16:58,08:00,16:58,"08:11, 16:58",8.78,1.5,7.5,7.5,0.0,0.0,7.5,NORMAL,False,
18.09.2026,18,Cuma,16579732808,01341,01341,SANİYE AKBAY,ÜRETİM,SÇEVİKAT ÇELİK,20:02,07:58,00:00,07:58,"20:02, 07:58",11.93,0.5,7.5,7.5,0.0,0.0,7.5,NORMAL,False,
18.09.2026,18,Cuma,30373124058,00149,00149,SANİYE CEYLAN,AMBAR,BİGADİÇ,07:51,19:27,08:00,19:27,"07:51, 19:27",11.6,1.5,10.0,7.5,2.5,0.0,10.0,NORMAL,False,
18.09.2026,18,Cuma,14164714154,00150,00150,SARA EROĞLU,AMBAR,BALIKESİR,07:49,19:26,08:00,19:26,"07:49, 19:26",11.62,1.5,10.0,7.5,2.5,0.0,10.0,NORMAL,False,
18.09.2026,18,Cuma,24178356332,00153,00153,SEHER ÖZDEN,YEMEKHANE,BALIKESİR,07:50,18:02,08:00,18:02,"07:50, 18:02",10.2,1.5,8.5,7.5,1.0,0.0,8.5,NORMAL,False,
18.09.2026,18,Cuma,11248811624,00009,00009,SELAHATTİN SÖĞÜT,ŞÖFÖR,GÖBEL,10:02,21:01,10:00,21:01,"10:02, 21:01",10.98,1.5,9.5,5.5,4.0,0.0,9.5,NORMAL,False,
18.09.2026,18,Cuma,19723478966,01069,01069,SELMA AYHAN,ÜRETİM,BİGADİÇ,16:17,01:03,16:00,01:03,"16:17, 01:03",8.77,0.5,8.5,7.5,1.0,0.0,8.5,NORMAL,False,
18.09.2026,18,Cuma,49369567458,00559,00559,SELMA TUNÇ,BALIK TEMİZLEME,BALIKESİR,07:48,18:06,08:00,18:06,"07:48, 18:06",10.3,1.5,8.5,7.5,1.0,0.0,8.5,NORMAL,False,
18.09.2026,18,Cuma,33451458564,01227,01227,SELMATA ANIK,ÜRETİM,HALİL DİĞRENCİ,20:03,07:58,00:00,07:58,"20:03, 07:58",11.92,0.5,7.5,7.5,0.0,0.0,7.5,NORMAL,False,
18.09.2026,18,Cuma,,01371,01371,SELİM KIRAY,,GÜVEN MUSTAFAKEMALPAŞA,09:54,19:16,10:00,19:16,"09:54, 19:16",9.37,1.5,7.5,5.5,2.0,0.0,7.5,NORMAL,False,
18.09.2026,18,Cuma,46825626414,00724,00724,SEMANUR GÜLIŞIK,FORMEN,KARACABEY,07:40,18:11,08:00,18:11,"07:40, 18:11",10.52,1.5,8.5,7.5,1.0,0.0,8.5,NORMAL,False,
18.09.2026,18,Cuma,13696829374,01361,01361,SERPİL İİPEK,,HALİL DİĞRENCİ,08:14,20:05,08:00,20:05,"08:14, 20:05",11.85,1.5,10.5,7.5,3.0,0.0,10.5,NORMAL,False,
18.09.2026,18,Cuma,17611699134,00884,00884,SEVİLAY DÖNMEZ,BALIK TEMİZLEME,GÜVEN TURİZM,07:37,18:12,08:00,18:12,"07:37, 18:12",10.58,1.5,8.5,7.5,1.0,0.0,8.5,NORMAL,False,
18.09.2026,18,Cuma,15250777510,01063,01063,SEZAİ ÇELİK,BALIK,HALİL DİĞRENCİ,08:12,17:54,08:00,17:54,"08:12, 17:54",9.7,1.5,8.5,7.5,1.0,0.0,8.5,NORMAL,False,
18.09.2026,18,Cuma,29200163070,01066,01066,SEZGİN YILDIRIM,ÜRETİM,BİGADİÇ,16:18,01:03,16:00,01:03,"16:18, 01:03",8.75,0.5,8.5,7.5,1.0,0.0,8.5,NORMAL,False,
18.09.2026,18,Cuma,01370,01370,01370,SEZGİN İRGÖREN,DİĞER,GÜVEN MUSTAFAKEMALPAŞA,09:54,18:11,10:00,18:11,"09:54, 18:11",8.28,1.5,6.5,5.5,1.0,0.0,6.5,NORMAL,False,
18.09.2026,18,Cuma,18847656960,00740,00740,SEÇİL ARIBOĞA,ÜRETİM,HALİL DİĞRENCİ,08:14,20:01,08:00,20:01,"08:14, 20:01",11.78,1.5,10.5,7.5,3.0,0.0,10.5,NORMAL,False,
18.09.2026,18,Cuma,55963096430,00240,00240,SULTAN BAĞ,BALIK TEMİZLEME,KARACABEY,07:41,18:13,08:00,18:13,"07:41, 18:13",10.53,1.5,8.5,7.5,1.0,0.0,8.5,NORMAL,False,
18.09.2026,18,Cuma,10582783284,00170,00170,SİBEL ÇÇAKIR,ÜRETİM,BİGADİÇ,16:18,01:03,16:00,01:03,"16:18, 01:03",8.75,0.5,8.5,7.5,1.0,0.0,8.5,NORMAL,False,
18.09.2026,18,Cuma,29761139378,01038,01038,TALHA YAVAŞ,KALİTE,BANDIRMA,23:23,08:10,00:00,08:10,"23:23, 08:10",8.78,0.5,7.5,7.5,0.0,0.0,7.5,NORMAL,False,
18.09.2026,18,Cuma,10705928394,00976,00976,TAYFUN GÜNCÜ,BALIK TEMİZLEME,HALİL DİĞRENCİ,08:12,18:11,08:00,18:11,"08:12, 18:11",9.98,1.5,8.5,7.5,1.0,0.0,8.5,NORMAL,False,
18.09.2026,18,Cuma,13252843738,00243,00243,TAYFUN TIĞRAK,FORMEN,KARACABEY,07:49,19:22,08:00,19:22,"07:49, 19:22",11.55,1.5,9.5,7.5,2.0,0.0,9.5,NORMAL,False,
18.09.2026,18,Cuma,32938871292,00183,00183,TAYFUN ÇELİK,MEYDAN,MKP,07:45,18:12,08:00,18:12,"07:45, 18:12",10.45,1.5,8.5,7.5,1.0,0.0,8.5,NORMAL,False,
18.09.2026,18,Cuma,30925156292,00501,00501,TUNCAY METİN,KAPI GÖREVLİSİ,SUSURLUK,23:45,08:00,00:00,08:00,"23:45, 08:00",8.25,0.5,7.5,7.5,0.0,0.0,7.5,NORMAL,False,
18.09.2026,18,Cuma,14701796544,00582,00582,YUSUF SAMAR,MUHASEBE,KARACABEY,07:45,17:53,08:00,17:53,"07:45, 17:53",10.13,1.5,8.5,7.5,1.0,0.0,8.5,NORMAL,False,
18.09.2026,18,Cuma,31861120316,00191,00191,ZAHİDE GÜRBÜZ,BALIK TEMİZLEME,BALIKESİR,07:50,18:07,08:00,18:07,"07:50, 18:07",10.28,1.5,8.5,7.5,1.0,0.0,8.5,NORMAL,False,
18.09.2026,18,Cuma,27560597764,01048,01048,ZAHİDE HAĞİ,BALIK TEMİZLEME,HALİL DİĞRENCİ,08:09,18:13,08:00,18:13,"08:09, 18:13",10.07,1.5,8.5,7.5,1.0,0.0,8.5,NORMAL,False,
18.09.2026,18,Cuma,31552110794,00935,00935,ZAHİDE KALDEMİR,BALIK TEMİZLEME,GÜVEN MUSTAFAKEMALPAŞA,07:53,18:10,08:00,18:10,"07:53, 18:10",10.28,1.5,8.5,7.5,1.0,0.0,8.5,NORMAL,False,
18.09.2026,18,Cuma,22249543988,00192,00192,ZAHİDE NEDİRLİ,KALİTE,KARACABEY,07:40,18:07,08:00,18:07,"07:40, 18:07",10.45,1.5,8.5,7.5,1.0,0.0,8.5,NORMAL,False,
18.09.2026,18,Cuma,10820807680,01097,01097,ZEHRA ONUK,ÜRETİM,HALİL DİĞRENCİ,08:13,18:07,08:00,18:07,"08:13, 18:07",9.9,1.5,8.5,7.5,1.0,0.0,8.5,NORMAL,False,
18.09.2026,18,Cuma,23782492962,01049,01049,ZEKİYE ŞEKER,BALIK TEMİZLEME,HALİL DİĞRENCİ,08:12,18:06,08:00,18:06,"08:12, 18:06",9.9,1.5,8.5,7.5,1.0,0.0,8.5,NORMAL,False,
18.09.2026,18,Cuma,28729335166,00936,00936,ZELİHA KEİREMETÇİ,BALIK TEMİZLEME,GÜVEN MUSTAFAKEMALPAŞA,07:52,18:12,08:00,18:12,"07:52, 18:12",10.33,1.5,8.5,7.5,1.0,0.0,8.5,NORMAL,False,
18.09.2026,18,Cuma,14047825472,00937,00937,ZELİHA ORUÇ,BALIK TEMİZLEME,GÜVEN MUSTAFAKEMALPAŞA,07:52,18:10,08:00,18:10,"07:52, 18:10",10.3,1.5,8.5,7.5,1.0,0.0,8.5,NORMAL,False,
18.09.2026,18,Cuma,24289352612,00244,00244,ZEYNEP KARAMAN,BALIK TEMİZLEME,BALIKESİR,07:50,18:04,08:00,18:04,"07:50, 18:04",10.23,1.5,8.5,7.5,1.0,0.0,8.5,NORMAL,False,
18.09.2026,18,Cuma,33742169780,00246,00246,ZEYNEP KURT,BALIK DOLUM,MKP,09:54,19:16,10:00,19:16,"09:54, 19:16",9.37,1.5,7.5,5.5,4.0,2.0,9.5,BÖLÜM_PRİMLİ,False,"Balık Dolum ve Kesim Primi: Fiili 7,5s -> Bonuslu 9,5s (+2,0s Prim)"
18.09.2026,18,Cuma,22498412394,00765,00765,ZEYNEP ONBAŞI,YEMEKHANE,BALIKESİR,07:49,18:02,08:00,18:02,"07:49, 18:02",10.22,1.5,8.5,7.5,1.0,0.0,8.5,NORMAL,False,
18.09.2026,18,Cuma,22319750032,00782,00782,ÇİDEM FİDAN,BALIK TEMİZLEME,BANDIRMA,09:46,18:10,09:30,18:10,"09:46, 18:10",8.4,1.5,7.0,6.0,1.0,0.0,7.0,NORMAL,False,
18.09.2026,18,Cuma,17749594400,00033,00033,ÇİSEM BÇAKIR,KALİTE,SUSURLUK,15:54,23:54,15:54,23:54,"15:54, 23:54",8.0,0.5,7.5,7.5,0.0,0.0,7.5,NORMAL,False,
18.09.2026,18,Cuma,33037193346,01349,01349,ÖMÜR SEPETÇİ,ÜRETİM,GÜVEN MUSTAFAKEMALPAŞA,07:54,17:55,08:00,17:55,"07:54, 17:55",10.02,1.5,8.5,7.5,1.0,0.0,8.5,NORMAL,False,
18.09.2026,18,Cuma,27235386938,00139,00139,ÖMÜRLÜ FERİK,KAZAN,MKP,07:43,-,07:43,17:00,07:43,7.5,1.5,7.5,7.5,0.0,0.0,7.5,ÇIKIŞ_YOK_SABAH,True,"Giriş: 07:43 | Çıkış Basılmadı (Tam Gün 7,5s yazıldı)"
18.09.2026,18,Cuma,12268777280,00185,00185,ÜMMÜ AYDOĞAN,ÜRETİM,SUSURLUK TUR-REŞAT,07:42,17:03,08:00,17:03,"07:42, 17:03",9.35,1.5,7.5,7.5,0.0,0.0,7.5,NORMAL,False,
18.09.2026,18,Cuma,57541044000,01195,01195,ÜMMÜGÜLSÜM BAĞ,BALIK TEMİZLEME,KARACABEY,07:41,18:13,08:00,18:13,"07:41, 18:13",10.53,1.5,8.5,7.5,1.0,0.0,8.5,NORMAL,False,
18.09.2026,18,Cuma,37075059770,01350,01350,ÜVEYS SEPETÇİ,ÜRETİM,GÜVEN MUSTAFAKEMALPAŞA,07:54,17:55,08:00,17:55,"07:54, 17:55",10.02,1.5,8.5,7.5,1.0,0.0,8.5,NORMAL,False,
18.09.2026,18,Cuma,29515203096,00092,00092,İBÜŞRAHİM YILDIRIM,MEYDAN,MKP,07:47,18:09,08:00,18:09,"07:47, 18:09",10.37,1.5,8.5,7.5,1.0,0.0,8.5,NORMAL,False,
18.09.2026,18,Cuma,25060351046,00230,00230,İSMAİL İMİR,OTOKLAV OPERATÖRÜ,SUSURLUK,08:00,19:56,08:00,19:56,"08:00, 19:56",11.93,1.5,10.5,7.5,3.0,0.0,10.5,NORMAL,False,
18.09.2026,18,Cuma,13720827796,00176,00176,ŞADİ BAŞARICI,BAKIM,KARACABEY,07:58,17:01,08:00,17:01,"07:58, 17:01",9.05,1.5,7.5,7.5,0.0,0.0,7.5,NORMAL,False,
18.09.2026,18,Cuma,25192322242,00179,00179,ŞAYİKA KOPARAN,AMBAR,BİGADİÇ,07:51,19:25,08:00,19:25,"07:51, 19:25",11.57,1.5,9.5,7.5,2.0,0.0,9.5,NORMAL,False,
18.09.2026,18,Cuma,38240191356,01161,01161,ŞENGÜL ALEMİN,ÜRETİM,HALİL DİĞRENCİ,20:03,-,20:03,08:00,20:03,7.5,0.5,7.5,7.5,0.0,0.0,7.5,GECE_TEK_BASIM,True,"Gece Basımı: 20:03 | Tek Basım (7,5s yazıldı)"
18.09.2026,18,Cuma,10255820520,00242,00242,ŞERBANE SARAN,BALIK TEMİZLEME,BALIKESİR,07:50,18:05,08:00,18:05,"07:50, 18:05",10.25,1.5,8.5,7.5,1.0,0.0,8.5,NORMAL,False,
18.09.2026,18,Cuma,,01384,01384,ŞEYMA İİPEK,,HALİL DİĞRENCİ,08:12,18:05,08:00,18:05,"08:12, 18:05",9.88,1.5,8.5,7.5,1.0,0.0,8.5,NORMAL,False,
19.09.2026,19,Cumartesi,18655664102,00011,00011,ADVİYE YARICI,BALIK TEMİZLEME,HALİL DİĞRENCİ,08:12,17:56,08:00,17:56,"08:12, 17:56",9.73,1.5,8.5,7.5,1.0,0.0,8.5,NORMAL,False,
19.09.2026,19,Cumartesi,44626409038,01113,01113,AHMET ALİ TÜRKMEN,ÜRETİM,BİGADİÇ,15:43,04:05,15:43,04:05,"15:43, 04:05",12.37,0.5,11.5,7.5,4.0,0.0,11.5,NORMAL,False,
19.09.2026,19,Cumartesi,23527501454,00583,00583,AHMET BEYHAN,BAKIM,KARACABEY,08:11,20:03,08:00,20:03,"08:11, 20:03",11.87,1.5,10.5,7.5,3.0,0.0,10.5,NORMAL,False,
19.09.2026,19,Cumartesi,21925456598,00830,00830,AHMET ÇÇAYLAK,AMBAR,BALIKESİR,07:36,17:03,08:00,17:03,"07:36, 17:03",9.45,1.5,7.5,7.5,0.0,0.0,7.5,NORMAL,False,
19.09.2026,19,Cumartesi,16510742668,01154,01154,AKİF TÜRKÇÜ,BALIK TEMİZLİK,MKP,-,18:11,08:00,18:11,18:11,10.18,1.5,8.5,7.5,1.0,0.0,8.5,GİRİŞ_YOK_AKŞAM,True,"Çıkış: 18:11 | Giriş Basılmadı (08:00 başı ile 8,5s korundu)"
19.09.2026,19,Cumartesi,,01382,01382,ALİ BALTA,,HALİL DİĞRENCİ,08:16,17:05,08:00,17:05,"08:16, 17:05",8.82,1.5,7.5,7.5,0.0,0.0,7.5,NORMAL,False,
19.09.2026,19,Cumartesi,99320980932,00247,00247,ANUD ELMEAŞİ,BALIK TEMİZLEME,GÜVEN TURİZM,07:34,17:54,08:00,17:54,"07:34, 17:54",10.33,1.5,8.5,7.5,1.0,0.0,8.5,NORMAL,False,
19.09.2026,19,Cumartesi,28336192374,00308,00308,ARZU KILA,AMBAR,BİGADİÇ,07:48,19:14,08:00,19:14,"07:48, 19:14",11.43,1.5,9.5,7.5,2.0,0.0,9.5,NORMAL,False,
19.09.2026,19,Cumartesi,28033351500,01357,01357,ARZU ÖZTÜRK,BALIK TEMİZLEME,GÜVEN MUSTAFAKEMALPAŞA,07:46,17:55,08:00,17:55,"07:46, 17:55",10.15,1.5,8.5,7.5,1.0,0.0,8.5,NORMAL,False,
19.09.2026,19,Cumartesi,24709461474,00894,00894,ASLI BAYRAKTAR,BALIK DOLUM,GÜVEN TURİZM,07:35,17:56,08:00,17:56,"07:35, 17:56",10.35,1.5,8.5,7.5,3.0,2.0,10.5,BÖLÜM_PRİMLİ,False,"Balık Dolum ve Kesim Primi: Fiili 8,5s -> Bonuslu 10,5s (+2,0s Prim)"
19.09.2026,19,Cumartesi,12572550074,00209,00209,ASYA TİLKİ,BALIK TEMİZLEME,KARACABEY,07:44,17:55,08:00,17:55,"07:44, 17:55",10.18,1.5,8.5,7.5,1.0,0.0,8.5,NORMAL,False,
19.09.2026,19,Cumartesi,22426711476,00754,00754,AYNUR DEMİRCAN,BALIK TEMİZLEME,HALİL DİĞRENCİ,08:13,17:54,08:00,17:54,"08:13, 17:54",9.68,1.5,8.5,7.5,1.0,0.0,8.5,NORMAL,False,
19.09.2026,19,Cumartesi,13543834438,01145,01145,AYSEL ÇETİNTAŞ,ÜRETİM,HALİL DİĞRENCİ,08:12,20:04,08:00,20:04,"08:12, 20:04",11.87,1.5,10.5,7.5,3.0,0.0,10.5,NORMAL,False,
19.09.2026,19,Cumartesi,,01385,01385,AYÇA KARAMAN,,HALİL DİĞRENCİ,07:40,20:10,08:00,20:10,"07:40, 20:10",12.5,1.5,10.5,7.5,3.0,0.0,10.5,NORMAL,False,
19.09.2026,19,Cumartesi,25567503092,00211,00211,AYÇA SEZER,KALİTE,BANDIRMA,07:46,19:00,08:00,19:00,"07:46, 19:00",11.23,1.5,9.5,7.5,2.0,0.0,9.5,NORMAL,False,
19.09.2026,19,Cumartesi,34120156552,00215,00215,AYŞE YILMAZ,BALIK DOLUM,MKP,07:50,19:05,08:00,19:05,"07:50, 19:05",11.25,1.5,9.5,7.5,4.0,2.0,11.5,BÖLÜM_PRİMLİ,False,"Balık Dolum ve Kesim Primi: Fiili 9,5s -> Bonuslu 11,5s (+2,0s Prim)"
19.09.2026,19,Cumartesi,11284759850,00018,00018,AYŞE ÇENECİOĞLU,AMBAR,BİGADİÇ,07:48,19:13,08:00,19:13,"07:48, 19:13",11.42,1.5,9.5,7.5,2.0,0.0,9.5,NORMAL,False,
19.09.2026,19,Cumartesi,25610607388,01353,01353,BAHAR FİDAN,ÜRETİM,SÇEVİKAT ÇELİK,-,19:50,08:00,19:50,19:50,11.83,1.5,10.5,7.5,3.0,0.0,10.5,GİRİŞ_YOK_AKŞAM,True,"Çıkış: 19:50 | Giriş Basılmadı (08:00 başı ile 10,5s korundu)"
19.09.2026,19,Cumartesi,12496719380,01139,01139,BEDİA KAYMAZ,AMBAR,BİGADİÇ,07:48,19:17,08:00,19:17,"07:48, 19:17",11.48,1.5,9.5,7.5,2.0,0.0,9.5,NORMAL,False,
19.09.2026,19,Cumartesi,11206757414,00902,00902,BERK BERBER,ÇEVRE MÜHENDİSİ,BANDIRMA,07:45,17:51,08:00,17:51,"07:45, 17:51",10.1,1.5,8.5,7.5,1.0,0.0,8.5,NORMAL,False,
19.09.2026,19,Cumartesi,10201948476,01170,01170,BUKET DÖNMEZ,KALİTE,HALİL DİĞRENCİ,08:17,17:46,08:00,17:46,"08:17, 17:46",9.48,1.5,8.0,7.5,0.5,0.0,8.0,NORMAL,False,
19.09.2026,19,Cumartesi,33316051664,01339,01339,BİLGİNUR SÜMER,BALIK TEMİZLEME,BALIKESİR,07:59,17:47,08:00,17:47,"07:59, 17:47",9.8,1.5,8.0,7.5,0.5,0.0,8.0,NORMAL,False,
19.09.2026,19,Cumartesi,11950763822,01348,01348,BİLGİYE TOPAL,BALIK TEMİZLEME,GÜVEN MUSTAFAKEMALPAŞA,07:46,17:50,08:00,17:50,"07:46, 17:50",10.07,1.5,8.5,7.5,1.0,0.0,8.5,NORMAL,False,
19.09.2026,19,Cumartesi,16933572286,00030,00030,CANSEVER ÇÇAKMAK,AMBAR,BİGADİÇ,07:48,19:13,08:00,19:13,"07:48, 19:13",11.42,1.5,9.5,7.5,2.0,0.0,9.5,NORMAL,False,
19.09.2026,19,Cumartesi,33154180038,00031,00031,CEMALETTİN BEDİZCİ,BAKIM,KARACABEY,07:47,20:13,08:00,20:13,"07:47, 20:13",12.43,1.5,10.5,7.5,3.0,0.0,10.5,NORMAL,False,
19.09.2026,19,Cumartesi,17488585028,00217,00217,CEMİLE KARAN,BALIK TEMİZLEME,BALIKESİR,07:59,17:47,08:00,17:47,"07:59, 17:47",9.8,1.5,8.0,7.5,0.5,0.0,8.0,NORMAL,False,
19.09.2026,19,Cumartesi,23083367440,00320,00320,CEYDA ÖZ,KALİTE,BİGADİÇ,15:42,04:05,15:42,04:05,"15:42, 04:05",12.38,0.5,11.5,7.5,4.0,0.0,11.5,NORMAL,False,
19.09.2026,19,Cumartesi,16699736366,01330,01330,CEYLAN BATAN,BALIK TEMİZLEME,GÜVEN MUSTAFAKEMALPAŞA,07:46,17:58,08:00,17:58,"07:46, 17:58",10.2,1.5,8.5,7.5,1.0,0.0,8.5,NORMAL,False,
19.09.2026,19,Cumartesi,19313787324,00943,00943,CİHAN YILMAZ,BALIK,HALİL DİĞRENCİ,08:13,17:08,08:00,17:08,"08:13, 17:08",8.92,1.5,7.5,7.5,0.0,0.0,7.5,NORMAL,False,
19.09.2026,19,Cumartesi,37525041782,00218,00218,DERYA SEVİNÇ,FORMEN,MKP,07:48,17:56,08:00,17:56,"07:48, 17:56",10.13,1.5,8.5,7.5,1.0,0.0,8.5,NORMAL,False,
19.09.2026,19,Cumartesi,24961035246,01098,01098,DUDU ÖRENGÜL,KALİTE,GÜVEN MUSTAFAKEMALPAŞA,07:46,17:50,08:00,17:50,"07:46, 17:50",10.07,1.5,8.5,7.5,1.0,0.0,8.5,NORMAL,False,
19.09.2026,19,Cumartesi,99848635024,00283,00283,DUHA EL MUFADDİ,BALIK TEMİZLEME,MKP,07:49,17:56,08:00,17:56,"07:49, 17:56",10.12,1.5,8.5,7.5,1.0,0.0,8.5,NORMAL,False,
19.09.2026,19,Cumartesi,23509358892,00386,00386,DÖNDÜ ŞAHİN,KALİTE,BANDIRMA,23:24,08:02,00:00,08:02,"23:24, 08:02",8.63,0.5,7.5,7.5,0.0,0.0,7.5,NORMAL,False,
19.09.2026,19,Cumartesi,10456937386,01362,01362,DİLEK ÇETİN,,HALİL DİĞRENCİ,08:12,17:04,08:00,17:04,"08:12, 17:04",8.87,1.5,7.5,7.5,0.0,0.0,7.5,NORMAL,False,
19.09.2026,19,Cumartesi,29563469352,00563,00563,EDİP EKİNCİ,KAZAN,SUSURLUK,19:58,07:59,20:00,07:59,"19:58, 07:59",12.02,0.5,11.5,3.5,8.0,0.0,11.5,NORMAL,False,
19.09.2026,19,Cumartesi,10066843626,00374,00374,EFE EVİM,AMBAR,BİGADİÇ,07:49,19:13,08:00,19:13,"07:49, 19:13",11.4,1.5,9.5,7.5,2.0,0.0,9.5,NORMAL,False,
19.09.2026,19,Cumartesi,14266711334,00037,00037,EFRAİM DUMAN,AMBAR,SUSURLUK,19:58,07:58,20:00,07:58,"19:58, 07:58",12.0,0.5,11.5,3.5,8.0,0.0,11.5,NORMAL,False,
19.09.2026,19,Cumartesi,20036722080,00039,00039,ELMAS OMAY,AMBAR,BALIKESİR,07:59,19:12,08:00,19:12,"07:59, 19:12",11.22,1.5,9.5,7.5,2.0,0.0,9.5,NORMAL,False,
19.09.2026,19,Cumartesi,16591633060,00038,00038,ELİF TUNÇ,KALİTE,BANDIRMA,07:45,17:51,08:00,17:51,"07:45, 17:51",10.1,1.5,8.5,7.5,1.0,0.0,8.5,NORMAL,False,
19.09.2026,19,Cumartesi,20266511430,00002,00002,ELİF YAVAŞ,MUHASEBE,SUSURLUK,08:04,17:00,08:00,17:00,"08:04, 17:00",8.93,1.5,7.5,7.5,0.0,0.0,7.5,NORMAL,False,
19.09.2026,19,Cumartesi,31009103096,00204,00204,EMEL SANAN,AMBAR,BİGADİÇ,07:47,19:16,08:00,19:16,"07:47, 19:16",11.48,1.5,9.5,7.5,2.0,0.0,9.5,NORMAL,False,
19.09.2026,19,Cumartesi,21550576494,01091,01091,EMRE BAŞAR,ÜRETİM,GÜVEN MUSTAFAKEMALPAŞA,07:47,20:00,08:00,20:00,"07:47, 20:00",12.22,1.5,10.5,7.5,3.0,0.0,10.5,NORMAL,False,
19.09.2026,19,Cumartesi,20584476770,00219,00219,EMİNE ATEŞ,BALIK TEMİZLEME,BALIKESİR,07:59,17:50,08:00,17:50,"07:59, 17:50",9.85,1.5,8.5,7.5,1.0,0.0,8.5,NORMAL,False,
19.09.2026,19,Cumartesi,12523718256,00043,00043,EMİNE BAYER,AMBAR,BİGADİÇ,07:49,19:12,08:00,19:12,"07:49, 19:12",11.38,1.5,9.5,7.5,2.0,0.0,9.5,NORMAL,False,
19.09.2026,19,Cumartesi,16111749134,01300,01300,EMİNE KARAMAN,BALIK TEMİZLEME,HALİL DİĞRENCİ,08:13,17:53,08:00,17:53,"08:13, 17:53",9.67,1.5,8.5,7.5,1.0,0.0,8.5,NORMAL,False,
19.09.2026,19,Cumartesi,12379749978,00197,00197,EMİNE SARI,YEMEKHANE,BALIKESİR,07:58,17:47,08:00,17:47,"07:58, 17:47",9.82,1.5,8.0,7.5,0.5,0.0,8.0,NORMAL,False,
19.09.2026,19,Cumartesi,45328882280,00859,00859,EMİNE YAVUZ,BALIK TEMİZLEME,GÜVEN TURİZM,07:34,17:54,08:00,17:54,"07:34, 17:54",10.33,1.5,8.5,7.5,1.0,0.0,8.5,NORMAL,False,
19.09.2026,19,Cumartesi,20503503198,00045,00045,EMİNE ÇAPAR,YEMEKHANE,GÖBEL,18:56,04:27,19:00,04:27,"18:56, 04:27",9.52,0.5,9.0,4.5,4.5,0.0,9.0,NORMAL,False,
19.09.2026,19,Cumartesi,37030668238,01180,01180,EMİNE ŞENTÜRK CİNGÖZ,BALIK TEMİZLEME,GÜVEN TURİZM,07:34,17:56,08:00,17:56,"07:34, 17:56",10.37,1.5,8.5,7.5,1.0,0.0,8.5,NORMAL,False,
19.09.2026,19,Cumartesi,10036852948,00046,00046,EMİRHAN MUTLU,BAKIM,GÖBEL,08:19,17:48,08:00,17:48,"08:19, 17:48",9.48,1.5,8.0,7.5,0.5,0.0,8.0,NORMAL,False,
19.09.2026,19,Cumartesi,29470204244,00007,00007,ENDER BİLBAY,KAPI GÖREVLİSİ,GÖBEL,07:49,16:05,08:00,16:05,"07:49, 16:05",8.27,0.5,7.5,7.5,0.0,0.0,7.5,NORMAL,False,
19.09.2026,19,Cumartesi,98284188514,00293,00293,ENES ABDE,BALIK TEMİZLEME,MKP,07:49,17:56,08:00,17:56,"07:49, 17:56",10.12,1.5,8.5,7.5,1.0,0.0,8.5,NORMAL,False,
19.09.2026,19,Cumartesi,34795126850,01351,01351,ERCAN POLAT,BİLGİSAYAR MÜHENDİSİ,KARACABEY,07:51,23:37,08:00,23:37,"07:51, 10:22, 10:30, 12:44, 12:46, 13:10, 13:11, 15:28, 15:29, 17:51, 23:35, 23:37",15.77,1.5,14.0,7.5,6.5,0.0,14.0,ÇOKLU_BASIM_MIN_MAX,True,"Çoklu Basım: İlk Giriş 07:51, Son Çıkış 23:37 (14,0s)"
19.09.2026,19,Cumartesi,23131415628,00047,00047,ERDİN TETİK,MEYDAN,SUSURLUK,23:49,07:59,00:00,07:59,"23:49, 07:59",8.17,0.5,7.5,7.5,0.0,0.0,7.5,NORMAL,False,
19.09.2026,19,Cumartesi,22260441248,00198,00198,ERSİN ESER,BAKIM,GÖBEL,19:58,04:05,20:00,04:05,"19:58, 04:05",8.12,0.5,7.5,3.5,4.0,0.0,7.5,NORMAL,False,
19.09.2026,19,Cumartesi,11633067636,00221,00221,EİREMŞAH KIZILKAYA,BALIK DOLUM,GÖBEL,07:50,18:53,08:00,18:53,"07:50, 18:53",11.05,1.5,9.5,7.5,4.0,2.0,11.5,BÖLÜM_PRİMLİ,False,"Balık Dolum ve Kesim Primi: Fiili 9,5s -> Bonuslu 11,5s (+2,0s Prim)"
19.09.2026,19,Cumartesi,35183294274,00926,00926,FATMA DEMİRER,BALIK TEMİZLEME,GÜVEN MUSTAFAKEMALPAŞA,07:45,17:56,08:00,17:56,"07:45, 17:56",10.18,1.5,8.5,7.5,1.0,0.0,8.5,NORMAL,False,
19.09.2026,19,Cumartesi,32986036254,00056,00056,FATMA ÇAM,ÜRETİM,BİGADİÇ,15:43,04:05,15:43,04:05,"15:43, 04:05",12.37,0.5,11.5,7.5,4.0,0.0,11.5,NORMAL,False,
19.09.2026,19,Cumartesi,31594082608,00057,00057,FATMA ÖZÇAM,ÜRETİM,BİGADİÇ,15:43,04:05,15:43,04:05,"15:43, 04:05",12.37,0.5,11.5,7.5,4.0,0.0,11.5,NORMAL,False,
19.09.2026,19,Cumartesi,11890896888,00223,00223,FATMAGÜL ÇEKİ,BALIK DOLUM,MKP,07:50,19:05,08:00,19:05,"07:50, 19:05",11.25,1.5,9.5,7.5,4.0,2.0,11.5,BÖLÜM_PRİMLİ,False,"Balık Dolum ve Kesim Primi: Fiili 9,5s -> Bonuslu 11,5s (+2,0s Prim)"
19.09.2026,19,Cumartesi,21898406446,01065,01065,FERUDUN BAKAN,ÜRETİM,BİGADİÇ,15:43,04:05,15:43,04:05,"15:43, 04:05",12.37,0.5,11.5,7.5,4.0,0.0,11.5,NORMAL,False,
19.09.2026,19,Cumartesi,31933222184,00224,00224,FEVZİYE EREL,BALIK TEMİZLEME,HALİL DİĞRENCİ,08:13,17:50,08:00,17:50,"08:13, 17:50",9.62,1.5,8.5,7.5,1.0,0.0,8.5,NORMAL,False,
19.09.2026,19,Cumartesi,17431713232,00927,00927,FİSUN ETİLER,,GÜVEN MUSTAFAKEMALPAŞA,07:46,17:50,08:00,17:50,"07:46, 17:50",10.07,1.5,8.5,7.5,1.0,0.0,8.5,NORMAL,False,
19.09.2026,19,Cumartesi,33739783340,00739,00739,GURBET DUMAN,BALIK TEMİZLEME,HALİL DİĞRENCİ,08:13,17:54,08:00,17:54,"08:13, 17:54",9.68,1.5,8.5,7.5,1.0,0.0,8.5,NORMAL,False,
19.09.2026,19,Cumartesi,33379057108,00423,00423,GÜLAY GÜNDOĞDU,BALIK TEMİZLEME,BALIKESİR,07:57,17:51,08:00,17:51,"07:57, 17:51",9.9,1.5,8.5,7.5,1.0,0.0,8.5,NORMAL,False,
19.09.2026,19,Cumartesi,24541318660,00065,00065,GÜLCAN BİLGİÇ,AMBAR,BİGADİÇ,07:48,19:13,08:00,19:13,"07:48, 19:13",11.42,1.5,9.5,7.5,2.0,0.0,9.5,NORMAL,False,
19.09.2026,19,Cumartesi,15041774032,00882,00882,GÜLPERİ KALENDER,BALIK TEMİZLEME,BANDIRMA,07:46,17:54,08:00,17:54,"07:46, 17:54",10.13,1.5,8.5,7.5,1.0,0.0,8.5,NORMAL,False,
19.09.2026,19,Cumartesi,53689106020,00073,00073,GÜLSÜM GÖRGÜLÜ,AMBAR,BİGADİÇ,07:49,19:13,08:00,19:13,"07:49, 19:13",11.4,1.5,9.5,7.5,2.0,0.0,9.5,NORMAL,False,
19.09.2026,19,Cumartesi,45184908278,00226,00226,GÜLTEN DURMAZ,BALIK DOLUM,GÖBEL,07:50,18:53,08:00,18:53,"07:50, 18:53",11.05,1.5,9.5,7.5,4.0,2.0,11.5,BÖLÜM_PRİMLİ,False,"Balık Dolum ve Kesim Primi: Fiili 9,5s -> Bonuslu 11,5s (+2,0s Prim)"
19.09.2026,19,Cumartesi,10996768938,00071,00071,GÜLTEN GİDER,AMBAR,BİGADİÇ,07:48,19:13,08:00,19:13,"07:48, 19:13",11.42,1.5,9.5,7.5,2.0,0.0,9.5,NORMAL,False,
19.09.2026,19,Cumartesi,23638497776,00075,00075,HACER BEYHAN,BALIK TEMİZLEME,HALİL DİĞRENCİ,08:12,17:50,08:00,17:50,"08:12, 17:50",9.63,1.5,8.5,7.5,1.0,0.0,8.5,NORMAL,False,
19.09.2026,19,Cumartesi,22639531168,01078,01078,HAFİZE AVCIOĞLU,BALIK TEMİZLEME,GÜVEN TURİZM,07:34,17:52,08:00,17:52,"07:34, 17:52",10.3,1.5,8.5,7.5,1.0,0.0,8.5,NORMAL,False,
19.09.2026,19,Cumartesi,13708835836,01159,01159,HAMİT GİRGİN,BALIK TEMİZLEME,GÜVEN MUSTAFAKEMALPAŞA,07:46,19:05,08:00,19:05,"07:46, 19:05",11.32,1.5,9.5,7.5,2.0,0.0,9.5,NORMAL,False,
19.09.2026,19,Cumartesi,52240399666,01020,01020,HANDAN TOPTİK,ÜRETİM,HALİL DİĞRENCİ,08:14,20:06,08:00,20:06,"08:14, 20:06",11.87,1.5,10.5,7.5,3.0,0.0,10.5,NORMAL,False,
19.09.2026,19,Cumartesi,14779989510,00080,00080,HARUN YAHYA DURSUN,BALIK DOLUM,GÖBEL,07:45,17:08,08:00,17:08,"07:45, 17:08",9.38,1.5,7.5,7.5,2.0,2.0,9.5,BÖLÜM_PRİMLİ,False,"Balık Dolum ve Kesim Primi: Fiili 7,5s -> Bonuslu 9,5s (+2,0s Prim)"
19.09.2026,19,Cumartesi,32194063110,00574,00574,HATİCE ERBAŞ,AMBAR,BİGADİÇ,07:48,19:16,08:00,19:16,"07:48, 19:16",11.47,1.5,9.5,7.5,2.0,0.0,9.5,NORMAL,False,
19.09.2026,19,Cumartesi,45823635220,01148,01148,HATİCE GÖLBAŞ,ÜRETİM,HALİL DİĞRENCİ,08:15,20:04,08:00,20:04,"08:15, 20:04",11.82,1.5,10.5,7.5,3.0,0.0,10.5,NORMAL,False,
19.09.2026,19,Cumartesi,31324091924,00084,00084,HATİCE KURT,ÜRETİM,BİGADİÇ,15:44,04:05,15:44,04:05,"15:44, 04:05",12.35,0.5,11.5,7.5,4.0,0.0,11.5,NORMAL,False,
19.09.2026,19,Cumartesi,10817807990,01096,01096,HATİCE ONUK,ÜRETİM,HALİL DİĞRENCİ,08:12,17:46,08:00,17:46,"08:12, 17:46",9.57,1.5,8.0,7.5,0.5,0.0,8.0,NORMAL,False,
19.09.2026,19,Cumartesi,33850041688,00577,00577,HATİCE SAVAŞÇI,BALIK TEMİZLEME,BALIKESİR,07:58,17:50,08:00,17:50,"07:58, 17:50",9.87,1.5,8.5,7.5,1.0,0.0,8.5,NORMAL,False,
19.09.2026,19,Cumartesi,26002427744,00227,00227,HAVVA ALPER,BALIK DOLUM,MKP,07:50,19:05,08:00,19:05,"07:50, 19:05",11.25,1.5,9.5,7.5,4.0,2.0,11.5,BÖLÜM_PRİMLİ,False,"Balık Dolum ve Kesim Primi: Fiili 9,5s -> Bonuslu 11,5s (+2,0s Prim)"
19.09.2026,19,Cumartesi,10156949566,01270,01270,HAYRİYE BEYİRKEN,ÜRETİM,HALİL DİĞRENCİ,08:16,20:00,08:00,20:00,"08:16, 20:00",11.73,1.5,10.5,7.5,3.0,0.0,10.5,NORMAL,False,
19.09.2026,19,Cumartesi,33289026430,00480,00480,HÜLYA TOPAL,AMBAR,BİGADİÇ,07:48,19:17,08:00,19:17,"07:48, 19:17",11.48,1.5,9.5,7.5,2.0,0.0,9.5,NORMAL,False,
19.09.2026,19,Cumartesi,30856107820,00091,00091,HÜLYA ÜÜNAL,AMBAR,BİGADİÇ,07:48,19:17,08:00,19:17,"07:48, 19:17",11.48,1.5,9.5,7.5,2.0,0.0,9.5,NORMAL,False,
19.09.2026,19,Cumartesi,23524501518,00231,00231,KADRİYE BEYHAN,BALIK TEMİZLEME,HALİL DİĞRENCİ,08:13,17:53,08:00,17:53,"08:13, 17:53",9.67,1.5,8.5,7.5,1.0,0.0,8.5,NORMAL,False,
19.09.2026,19,Cumartesi,49981303052,00093,00093,KADİR AZAR,AMBAR,KARACABEY,07:41,-,07:41,17:00,07:41,7.5,1.5,7.5,7.5,0.0,0.0,7.5,ÇIKIŞ_YOK_SABAH,True,"Giriş: 07:41 | Çıkış Basılmadı (Tam Gün 7,5s yazıldı)"
19.09.2026,19,Cumartesi,27448226656,00095,00095,KAMİLE DAĞDÇELEN,AMBAR,BİGADİÇ,07:48,19:13,08:00,19:13,"07:48, 19:13",11.42,1.5,9.5,7.5,2.0,0.0,9.5,NORMAL,False,
19.09.2026,19,Cumartesi,99656887974,00294,00294,KEFA EL HUDUR,BALIK TEMİZLEME,MKP,07:49,17:56,08:00,17:56,"07:49, 17:56",10.12,1.5,8.5,7.5,1.0,0.0,8.5,NORMAL,False,
19.09.2026,19,Cumartesi,33067084584,00097,00097,KEMAL DURMUŞ,İŞLETME,SUSURLUK,19:59,07:53,20:00,07:53,"19:59, 07:53",11.9,0.5,11.5,3.5,8.0,0.0,11.5,NORMAL,False,
19.09.2026,19,Cumartesi,33397029286,01327,01327,KÜBÜŞRA ALTAY,SATIN ALMA,BANDIRMA,07:45,17:00,08:00,17:00,"07:45, 17:00",9.25,1.5,7.5,7.5,0.0,0.0,7.5,NORMAL,False,
19.09.2026,19,Cumartesi,25657430024,00199,00199,KÜRŞAT TÜRKAN,BAKIM,KARACABEY,08:03,18:14,08:00,18:14,"08:03, 18:14",10.18,1.5,8.5,7.5,1.0,0.0,8.5,NORMAL,False,
19.09.2026,19,Cumartesi,99959615564,00200,00200,MAHMOUD ALZALEK,ELEKTRİK,SUSURLUK,19:58,07:59,20:00,07:59,"19:58, 07:59",12.02,0.5,11.5,3.5,8.0,0.0,11.5,NORMAL,False,
19.09.2026,19,Cumartesi,29749160806,00104,00104,MAHİR HİLMİ ULUKÖK,YENİ BALIK HATTI,SUSURLUK,08:35,17:07,08:30,17:07,"08:35, 17:07",8.53,1.5,7.0,7.0,0.0,0.0,7.0,NORMAL,False,
19.09.2026,19,Cumartesi,54871132810,00232,00232,MAHİZER BAĞ,BALIK TEMİZLEME,KARACABEY,07:44,17:55,08:00,17:55,"07:44, 17:55",10.18,1.5,8.5,7.5,1.0,0.0,8.5,NORMAL,False,
19.09.2026,19,Cumartesi,,01387,01387,MEHMET EMİN BATUR,,HALİL DİĞRENCİ,07:40,20:03,08:00,20:03,"07:40, 20:03",12.38,1.5,10.5,7.5,3.0,0.0,10.5,NORMAL,False,
19.09.2026,19,Cumartesi,13876724772,00500,00500,MEHMET KARTAL,AMBAR,SUSURLUK,07:36,18:45,08:00,18:45,"07:36, 18:45",11.15,1.5,9.0,7.5,1.5,0.0,9.0,NORMAL,False,
19.09.2026,19,Cumartesi,01345,01345,01345,MELEK CEYHAN,DİĞER,HALİL DİĞRENCİ,19:58,07:52,20:00,07:52,"19:58, 07:52",11.9,0.5,11.5,3.5,8.0,0.0,11.5,NORMAL,False,
19.09.2026,19,Cumartesi,40483844500,01126,01126,MELİSA YILMAZ,ÜRETİM,HALİL DİĞRENCİ,08:15,20:04,08:00,20:04,"08:15, 20:04",11.82,1.5,10.5,7.5,3.0,0.0,10.5,NORMAL,False,
19.09.2026,19,Cumartesi,61984174392,01070,01070,MESERRET DAĞ,ÜRETİM,SÇEVİKAT ÇELİK,19:48,07:52,19:30,07:52,"19:48, 07:52",12.07,0.5,12.0,4.0,12.0,4.0,16.0,BÖLÜM_PRİMLİ,False,"Üretim Primi: Fiili 12,0s -> Bonuslu 16,0s (+4,0s Prim)"
19.09.2026,19,Cumartesi,99248627704,00005,00005,MHD BASSEL ALZALEK,ELEKTRİK,SUSURLUK,07:45,-,07:45,17:00,07:45,7.5,1.5,7.5,7.5,0.0,0.0,7.5,ÇIKIŞ_YOK_SABAH,True,"Giriş: 07:45 | Çıkış Basılmadı (Tam Gün 7,5s yazıldı)"
19.09.2026,19,Cumartesi,99347757876,00116,00116,MUHAMMED SAMİH SERHAN,AMBAR,GÖBEL,10:08,19:11,10:00,19:11,"10:08, 19:11",9.05,1.5,7.5,5.5,2.0,0.0,7.5,NORMAL,False,
19.09.2026,19,Cumartesi,23329391024,00514,00514,MUKATDES KARAMANOĞLU,BALIK TEMİZLEME,BALIKESİR,07:58,17:51,08:00,17:51,"07:58, 17:51",9.88,1.5,8.5,7.5,1.0,0.0,8.5,NORMAL,False,
19.09.2026,19,Cumartesi,15205679746,00572,00572,MURAT YONSUL,AMBAR,GÖBEL,07:52,22:02,08:00,22:02,"07:52, 22:02",14.17,1.5,12.5,7.5,5.0,0.0,12.5,NORMAL,False,
19.09.2026,19,Cumartesi,25621221832,00118,00118,MUSTAFA KAYA,İŞLETME,MKP,07:49,12:26,08:00,12:26,"07:49, 12:26",4.62,0.43,4.0,4.0,0.0,0.0,4.0,NORMAL,False,
19.09.2026,19,Cumartesi,,01373,01373,MUSTAFA KURT,,HALİL DİĞRENCİ,07:45,20:05,08:00,20:05,"07:45, 20:05",12.33,1.5,10.5,7.5,3.0,0.0,10.5,NORMAL,False,
19.09.2026,19,Cumartesi,21976553468,00234,00234,MÜCAHİT ÇOLAK,BALIK TEMİZLEME,KARACABEY,07:44,17:52,08:00,17:52,"07:44, 17:52",10.13,1.5,8.5,7.5,1.0,0.0,8.5,NORMAL,False,
19.09.2026,19,Cumartesi,31195265912,01056,01056,MÜRVET ÇAKAN,BALIK TEMİZLEME,HALİL DİĞRENCİ,08:11,17:52,08:00,17:52,"08:11, 17:52",9.68,1.5,8.5,7.5,1.0,0.0,8.5,NORMAL,False,
19.09.2026,19,Cumartesi,23539402008,00716,00716,MÜRVET ŞAFAK,ÜRETİM,SUSURLUK TUR-REŞAT,07:47,17:01,08:00,17:01,"07:47, 17:01",9.23,1.5,7.5,7.5,0.0,0.0,7.5,NORMAL,False,
19.09.2026,19,Cumartesi,33124024560,00120,00120,MÜZEYYEN ERDİNÇ,BALIK TEMİZLEME,BALIKESİR,07:57,17:51,08:00,17:51,"07:57, 17:51",9.9,1.5,8.5,7.5,1.0,0.0,8.5,NORMAL,False,
19.09.2026,19,Cumartesi,12556753194,00235,00235,NACİYE KARABULUT,BALIK TEMİZLEME,BALIKESİR,07:58,17:50,08:00,17:50,"07:58, 17:50",9.87,1.5,8.5,7.5,1.0,0.0,8.5,NORMAL,False,
19.09.2026,19,Cumartesi,16324748870,01178,01178,NAZMİYE ÇELİK,BALIK TEMİZLEME,GÜVEN MUSTAFAKEMALPAŞA,07:46,17:58,08:00,17:58,"07:46, 17:58",10.2,1.5,8.5,7.5,1.0,0.0,8.5,NORMAL,False,
19.09.2026,19,Cumartesi,28510235804,00121,00121,NAİL AKSOY,ŞÖFÖR,SUSURLUK,15:56,23:57,15:56,23:57,"15:56, 23:57",8.02,0.5,7.5,7.5,0.0,0.0,7.5,NORMAL,False,
19.09.2026,19,Cumartesi,38710924712,00887,00887,NECLA ABİ,BALIK TEMİZLEME,GÜVEN TURİZM,07:34,17:54,08:00,17:54,"07:34, 17:54",10.33,1.5,8.5,7.5,1.0,0.0,8.5,NORMAL,False,
19.09.2026,19,Cumartesi,24031385950,00380,00380,NECMİ SEVER,MEYDAN,GÖBEL,07:55,17:09,08:00,17:09,"07:55, 17:09",9.23,1.5,7.5,7.5,0.0,0.0,7.5,NORMAL,False,
19.09.2026,19,Cumartesi,21991561554,00930,00930,NECMİYE ÜÜLKER,BALIK TEMİZLEME,GÜVEN MUSTAFAKEMALPAŞA,07:46,17:50,08:00,17:50,"07:46, 17:50",10.07,1.5,8.5,7.5,1.0,0.0,8.5,NORMAL,False,
19.09.2026,19,Cumartesi,54874132756,00974,00974,NECİFE BAĞ,BALIK TEMİZLEME,KARACABEY,07:41,17:55,08:00,17:55,"07:41, 17:55",10.23,1.5,8.5,7.5,1.0,0.0,8.5,NORMAL,False,
19.09.2026,19,Cumartesi,14452686422,00371,00371,NESRİN GÜZEL,BALIK TEMİZLEME,BALIKESİR,07:58,17:52,08:00,17:52,"07:58, 17:52",9.9,1.5,8.5,7.5,1.0,0.0,8.5,NORMAL,False,
19.09.2026,19,Cumartesi,17902565544,00128,00128,NURAY AVCI,YEMEKHANE,BALIKESİR,07:58,17:49,08:00,17:49,"07:58, 17:49",9.85,1.5,8.0,7.5,0.5,0.0,8.0,NORMAL,False,
19.09.2026,19,Cumartesi,25970637896,00129,00129,NURAY ELİSÇIKIŞ,AMBAR,BALIKESİR,07:59,17:46,08:00,17:46,"07:59, 17:46",9.78,1.5,8.0,7.5,0.5,0.0,8.0,NORMAL,False,
19.09.2026,19,Cumartesi,15736612786,01352,01352,NURGÜL ADIGÜL,ÜRETİM,BİGADİÇ,15:43,04:05,15:43,04:05,"15:43, 04:05",12.37,0.5,11.5,7.5,4.0,0.0,11.5,NORMAL,False,
19.09.2026,19,Cumartesi,13318692676,01064,01064,NURGÜL PARLAS,ÜRETİM,BİGADİÇ,15:43,04:05,15:43,04:05,"15:43, 04:05",12.37,0.5,11.5,7.5,4.0,0.0,11.5,NORMAL,False,
19.09.2026,19,Cumartesi,27289383990,00931,00931,NURTEN ERDEM,BALIK TEMİZLEME,GÜVEN MUSTAFAKEMALPAŞA,07:46,17:56,08:00,17:56,"07:46, 17:56",10.17,1.5,8.5,7.5,1.0,0.0,8.5,NORMAL,False,
19.09.2026,19,Cumartesi,52996654668,00237,00237,NURİYE AKKUŞ,BALIK TEMİZLEME,BANDIRMA,07:46,17:54,08:00,17:54,"07:46, 17:54",10.13,1.5,8.5,7.5,1.0,0.0,8.5,NORMAL,False,
19.09.2026,19,Cumartesi,13189854302,00006,00006,OZAN BUĞA,BAKIM,MKP,22:27,04:14,00:00,04:14,"22:27, 04:14",5.78,0.5,3.5,3.5,0.0,0.0,3.5,NORMAL,False,
19.09.2026,19,Cumartesi,29677146866,00238,00238,RABİYE ÇENECİOĞLU,BALIK TEMİZLEME,BALIKESİR,07:59,17:49,08:00,17:49,"07:59, 17:49",9.83,1.5,8.0,7.5,0.5,0.0,8.0,NORMAL,False,
19.09.2026,19,Cumartesi,29359208356,00145,00145,RAMAZAN KÜÇÜKÇÇAKIR,ŞÖFÖR,SUSURLUK,07:55,17:00,08:00,17:00,"07:55, 17:00",9.08,1.5,7.5,7.5,0.0,0.0,7.5,NORMAL,False,
19.09.2026,19,Cumartesi,24022385860,01316,01316,RECEP İÇÖZ,MEYDAN,GÖBEL,07:49,16:59,08:00,16:59,"07:49, 16:59",9.17,1.5,7.5,7.5,0.0,0.0,7.5,NORMAL,False,
19.09.2026,19,Cumartesi,16561742068,00842,00842,RUKİYE UZUN,BALIK TEMİZLEME,GÜVEN TURİZM,07:34,17:56,08:00,17:56,"07:34, 17:56",10.37,1.5,8.5,7.5,1.0,0.0,8.5,NORMAL,False,
19.09.2026,19,Cumartesi,31027151864,00147,00147,SABİHA GİRGİN,ÜRETİM,SUSURLUK TUR-REŞAT,07:47,17:01,08:00,17:01,"07:47, 17:01",9.23,1.5,7.5,7.5,0.0,0.0,7.5,NORMAL,False,
19.09.2026,19,Cumartesi,33640164108,01130,01130,SAMET YUMİTKEN,ÜRETİM,HALİL DİĞRENCİ,08:12,20:00,08:00,20:00,"08:12, 20:00",11.8,1.5,10.5,7.5,3.0,0.0,10.5,NORMAL,False,
19.09.2026,19,Cumartesi,16579732808,01341,01341,SANİYE AKBAY,ÜRETİM,SÇEVİKAT ÇELİK,19:58,07:52,20:00,07:52,"19:58, 07:52",11.9,0.5,11.5,3.5,8.0,0.0,11.5,NORMAL,False,
19.09.2026,19,Cumartesi,30373124058,00149,00149,SANİYE CEYLAN,AMBAR,BİGADİÇ,07:48,19:13,08:00,19:13,"07:48, 19:13",11.42,1.5,9.5,7.5,2.0,0.0,9.5,NORMAL,False,
19.09.2026,19,Cumartesi,14164714154,00150,00150,SARA EROĞLU,AMBAR,BALIKESİR,07:57,19:11,08:00,19:11,"07:57, 19:11",11.23,1.5,9.5,7.5,2.0,0.0,9.5,NORMAL,False,
19.09.2026,19,Cumartesi,24178356332,00153,00153,SEHER ÖZDEN,YEMEKHANE,BALIKESİR,07:58,17:49,08:00,17:49,"07:58, 17:49",9.85,1.5,8.0,7.5,0.5,0.0,8.0,NORMAL,False,
19.09.2026,19,Cumartesi,11248811624,00009,00009,SELAHATTİN SÖĞÜT,ŞÖFÖR,GÖBEL,10:22,20:38,10:30,20:38,"10:22, 20:38",10.27,1.5,8.5,5.0,3.5,0.0,8.5,NORMAL,False,
19.09.2026,19,Cumartesi,19723478966,01069,01069,SELMA AYHAN,ÜRETİM,BİGADİÇ,15:42,04:05,15:42,04:05,"15:42, 04:05",12.38,0.5,11.5,7.5,4.0,0.0,11.5,NORMAL,False,
19.09.2026,19,Cumartesi,49369567458,00559,00559,SELMA TUNÇ,BALIK TEMİZLEME,BALIKESİR,07:57,17:50,08:00,17:50,"07:57, 17:50",9.88,1.5,8.5,7.5,1.0,0.0,8.5,NORMAL,False,
19.09.2026,19,Cumartesi,33451458564,01227,01227,SELMATA ANIK,ÜRETİM,HALİL DİĞRENCİ,19:47,07:52,19:30,07:52,"19:47, 07:52",12.08,0.5,12.0,4.0,12.0,4.0,16.0,BÖLÜM_PRİMLİ,False,"Üretim Primi: Fiili 12,0s -> Bonuslu 16,0s (+4,0s Prim)"
19.09.2026,19,Cumartesi,,01371,01371,SELİM KIRAY,,GÜVEN MUSTAFAKEMALPAŞA,07:51,17:56,08:00,17:56,"07:51, 17:56",10.08,1.5,8.5,7.5,1.0,0.0,8.5,NORMAL,False,
19.09.2026,19,Cumartesi,46825626414,00724,00724,SEMANUR GÜLIŞIK,FORMEN,KARACABEY,-,17:52,08:00,17:52,17:52,9.87,1.5,8.5,7.5,1.0,0.0,8.5,GİRİŞ_YOK_AKŞAM,True,"Çıkış: 17:52 | Giriş Basılmadı (08:00 başı ile 8,5s korundu)"
19.09.2026,19,Cumartesi,13696829374,01361,01361,SERPİL İİPEK,,HALİL DİĞRENCİ,08:12,20:07,08:00,20:07,"08:12, 20:07",11.92,1.5,10.5,7.5,3.0,0.0,10.5,NORMAL,False,
19.09.2026,19,Cumartesi,17611699134,00884,00884,SEVİLAY DÖNMEZ,BALIK TEMİZLEME,GÜVEN TURİZM,07:34,17:55,08:00,17:55,"07:34, 17:55",10.35,1.5,8.5,7.5,1.0,0.0,8.5,NORMAL,False,
19.09.2026,19,Cumartesi,15250777510,01063,01063,SEZAİ ÇELİK,BALIK,HALİL DİĞRENCİ,08:13,17:09,08:00,17:09,"08:13, 17:09",8.93,1.5,7.5,7.5,0.0,0.0,7.5,NORMAL,False,
19.09.2026,19,Cumartesi,29200163070,01066,01066,SEZGİN YILDIRIM,ÜRETİM,BİGADİÇ,15:43,04:06,15:43,04:06,"15:43, 04:06",12.38,0.5,11.5,7.5,4.0,0.0,11.5,NORMAL,False,
19.09.2026,19,Cumartesi,01370,01370,01370,SEZGİN İRGÖREN,DİĞER,GÜVEN MUSTAFAKEMALPAŞA,07:51,17:55,08:00,17:55,"07:51, 17:55",10.07,1.5,8.5,7.5,1.0,0.0,8.5,NORMAL,False,
19.09.2026,19,Cumartesi,18847656960,00740,00740,SEÇİL ARIBOĞA,ÜRETİM,HALİL DİĞRENCİ,08:12,20:06,08:00,20:06,"08:12, 20:06",11.9,1.5,10.5,7.5,3.0,0.0,10.5,NORMAL,False,
19.09.2026,19,Cumartesi,55963096430,00240,00240,SULTAN BAĞ,BALIK TEMİZLEME,KARACABEY,07:44,17:55,08:00,17:55,"07:44, 17:55",10.18,1.5,8.5,7.5,1.0,0.0,8.5,NORMAL,False,
19.09.2026,19,Cumartesi,10582783284,00170,00170,SİBEL ÇÇAKIR,ÜRETİM,BİGADİÇ,15:46,04:05,15:46,04:05,"15:46, 04:05",12.32,0.5,11.5,7.5,4.0,0.0,11.5,NORMAL,False,
19.09.2026,19,Cumartesi,29761139378,01038,01038,TALHA YAVAŞ,KALİTE,BANDIRMA,23:24,08:01,00:00,08:01,"23:24, 08:01",8.62,0.5,7.5,7.5,0.0,0.0,7.5,NORMAL,False,
19.09.2026,19,Cumartesi,20374606288,01047,01047,TANER BEYİRKEN,ÜRETİM,HALİL DİĞRENCİ,08:12,20:01,08:00,20:01,"08:12, 20:01",11.82,1.5,10.5,7.5,3.0,0.0,10.5,NORMAL,False,
19.09.2026,19,Cumartesi,10705928394,00976,00976,TAYFUN GÜNCÜ,BALIK TEMİZLEME,HALİL DİĞRENCİ,08:11,17:51,08:00,17:51,"08:11, 17:51",9.67,1.5,8.5,7.5,1.0,0.0,8.5,NORMAL,False,
19.09.2026,19,Cumartesi,13252843738,00243,00243,TAYFUN TIĞRAK,FORMEN,KARACABEY,07:47,20:15,08:00,20:15,"07:47, 20:15",12.47,1.5,10.5,7.5,3.0,0.0,10.5,NORMAL,False,
19.09.2026,19,Cumartesi,32938871292,00183,00183,TAYFUN ÇELİK,MEYDAN,MKP,07:48,-,07:48,17:00,07:48,7.5,1.5,7.5,7.5,0.0,0.0,7.5,ÇIKIŞ_YOK_SABAH,True,"Giriş: 07:48 | Çıkış Basılmadı (Tam Gün 7,5s yazıldı)"
19.09.2026,19,Cumartesi,30925156292,00501,00501,TUNCAY METİN,KAPI GÖREVLİSİ,SUSURLUK,15:56,23:57,15:56,23:57,"15:56, 23:57",8.02,0.5,7.5,7.5,0.0,0.0,7.5,NORMAL,False,
19.09.2026,19,Cumartesi,14701796544,00582,00582,YUSUF SAMAR,MUHASEBE,KARACABEY,07:51,17:51,08:00,17:51,"07:51, 17:51",10.0,1.5,8.5,7.5,1.0,0.0,8.5,NORMAL,False,
19.09.2026,19,Cumartesi,10528936408,01364,01364,YUSUF ÇETİN,,HALİL DİĞRENCİ,08:17,20:01,08:00,20:01,"08:17, 20:01",11.73,1.5,10.5,7.5,3.0,0.0,10.5,NORMAL,False,
19.09.2026,19,Cumartesi,31861120316,00191,00191,ZAHİDE GÜRBÜZ,BALIK TEMİZLEME,BALIKESİR,07:58,17:51,08:00,17:51,"07:58, 17:51",9.88,1.5,8.5,7.5,1.0,0.0,8.5,NORMAL,False,
19.09.2026,19,Cumartesi,27560597764,01048,01048,ZAHİDE HAĞİ,BALIK TEMİZLEME,HALİL DİĞRENCİ,08:13,17:54,08:00,17:54,"08:13, 17:54",9.68,1.5,8.5,7.5,1.0,0.0,8.5,NORMAL,False,
19.09.2026,19,Cumartesi,31552110794,00935,00935,ZAHİDE KALDEMİR,BALIK TEMİZLEME,GÜVEN MUSTAFAKEMALPAŞA,07:46,17:56,08:00,17:56,"07:46, 17:56",10.17,1.5,8.5,7.5,1.0,0.0,8.5,NORMAL,False,
19.09.2026,19,Cumartesi,22249543988,00192,00192,ZAHİDE NEDİRLİ,KALİTE,KARACABEY,07:41,17:51,08:00,17:51,"07:41, 17:51",10.17,1.5,8.5,7.5,1.0,0.0,8.5,NORMAL,False,
19.09.2026,19,Cumartesi,10820807680,01097,01097,ZEHRA ONUK,ÜRETİM,HALİL DİĞRENCİ,08:12,17:46,08:00,17:46,"08:12, 17:46",9.57,1.5,8.0,7.5,0.5,0.0,8.0,NORMAL,False,
19.09.2026,19,Cumartesi,23782492962,01049,01049,ZEKİYE ŞEKER,BALIK TEMİZLEME,HALİL DİĞRENCİ,08:13,17:50,08:00,17:50,"08:13, 17:50",9.62,1.5,8.5,7.5,1.0,0.0,8.5,NORMAL,False,
19.09.2026,19,Cumartesi,28729335166,00936,00936,ZELİHA KEİREMETÇİ,BALIK TEMİZLEME,GÜVEN MUSTAFAKEMALPAŞA,07:45,17:58,08:00,17:58,"07:45, 17:58",10.22,1.5,8.5,7.5,1.0,0.0,8.5,NORMAL,False,
19.09.2026,19,Cumartesi,14047825472,00937,00937,ZELİHA ORUÇ,BALIK TEMİZLEME,GÜVEN MUSTAFAKEMALPAŞA,07:46,17:56,08:00,17:56,"07:46, 17:56",10.17,1.5,8.5,7.5,1.0,0.0,8.5,NORMAL,False,
19.09.2026,19,Cumartesi,24289352612,00244,00244,ZEYNEP KARAMAN,BALIK TEMİZLEME,BALIKESİR,07:57,17:49,08:00,17:49,"07:57, 17:49",9.87,1.5,8.0,7.5,0.5,0.0,8.0,NORMAL,False,
19.09.2026,19,Cumartesi,33742169780,00246,00246,ZEYNEP KURT,BALIK DOLUM,MKP,07:50,19:05,08:00,19:05,"07:50, 19:05",11.25,1.5,9.5,7.5,4.0,2.0,11.5,BÖLÜM_PRİMLİ,False,"Balık Dolum ve Kesim Primi: Fiili 9,5s -> Bonuslu 11,5s (+2,0s Prim)"
19.09.2026,19,Cumartesi,22498412394,00765,00765,ZEYNEP ONBAŞI,YEMEKHANE,BALIKESİR,07:58,17:45,08:00,17:45,"07:58, 17:45",9.78,1.5,8.0,7.5,0.5,0.0,8.0,NORMAL,False,
19.09.2026,19,Cumartesi,22319750032,00782,00782,ÇİDEM FİDAN,BALIK TEMİZLEME,BANDIRMA,07:46,17:54,08:00,17:54,"07:46, 17:54",10.13,1.5,8.5,7.5,1.0,0.0,8.5,NORMAL,False,
19.09.2026,19,Cumartesi,17749594400,00033,00033,ÇİSEM BÇAKIR,KALİTE,SUSURLUK,15:56,23:57,15:56,23:57,"15:56, 23:57",8.02,0.5,7.5,7.5,0.0,0.0,7.5,NORMAL,False,
19.09.2026,19,Cumartesi,33037193346,01349,01349,ÖMÜR SEPETÇİ,ÜRETİM,GÜVEN MUSTAFAKEMALPAŞA,07:47,17:49,08:00,17:49,"07:47, 17:49",10.03,1.5,8.0,7.5,0.5,0.0,8.0,NORMAL,False,
19.09.2026,19,Cumartesi,12268777280,00185,00185,ÜMMÜ AYDOĞAN,ÜRETİM,SUSURLUK TUR-REŞAT,07:47,17:04,08:00,17:04,"07:47, 17:04",9.28,1.5,7.5,7.5,0.0,0.0,7.5,NORMAL,False,
19.09.2026,19,Cumartesi,57541044000,01195,01195,ÜMMÜGÜLSÜM BAĞ,BALIK TEMİZLEME,KARACABEY,07:44,17:55,08:00,17:55,"07:44, 17:55",10.18,1.5,8.5,7.5,1.0,0.0,8.5,NORMAL,False,
19.09.2026,19,Cumartesi,37075059770,01350,01350,ÜVEYS SEPETÇİ,ÜRETİM,GÜVEN MUSTAFAKEMALPAŞA,07:47,17:49,08:00,17:49,"07:47, 17:49",10.03,1.5,8.0,7.5,0.5,0.0,8.0,NORMAL,False,
19.09.2026,19,Cumartesi,29515203096,00092,00092,İBÜŞRAHİM YILDIRIM,MEYDAN,MKP,07:48,17:46,08:00,17:46,"07:48, 17:46",9.97,1.5,8.0,7.5,0.5,0.0,8.0,NORMAL,False,
19.09.2026,19,Cumartesi,25060351046,00230,00230,İSMAİL İMİR,OTOKLAV OPERATÖRÜ,SUSURLUK,08:35,17:06,08:30,17:06,"08:35, 17:06",8.52,1.5,7.0,7.0,0.0,0.0,7.0,NORMAL,False,
19.09.2026,19,Cumartesi,13720827796,00176,00176,ŞADİ BAŞARICI,BAKIM,KARACABEY,15:59,00:05,15:59,00:05,"15:59, 00:05",8.1,0.5,7.5,7.5,0.0,0.0,7.5,NORMAL,False,
19.09.2026,19,Cumartesi,38233180558,00178,00178,ŞAKİR KARAKAŞ,AMBAR,BANDIRMA,07:48,17:49,08:00,17:49,"07:48, 17:49",10.02,1.5,8.0,7.5,0.5,0.0,8.0,NORMAL,False,
19.09.2026,19,Cumartesi,25192322242,00179,00179,ŞAYİKA KOPARAN,AMBAR,BİGADİÇ,07:49,19:13,08:00,19:13,"07:49, 19:13",11.4,1.5,9.5,7.5,2.0,0.0,9.5,NORMAL,False,
19.09.2026,19,Cumartesi,38240191356,01161,01161,ŞENGÜL ALEMİN,ÜRETİM,HALİL DİĞRENCİ,20:01,07:53,00:00,07:53,"20:01, 07:53",11.87,0.5,7.5,7.5,0.0,0.0,7.5,NORMAL,False,
19.09.2026,19,Cumartesi,10255820520,00242,00242,ŞERBANE SARAN,BALIK TEMİZLEME,BALIKESİR,07:58,17:50,08:00,17:50,"07:58, 17:50",9.87,1.5,8.5,7.5,1.0,0.0,8.5,NORMAL,False,
19.09.2026,19,Cumartesi,,01384,01384,ŞEYMA İİPEK,,HALİL DİĞRENCİ,08:16,17:46,08:00,17:46,"08:16, 17:46",9.5,1.5,8.0,7.5,0.5,0.0,8.0,NORMAL,False,
20.09.2026,20,Pazar,23527501454,00583,00583,AHMET BEYHAN,BAKIM,KARACABEY,08:10,17:56,08:00,17:56,"08:10, 17:56",9.77,1.5,8.5,7.5,1.0,0.0,8.5,NORMAL,False,
20.09.2026,20,Pazar,,01382,01382,ALİ BALTA,,HALİL DİĞRENCİ,07:44,20:38,08:00,20:38,"07:44, 20:38",12.9,1.5,11.0,7.5,3.5,0.0,11.0,NORMAL,False,
20.09.2026,20,Pazar,18394573482,00208,00208,ANIL DEMİRTAŞ,KONSERVE ÜRETİM ELEMANI,GÖBEL,-,14:10,08:00,14:10,14:10,6.17,1.5,4.5,4.5,0.0,0.0,4.5,GİRİŞ_YOK_AKŞAM,True,"Çıkış: 14:10 | Giriş Basılmadı (08:00 başı ile 4,5s korundu)"
20.09.2026,20,Pazar,25610607388,01353,01353,BAHAR FİDAN,ÜRETİM,SÇEVİKAT ÇELİK,07:51,07:52,07:51,07:52,"07:51, 07:52",0.05,0.0,7.5,7.5,0.0,0.0,7.5,NORMAL,False,
20.09.2026,20,Pazar,33154180038,00031,00031,CEMALETTİN BEDİZCİ,BAKIM,KARACABEY,07:56,15:58,08:00,15:58,"07:56, 15:58",8.03,0.5,7.5,7.5,0.0,0.0,7.5,NORMAL,False,
20.09.2026,20,Pazar,19313787324,00943,00943,CİHAN YILMAZ,BALIK,HALİL DİĞRENCİ,07:44,20:38,08:00,20:38,"07:44, 20:38",12.9,1.5,11.0,7.5,3.5,0.0,11.0,NORMAL,False,
20.09.2026,20,Pazar,29563469352,00563,00563,EDİP EKİNCİ,KAZAN,SUSURLUK,20:06,07:55,00:00,07:55,"20:06, 07:55",11.82,0.5,7.5,7.5,0.0,0.0,7.5,NORMAL,False,
20.09.2026,20,Pazar,20503503198,00045,00045,EMİNE ÇAPAR,YEMEKHANE,GÖBEL,19:16,00:24,19:00,00:24,"19:16, 00:24",5.13,0.5,4.5,4.5,0.0,0.0,4.5,NORMAL,False,
20.09.2026,20,Pazar,29470204244,00007,00007,ENDER BİLBAY,KAPI GÖREVLİSİ,GÖBEL,16:00,00:02,16:00,00:02,"16:00, 00:02",8.03,0.5,7.5,7.5,0.0,0.0,7.5,NORMAL,False,
20.09.2026,20,Pazar,11593899780,00773,00773,GÜRAY PALA,BALIK KESİM,HALİL DİĞRENCİ,07:44,16:45,08:00,16:45,"07:44, 16:45",9.02,1.5,7.0,7.0,2.0,2.0,9.0,BÖLÜM_PRİMLİ,False,"Balık Dolum ve Kesim Primi: Fiili 7,0s -> Bonuslu 9,0s (+2,0s Prim)"
20.09.2026,20,Pazar,14779989510,00080,00080,HARUN YAHYA DURSUN,BALIK DOLUM,GÖBEL,14:21,14:49,14:21,14:49,"14:21, 14:49",0.47,0.0,0.5,0.5,2.0,2.0,2.5,BÖLÜM_PRİMLİ,False,"Balık Dolum ve Kesim Primi: Fiili 0,5s -> Bonuslu 2,5s (+2,0s Prim)"
20.09.2026,20,Pazar,25657430024,00199,00199,KÜRŞAT TÜRKAN,BAKIM,KARACABEY,08:10,17:56,08:00,17:56,"08:10, 17:56",9.77,1.5,8.5,7.5,1.0,0.0,8.5,NORMAL,False,
20.09.2026,20,Pazar,99959615564,00200,00200,MAHMOUD ALZALEK,ELEKTRİK,SUSURLUK,20:06,07:58,00:00,07:58,"20:06, 07:58",11.87,0.5,7.5,7.5,0.0,0.0,7.5,NORMAL,False,
20.09.2026,20,Pazar,28027546004,00112,00112,MESUT ERDEL,BAKIM,SUSURLUK,08:17,17:33,08:00,17:33,"08:17, 17:33",9.27,1.5,8.0,7.5,0.5,0.0,8.0,NORMAL,False,
20.09.2026,20,Pazar,99248627704,00005,00005,MHD BASSEL ALZALEK,ELEKTRİK,SUSURLUK,07:29,-,07:29,17:00,07:29,7.5,1.5,7.5,7.5,0.0,0.0,7.5,ÇIKIŞ_YOK_SABAH,True,"Giriş: 07:29 | Çıkış Basılmadı (Tam Gün 7,5s yazıldı)"
20.09.2026,20,Pazar,99347757876,00116,00116,MUHAMMED SAMİH SERHAN,AMBAR,GÖBEL,09:30,16:29,09:30,16:29,"09:30, 16:29",6.98,1.5,5.5,5.5,0.0,0.0,5.5,NORMAL,False,
20.09.2026,20,Pazar,15205679746,00572,00572,MURAT YONSUL,AMBAR,GÖBEL,08:01,20:56,08:00,20:56,"08:01, 09:24, 20:56",12.92,1.5,11.5,7.5,4.0,0.0,11.5,ÇOKLU_BASIM_MIN_MAX,True,"Çoklu Basım: İlk Giriş 08:01, Son Çıkış 20:56 (11,5s)"
20.09.2026,20,Pazar,25621221832,00118,00118,MUSTAFA KAYA,İŞLETME,MKP,11:08,17:55,11:00,17:55,"11:08, 17:55",6.78,1.5,5.5,4.5,1.0,0.0,5.5,NORMAL,False,
20.09.2026,20,Pazar,28510235804,00121,00121,NAİL AKSOY,ŞÖFÖR,SUSURLUK,15:47,23:58,15:47,23:58,"15:47, 23:58",8.18,0.5,7.5,7.5,0.0,0.0,7.5,NORMAL,False,
20.09.2026,20,Pazar,13420739290,00003,00003,NURİ GÜLSER,KAPI GÖREVLİSİ,GÖBEL,07:56,15:58,08:00,15:58,"07:56, 15:58",8.03,0.5,7.5,7.5,0.0,0.0,7.5,NORMAL,False,
20.09.2026,20,Pazar,24022385860,01316,01316,RECEP İÇÖZ,MEYDAN,GÖBEL,07:55,16:59,08:00,16:59,"07:55, 16:59",9.07,1.5,7.5,7.5,0.0,0.0,7.5,NORMAL,False,
20.09.2026,20,Pazar,28108249688,00146,00146,RIDVAN DEMİRDAK,ŞÖFÖR,GÖBEL,23:50,07:54,00:00,07:54,"08:34, 23:50, 07:54",8.07,0.5,7.5,7.5,0.0,0.0,7.5,ÇOKLU_BASIM_MIN_MAX,True,"Çoklu Basım: İlk Giriş 23:50, Son Çıkış 07:54 (7,5s)"
20.09.2026,20,Pazar,34807027090,00536,00536,SABRİ ACAR,YENİ BALIK HATTI,SUSURLUK,23:24,07:55,00:00,07:55,"23:24, 07:55",8.52,0.5,7.5,7.5,0.0,0.0,7.5,NORMAL,False,
20.09.2026,20,Pazar,11248811624,00009,00009,SELAHATTİN SÖĞÜT,ŞÖFÖR,GÖBEL,07:55,15:58,08:00,15:58,"07:55, 15:58",8.05,0.5,7.5,7.5,0.0,0.0,7.5,NORMAL,False,
20.09.2026,20,Pazar,15250777510,01063,01063,SEZAİ ÇELİK,BALIK,HALİL DİĞRENCİ,07:44,20:38,08:00,20:38,"07:44, 20:38",12.9,1.5,11.0,7.5,3.5,0.0,11.0,NORMAL,False,
20.09.2026,20,Pazar,30925156292,00501,00501,TUNCAY METİN,KAPI GÖREVLİSİ,SUSURLUK,23:52,07:59,00:00,07:59,"23:52, 07:59",8.12,0.5,7.5,7.5,0.0,0.0,7.5,NORMAL,False,
20.09.2026,20,Pazar,33037193346,01349,01349,ÖMÜR SEPETÇİ,ÜRETİM,GÜVEN MUSTAFAKEMALPAŞA,08:28,20:07,08:30,20:07,"08:28, 20:07",11.65,1.5,10.0,7.0,3.0,0.0,10.0,NORMAL,False,
20.09.2026,20,Pazar,37075059770,01350,01350,ÜVEYS SEPETÇİ,ÜRETİM,GÜVEN MUSTAFAKEMALPAŞA,08:28,20:07,08:30,20:07,"08:28, 20:07",11.65,1.5,10.0,7.0,3.0,0.0,10.0,NORMAL,False,
20.09.2026,20,Pazar,29515203096,00092,00092,İBÜŞRAHİM YILDIRIM,MEYDAN,MKP,08:27,17:53,08:30,17:53,"08:27, 17:53",9.43,1.5,8.0,7.0,1.0,0.0,8.0,NORMAL,False,
20.09.2026,20,Pazar,13720827796,00176,00176,ŞADİ BAŞARICI,BAKIM,KARACABEY,07:59,09:44,08:00,09:44,"07:59, 09:44",1.75,0.0,1.5,1.5,0.0,0.0,1.5,NORMAL,False,
21.09.2026,21,Pazartesi,23527501454,00583,00583,AHMET BEYHAN,BAKIM,KARACABEY,08:01,20:04,08:00,20:04,"08:01, 20:04",12.05,1.5,10.5,7.5,3.0,0.0,10.5,NORMAL,False,
21.09.2026,21,Pazartesi,21925456598,00830,00830,AHMET ÇÇAYLAK,AMBAR,BALIKESİR,07:45,17:10,08:00,17:10,"07:45, 17:10",9.42,1.5,7.5,7.5,0.0,0.0,7.5,NORMAL,False,
21.09.2026,21,Pazartesi,28123249472,00207,00207,AHMET ŞŞENER,MEYDAN,SUSURLUK,07:46,17:00,08:00,17:00,"07:46, 17:00",9.23,1.5,7.5,7.5,0.0,0.0,7.5,NORMAL,False,
21.09.2026,21,Pazartesi,16510742668,01154,01154,AKİF TÜRKÇÜ,BALIK TEMİZLİK,MKP,-,17:43,08:00,17:43,17:43,9.72,1.5,8.0,7.5,0.5,0.0,8.0,GİRİŞ_YOK_AKŞAM,True,"Çıkış: 17:43 | Giriş Basılmadı (08:00 başı ile 8,0s korundu)"
21.09.2026,21,Pazartesi,,01382,01382,ALİ BALTA,,HALİL DİĞRENCİ,08:06,17:11,08:00,17:11,"08:06, 17:11",9.08,1.5,7.5,7.5,0.0,0.0,7.5,NORMAL,False,
21.09.2026,21,Pazartesi,13183506030,01102,01102,ALİ EŞREF AKIN,ÜRETİM,HALİL DİĞRENCİ,08:03,20:02,08:00,20:02,"08:03, 20:02",11.98,1.5,10.5,7.5,3.0,0.0,10.5,NORMAL,False,
21.09.2026,21,Pazartesi,18394573482,00208,00208,ANIL DEMİRTAŞ,KONSERVE ÜRETİM ELEMANI,GÖBEL,16:06,23:55,16:00,23:55,"16:06, 23:55",7.82,0.5,7.5,7.5,0.0,0.0,7.5,NORMAL,False,
21.09.2026,21,Pazartesi,99320980932,00247,00247,ANUD ELMEAŞİ,BALIK TEMİZLEME,GÜVEN TURİZM,07:34,17:19,08:00,17:19,"07:34, 17:19",9.75,1.5,7.5,7.5,0.0,0.0,7.5,NORMAL,False,
21.09.2026,21,Pazartesi,28336192374,00308,00308,ARZU KILA,AMBAR,BİGADİÇ,07:53,17:08,08:00,17:08,"07:53, 17:08",9.25,1.5,7.5,7.5,0.0,0.0,7.5,NORMAL,False,
21.09.2026,21,Pazartesi,28033351500,01357,01357,ARZU ÖZTÜRK,BALIK TEMİZLEME,GÜVEN MUSTAFAKEMALPAŞA,07:54,17:18,08:00,17:18,"07:54, 17:18",9.4,1.5,7.5,7.5,0.0,0.0,7.5,NORMAL,False,
21.09.2026,21,Pazartesi,24709461474,00894,00894,ASLI BAYRAKTAR,BALIK DOLUM,GÜVEN TURİZM,07:34,17:19,08:00,17:19,"07:34, 17:19",9.75,1.5,7.5,7.5,2.0,2.0,9.5,BÖLÜM_PRİMLİ,False,"Balık Dolum ve Kesim Primi: Fiili 7,5s -> Bonuslu 9,5s (+2,0s Prim)"
21.09.2026,21,Pazartesi,12572550074,00209,00209,ASYA TİLKİ,BALIK TEMİZLEME,KARACABEY,07:41,17:21,08:00,17:21,"07:41, 17:21",9.67,1.5,7.5,7.5,0.0,0.0,7.5,NORMAL,False,
21.09.2026,21,Pazartesi,22426711476,00754,00754,AYNUR DEMİRCAN,BALIK TEMİZLEME,HALİL DİĞRENCİ,08:04,17:19,08:00,17:19,"08:04, 17:19",9.25,1.5,7.5,7.5,0.0,0.0,7.5,NORMAL,False,
21.09.2026,21,Pazartesi,13543834438,01145,01145,AYSEL ÇETİNTAŞ,ÜRETİM,HALİL DİĞRENCİ,08:03,20:04,08:00,20:04,"08:03, 20:04",12.02,1.5,10.5,7.5,3.0,0.0,10.5,NORMAL,False,
21.09.2026,21,Pazartesi,,01385,01385,AYÇA KARAMAN,,HALİL DİĞRENCİ,07:36,20:18,08:00,20:18,"07:36, 20:18",12.7,1.5,10.5,7.5,3.0,0.0,10.5,NORMAL,False,
21.09.2026,21,Pazartesi,25567503092,00211,00211,AYÇA SEZER,KALİTE,BANDIRMA,07:42,18:59,08:00,18:59,"07:42, 18:59",11.28,1.5,9.5,7.5,2.0,0.0,9.5,NORMAL,False,
21.09.2026,21,Pazartesi,33253033204,00021,00021,AYŞE KURT,ÜRETİM,BİGADİÇ,15:58,00:07,15:58,00:07,"15:58, 00:07",8.15,0.5,7.5,7.5,0.0,0.0,7.5,NORMAL,False,
21.09.2026,21,Pazartesi,34120156552,00215,00215,AYŞE YILMAZ,BALIK DOLUM,MKP,09:53,19:03,10:00,19:03,"09:53, 19:03",9.17,1.5,7.5,5.5,4.0,2.0,9.5,BÖLÜM_PRİMLİ,False,"Balık Dolum ve Kesim Primi: Fiili 7,5s -> Bonuslu 9,5s (+2,0s Prim)"
21.09.2026,21,Pazartesi,11284759850,00018,00018,AYŞE ÇENECİOĞLU,AMBAR,BİGADİÇ,07:53,17:12,08:00,17:12,"07:53, 17:12",9.32,1.5,7.5,7.5,0.0,0.0,7.5,NORMAL,False,
21.09.2026,21,Pazartesi,25610607388,01353,01353,BAHAR FİDAN,ÜRETİM,SÇEVİKAT ÇELİK,20:01,08:02,00:00,08:02,"20:01, 08:02",12.02,0.5,7.5,7.5,0.0,0.0,7.5,NORMAL,False,
21.09.2026,21,Pazartesi,12496719380,01139,01139,BEDİA KAYMAZ,AMBAR,BİGADİÇ,07:52,17:12,08:00,17:12,"07:52, 17:12",9.33,1.5,7.5,7.5,0.0,0.0,7.5,NORMAL,False,
21.09.2026,21,Pazartesi,14725695762,00025,00025,BEHİCE YALMAN,BALIK DOLUM,GÖBEL,09:52,18:52,10:00,18:52,"09:52, 18:52",9.0,1.5,7.5,5.5,4.0,2.0,9.5,BÖLÜM_PRİMLİ,False,"Balık Dolum ve Kesim Primi: Fiili 7,5s -> Bonuslu 9,5s (+2,0s Prim)"
21.09.2026,21,Pazartesi,11206757414,00902,00902,BERK BERBER,ÇEVRE MÜHENDİSİ,BANDIRMA,07:43,17:17,08:00,17:17,"07:43, 17:17",9.57,1.5,7.5,7.5,0.0,0.0,7.5,NORMAL,False,
21.09.2026,21,Pazartesi,25297298992,00216,00216,BETÜL TUNÇ,BALIK TEMİZLEME,BANDIRMA,07:43,17:16,08:00,17:16,"07:43, 17:16",9.55,1.5,7.5,7.5,0.0,0.0,7.5,NORMAL,False,
21.09.2026,21,Pazartesi,10201948476,01170,01170,BUKET DÖNMEZ,KALİTE,HALİL DİĞRENCİ,08:06,17:14,08:00,17:14,"08:06, 17:14",9.13,1.5,7.5,7.5,0.0,0.0,7.5,NORMAL,False,
21.09.2026,21,Pazartesi,36388061296,01284,01284,BUKET SARİBAL,BALIK TEMİZLEME,GÜVEN TURİZM,07:34,17:18,08:00,17:18,"07:34, 17:18",9.73,1.5,7.5,7.5,0.0,0.0,7.5,NORMAL,False,
21.09.2026,21,Pazartesi,33316051664,01339,01339,BİLGİNUR SÜMER,BALIK TEMİZLEME,BALIKESİR,07:50,17:20,08:00,17:20,"07:50, 17:20",9.5,1.5,7.5,7.5,0.0,0.0,7.5,NORMAL,False,
21.09.2026,21,Pazartesi,31678238334,00922,00922,CANSEL AKCAN,BALIK TEMİZLEME,GÜVEN MUSTAFAKEMALPAŞA,07:54,17:17,08:00,17:17,"07:54, 17:17",9.38,1.5,7.5,7.5,0.0,0.0,7.5,NORMAL,False,
21.09.2026,21,Pazartesi,16933572286,00030,00030,CANSEVER ÇÇAKMAK,AMBAR,BİGADİÇ,07:52,17:11,08:00,17:11,"07:52, 17:11",9.32,1.5,7.5,7.5,0.0,0.0,7.5,NORMAL,False,
21.09.2026,21,Pazartesi,33154180038,00031,00031,CEMALETTİN BEDİZCİ,BAKIM,KARACABEY,07:47,18:54,08:00,18:54,"07:47, 18:54",11.12,1.5,9.5,7.5,2.0,0.0,9.5,NORMAL,False,
21.09.2026,21,Pazartesi,23083367440,00320,00320,CEYDA ÖZ,KALİTE,BİGADİÇ,15:57,00:05,15:57,00:05,"15:57, 00:05",8.13,0.5,7.5,7.5,0.0,0.0,7.5,NORMAL,False,
21.09.2026,21,Pazartesi,16699736366,01330,01330,CEYLAN BATAN,BALIK TEMİZLEME,GÜVEN MUSTAFAKEMALPAŞA,07:54,17:19,08:00,17:19,"07:54, 17:19",9.42,1.5,7.5,7.5,0.0,0.0,7.5,NORMAL,False,
21.09.2026,21,Pazartesi,19313787324,00943,00943,CİHAN YILMAZ,BALIK,HALİL DİĞRENCİ,08:05,17:09,08:00,17:09,"08:05, 17:09",9.07,1.5,7.5,7.5,0.0,0.0,7.5,NORMAL,False,
21.09.2026,21,Pazartesi,,01378,01378,DEMİRHAN GÖKGÖZ,,HALİL DİĞRENCİ,07:36,20:01,08:00,20:01,"07:36, 20:01",12.42,1.5,10.5,7.5,3.0,0.0,10.5,NORMAL,False,
21.09.2026,21,Pazartesi,24961035246,01098,01098,DUDU ÖRENGÜL,KALİTE,GÜVEN MUSTAFAKEMALPAŞA,07:54,17:18,08:00,17:18,"07:54, 17:18",9.4,1.5,7.5,7.5,0.0,0.0,7.5,NORMAL,False,
21.09.2026,21,Pazartesi,99848635024,00283,00283,DUHA EL MUFADDİ,BALIK TEMİZLEME,MKP,07:44,17:21,08:00,17:21,"07:44, 17:21",9.62,1.5,7.5,7.5,0.0,0.0,7.5,NORMAL,False,
21.09.2026,21,Pazartesi,23509358892,00386,00386,DÖNDÜ ŞAHİN,KALİTE,BANDIRMA,23:33,08:08,00:00,08:08,"23:33, 08:08",8.58,0.5,7.5,7.5,0.0,0.0,7.5,NORMAL,False,
21.09.2026,21,Pazartesi,10456937386,01362,01362,DİLEK ÇETİN,,HALİL DİĞRENCİ,08:03,17:03,08:00,17:03,"08:03, 17:03",9.0,1.5,7.5,7.5,0.0,0.0,7.5,NORMAL,False,
21.09.2026,21,Pazartesi,12562741222,00872,00872,EBRU ÖÖZALP,BALIK TEMİZLEME,BALIKESİR,07:51,17:14,08:00,17:14,"07:51, 17:14",9.38,1.5,7.5,7.5,0.0,0.0,7.5,NORMAL,False,
21.09.2026,21,Pazartesi,29563469352,00563,00563,EDİP EKİNCİ,KAZAN,SUSURLUK,20:06,08:02,00:00,08:02,"20:06, 08:02",11.93,0.5,7.5,7.5,0.0,0.0,7.5,NORMAL,False,
21.09.2026,21,Pazartesi,10066843626,00374,00374,EFE EVİM,AMBAR,BİGADİÇ,07:53,17:12,08:00,17:12,"07:53, 17:12",9.32,1.5,7.5,7.5,0.0,0.0,7.5,NORMAL,False,
21.09.2026,21,Pazartesi,14266711334,00037,00037,EFRAİM DUMAN,AMBAR,SUSURLUK,20:06,07:56,00:00,07:56,"20:06, 07:56",11.83,0.5,7.5,7.5,0.0,0.0,7.5,NORMAL,False,
21.09.2026,21,Pazartesi,16591633060,00038,00038,ELİF TUNÇ,KALİTE,BANDIRMA,07:43,17:17,08:00,17:17,"07:43, 17:17",9.57,1.5,7.5,7.5,0.0,0.0,7.5,NORMAL,False,
21.09.2026,21,Pazartesi,20266511430,00002,00002,ELİF YAVAŞ,MUHASEBE,SUSURLUK,08:00,17:13,08:00,17:13,"08:00, 17:13",9.22,1.5,7.5,7.5,0.0,0.0,7.5,NORMAL,False,
21.09.2026,21,Pazartesi,31009103096,00204,00204,EMEL SANAN,AMBAR,BİGADİÇ,07:52,17:11,08:00,17:11,"07:52, 17:11",9.32,1.5,7.5,7.5,0.0,0.0,7.5,NORMAL,False,
21.09.2026,21,Pazartesi,01377,01377,01377,EMRİCAN DURMAN,DİĞER,HALİL DİĞRENCİ,07:36,20:02,08:00,20:02,"07:36, 20:02",12.43,1.5,10.5,7.5,3.0,0.0,10.5,NORMAL,False,
21.09.2026,21,Pazartesi,12523718256,00043,00043,EMİNE BAYER,AMBAR,BİGADİÇ,07:53,17:10,08:00,17:10,"07:53, 17:10",9.28,1.5,7.5,7.5,0.0,0.0,7.5,NORMAL,False,
21.09.2026,21,Pazartesi,45328882280,00859,00859,EMİNE YAVUZ,BALIK TEMİZLEME,GÜVEN TURİZM,07:33,17:19,08:00,17:19,"07:33, 17:19",9.77,1.5,7.5,7.5,0.0,0.0,7.5,NORMAL,False,
21.09.2026,21,Pazartesi,20503503198,00045,00045,EMİNE ÇAPAR,YEMEKHANE,GÖBEL,18:49,03:48,18:30,03:48,"18:49, 03:48",8.98,0.5,8.5,5.0,3.5,0.0,8.5,NORMAL,False,
21.09.2026,21,Pazartesi,37030668238,01180,01180,EMİNE ŞENTÜRK CİNGÖZ,BALIK TEMİZLEME,GÜVEN TURİZM,07:33,17:19,08:00,17:19,"07:33, 17:19",9.77,1.5,7.5,7.5,0.0,0.0,7.5,NORMAL,False,
21.09.2026,21,Pazartesi,10036852948,00046,00046,EMİRHAN MUTLU,BAKIM,GÖBEL,08:14,16:13,08:00,16:13,"08:14, 16:13",7.98,0.5,7.5,7.5,0.0,0.0,7.5,NORMAL,False,
21.09.2026,21,Pazartesi,29470204244,00007,00007,ENDER BİLBAY,KAPI GÖREVLİSİ,GÖBEL,16:06,00:04,16:00,00:04,"16:06, 00:04",7.97,0.5,7.5,7.5,0.0,0.0,7.5,NORMAL,False,
21.09.2026,21,Pazartesi,98284188514,00293,00293,ENES ABDE,BALIK TEMİZLEME,MKP,07:44,17:21,08:00,17:21,"07:44, 17:21",9.62,1.5,7.5,7.5,0.0,0.0,7.5,NORMAL,False,
21.09.2026,21,Pazartesi,34795126850,01351,01351,ERCAN POLAT,BİLGİSAYAR MÜHENDİSİ,KARACABEY,07:53,17:12,08:00,17:12,"07:53, 17:12",9.32,1.5,7.5,7.5,0.0,0.0,7.5,NORMAL,False,
21.09.2026,21,Pazartesi,23131415628,00047,00047,ERDİN TETİK,MEYDAN,SUSURLUK,23:47,07:58,00:00,07:58,"23:47, 07:58",8.18,0.5,7.5,7.5,0.0,0.0,7.5,NORMAL,False,
21.09.2026,21,Pazartesi,22260441248,00198,00198,ERSİN ESER,BAKIM,GÖBEL,19:50,07:52,19:30,07:52,"19:50, 07:52",12.03,0.5,12.0,4.0,8.0,0.0,12.0,NORMAL,False,
21.09.2026,21,Pazartesi,11633067636,00221,00221,EİREMŞAH KIZILKAYA,BALIK DOLUM,GÖBEL,09:53,18:53,10:00,18:53,"09:53, 18:53",9.0,1.5,7.5,5.5,4.0,2.0,9.5,BÖLÜM_PRİMLİ,False,"Balık Dolum ve Kesim Primi: Fiili 7,5s -> Bonuslu 9,5s (+2,0s Prim)"
21.09.2026,21,Pazartesi,35183294274,00926,00926,FATMA DEMİRER,BALIK TEMİZLEME,GÜVEN MUSTAFAKEMALPAŞA,07:54,17:17,08:00,17:17,"07:54, 17:17",9.38,1.5,7.5,7.5,0.0,0.0,7.5,NORMAL,False,
21.09.2026,21,Pazartesi,32986036254,00056,00056,FATMA ÇAM,ÜRETİM,BİGADİÇ,15:57,00:05,15:57,00:05,"15:57, 00:05",8.13,0.5,7.5,7.5,0.0,0.0,7.5,NORMAL,False,
21.09.2026,21,Pazartesi,11890896888,00223,00223,FATMAGÜL ÇEKİ,BALIK DOLUM,MKP,09:52,19:03,10:00,19:03,"09:52, 19:03",9.18,1.5,7.5,5.5,4.0,2.0,9.5,BÖLÜM_PRİMLİ,False,"Balık Dolum ve Kesim Primi: Fiili 7,5s -> Bonuslu 9,5s (+2,0s Prim)"
21.09.2026,21,Pazartesi,21898406446,01065,01065,FERUDUN BAKAN,ÜRETİM,BİGADİÇ,15:57,00:04,15:57,00:04,"15:57, 00:04",8.12,0.5,7.5,7.5,0.0,0.0,7.5,NORMAL,False,
21.09.2026,21,Pazartesi,31933222184,00224,00224,FEVZİYE EREL,BALIK TEMİZLEME,HALİL DİĞRENCİ,08:04,17:14,08:00,17:14,"08:04, 17:14",9.17,1.5,7.5,7.5,0.0,0.0,7.5,NORMAL,False,
21.09.2026,21,Pazartesi,17431713232,00927,00927,FİSUN ETİLER,,GÜVEN MUSTAFAKEMALPAŞA,07:54,17:16,08:00,17:16,"07:54, 17:16",9.37,1.5,7.5,7.5,0.0,0.0,7.5,NORMAL,False,
21.09.2026,21,Pazartesi,33739783340,00739,00739,GURBET DUMAN,BALIK TEMİZLEME,HALİL DİĞRENCİ,08:05,17:19,08:00,17:19,"08:05, 17:19",9.23,1.5,7.5,7.5,0.0,0.0,7.5,NORMAL,False,
21.09.2026,21,Pazartesi,,01044,01044,GÖZDE TÜRKÇÜ,,GÜVEN MUSTAFAKEMALPAŞA,-,17:44,08:00,17:44,17:44,9.73,1.5,8.0,7.5,0.5,0.0,8.0,GİRİŞ_YOK_AKŞAM,True,"Çıkış: 17:44 | Giriş Basılmadı (08:00 başı ile 8,0s korundu)"
21.09.2026,21,Pazartesi,33379057108,00423,00423,GÜLAY GÜNDOĞDU,BALIK TEMİZLEME,BALIKESİR,07:49,17:13,08:00,17:13,"07:49, 17:13",9.4,1.5,7.5,7.5,0.0,0.0,7.5,NORMAL,False,
21.09.2026,21,Pazartesi,24541318660,00065,00065,GÜLCAN BİLGİÇ,AMBAR,BİGADİÇ,07:52,17:09,08:00,17:09,"07:52, 17:09",9.28,1.5,7.5,7.5,0.0,0.0,7.5,NORMAL,False,
21.09.2026,21,Pazartesi,53689106020,00073,00073,GÜLSÜM GÖRGÜLÜ,AMBAR,BİGADİÇ,07:53,17:12,08:00,17:12,"07:53, 17:12",9.32,1.5,7.5,7.5,0.0,0.0,7.5,NORMAL,False,
21.09.2026,21,Pazartesi,45184908278,00226,00226,GÜLTEN DURMAZ,BALIK DOLUM,GÖBEL,09:53,18:52,10:00,18:52,"09:53, 18:52",8.98,1.5,7.5,5.5,4.0,2.0,9.5,BÖLÜM_PRİMLİ,False,"Balık Dolum ve Kesim Primi: Fiili 7,5s -> Bonuslu 9,5s (+2,0s Prim)"
21.09.2026,21,Pazartesi,10996768938,00071,00071,GÜLTEN GİDER,AMBAR,BİGADİÇ,07:53,17:12,08:00,17:12,"07:53, 17:12",9.32,1.5,7.5,7.5,0.0,0.0,7.5,NORMAL,False,
21.09.2026,21,Pazartesi,21010592606,01022,01022,GÜLÜMSER KARABIYIK,BALIK TEMİZLEME,GÜVEN MUSTAFAKEMALPAŞA,07:37,17:13,08:00,17:13,"07:37, 17:13",9.6,1.5,7.5,7.5,0.0,0.0,7.5,NORMAL,False,
21.09.2026,21,Pazartesi,11593899780,00773,00773,GÜRAY PALA,BALIK KESİM,HALİL DİĞRENCİ,08:06,17:09,08:00,17:09,"08:06, 17:09",9.05,1.5,7.5,7.5,2.0,2.0,9.5,BÖLÜM_PRİMLİ,False,"Balık Dolum ve Kesim Primi: Fiili 7,5s -> Bonuslu 9,5s (+2,0s Prim)"
21.09.2026,21,Pazartesi,22639531168,01078,01078,HAFİZE AVCIOĞLU,BALIK TEMİZLEME,GÜVEN TURİZM,07:33,17:16,08:00,17:16,"07:33, 17:16",9.72,1.5,7.5,7.5,0.0,0.0,7.5,NORMAL,False,
21.09.2026,21,Pazartesi,52240399666,01020,01020,HANDAN TOPTİK,ÜRETİM,HALİL DİĞRENCİ,08:02,20:03,08:00,20:03,"08:02, 20:03",12.02,1.5,10.5,7.5,3.0,0.0,10.5,NORMAL,False,
21.09.2026,21,Pazartesi,20290485820,01060,01060,HANİFE YILDIRIM,BALIK TEMİZLEME,BALIKESİR,07:50,17:14,08:00,17:14,"07:50, 17:14",9.4,1.5,7.5,7.5,0.0,0.0,7.5,NORMAL,False,
21.09.2026,21,Pazartesi,14779989510,00080,00080,HARUN YAHYA DURSUN,BALIK DOLUM,GÖBEL,19:16,22:09,19:00,22:09,"19:16, 22:09",2.88,0.0,3.0,3.0,2.0,2.0,5.0,BÖLÜM_PRİMLİ,False,"Balık Dolum ve Kesim Primi: Fiili 3,0s -> Bonuslu 5,0s (+2,0s Prim)"
21.09.2026,21,Pazartesi,32194063110,00574,00574,HATİCE ERBAŞ,AMBAR,BİGADİÇ,07:52,17:12,08:00,17:12,"07:52, 17:12",9.33,1.5,7.5,7.5,0.0,0.0,7.5,NORMAL,False,
21.09.2026,21,Pazartesi,45823635220,01148,01148,HATİCE GÖLBAŞ,ÜRETİM,HALİL DİĞRENCİ,08:05,20:04,08:00,20:04,"08:05, 20:04",11.98,1.5,10.5,7.5,3.0,0.0,10.5,NORMAL,False,
21.09.2026,21,Pazartesi,31324091924,00084,00084,HATİCE KURT,ÜRETİM,BİGADİÇ,15:57,00:05,15:57,00:05,"15:57, 00:05",8.13,0.5,7.5,7.5,0.0,0.0,7.5,NORMAL,False,
21.09.2026,21,Pazartesi,10817807990,01096,01096,HATİCE ONUK,ÜRETİM,HALİL DİĞRENCİ,08:03,17:14,08:00,17:14,"08:03, 17:14",9.18,1.5,7.5,7.5,0.0,0.0,7.5,NORMAL,False,
21.09.2026,21,Pazartesi,33850041688,00577,00577,HATİCE SAVAŞÇI,BALIK TEMİZLEME,BALIKESİR,07:51,17:15,08:00,17:15,"07:51, 17:15",9.4,1.5,7.5,7.5,0.0,0.0,7.5,NORMAL,False,
21.09.2026,21,Pazartesi,26002427744,00227,00227,HAVVA ALPER,BALIK DOLUM,MKP,09:52,19:03,10:00,19:03,"09:52, 19:03",9.18,1.5,7.5,5.5,4.0,2.0,9.5,BÖLÜM_PRİMLİ,False,"Balık Dolum ve Kesim Primi: Fiili 7,5s -> Bonuslu 9,5s (+2,0s Prim)"
21.09.2026,21,Pazartesi,26653281238,00228,00228,HAVVA BAYRAM,BALIK TEMİZLEME,BALIKESİR,07:50,17:13,08:00,17:13,"07:50, 17:13",9.38,1.5,7.5,7.5,0.0,0.0,7.5,NORMAL,False,
21.09.2026,21,Pazartesi,10156949566,01270,01270,HAYRİYE BEYİRKEN,ÜRETİM,HALİL DİĞRENCİ,08:06,20:00,08:00,20:00,"08:06, 20:00",11.9,1.5,10.5,7.5,3.0,0.0,10.5,NORMAL,False,
21.09.2026,21,Pazartesi,33289026430,00480,00480,HÜLYA TOPAL,AMBAR,BİGADİÇ,07:52,17:12,08:00,17:12,"07:52, 17:12",9.33,1.5,7.5,7.5,0.0,0.0,7.5,NORMAL,False,
21.09.2026,21,Pazartesi,30856107820,00091,00091,HÜLYA ÜÜNAL,AMBAR,BİGADİÇ,07:52,17:11,08:00,17:11,"07:52, 17:11",9.32,1.5,7.5,7.5,0.0,0.0,7.5,NORMAL,False,
21.09.2026,21,Pazartesi,23524501518,00231,00231,KADRİYE BEYHAN,BALIK TEMİZLEME,HALİL DİĞRENCİ,08:02,17:16,08:00,17:16,"08:02, 17:16",9.23,1.5,7.5,7.5,0.0,0.0,7.5,NORMAL,False,
21.09.2026,21,Pazartesi,27448226656,00095,00095,KAMİLE DAĞDÇELEN,AMBAR,BİGADİÇ,07:52,17:05,08:00,17:05,"07:52, 17:05",9.22,1.5,7.5,7.5,0.0,0.0,7.5,NORMAL,False,
21.09.2026,21,Pazartesi,99656887974,00294,00294,KEFA EL HUDUR,BALIK TEMİZLEME,MKP,07:44,17:21,08:00,17:21,"07:44, 17:21",9.62,1.5,7.5,7.5,0.0,0.0,7.5,NORMAL,False,
21.09.2026,21,Pazartesi,33067084584,00097,00097,KEMAL DURMUŞ,İŞLETME,SUSURLUK,20:06,08:05,00:00,08:05,"20:06, 08:05",11.98,0.5,7.5,7.5,0.0,0.0,7.5,NORMAL,False,
21.09.2026,21,Pazartesi,33397029286,01327,01327,KÜBÜŞRA ALTAY,SATIN ALMA,BANDIRMA,07:43,17:12,08:00,17:12,"07:43, 17:12",9.48,1.5,7.5,7.5,0.0,0.0,7.5,NORMAL,False,
21.09.2026,21,Pazartesi,25657430024,00199,00199,KÜRŞAT TÜRKAN,BAKIM,KARACABEY,07:49,18:44,08:00,18:44,"07:49, 18:44",10.92,1.5,9.0,7.5,1.5,0.0,9.0,NORMAL,False,
21.09.2026,21,Pazartesi,99959615564,00200,00200,MAHMOUD ALZALEK,ELEKTRİK,SUSURLUK,23:38,08:02,00:00,08:02,"23:38, 08:02",8.4,0.5,7.5,7.5,0.0,0.0,7.5,NORMAL,False,
21.09.2026,21,Pazartesi,20458603738,00528,00528,MAHMURE ESEN,BALIK TEMİZLEME,HALİL DİĞRENCİ,08:05,17:16,08:00,17:16,"08:05, 17:16",9.18,1.5,7.5,7.5,0.0,0.0,7.5,NORMAL,False,
21.09.2026,21,Pazartesi,29749160806,00104,00104,MAHİR HİLMİ ULUKÖK,YENİ BALIK HATTI,SUSURLUK,08:06,18:56,08:00,18:56,"08:06, 18:56",10.83,1.5,9.5,7.5,2.0,0.0,9.5,NORMAL,False,
21.09.2026,21,Pazartesi,54871132810,00232,00232,MAHİZER BAĞ,BALIK TEMİZLEME,KARACABEY,07:41,17:20,08:00,17:20,"07:41, 07:42, 17:20",9.65,1.5,7.5,7.5,0.0,0.0,7.5,ÇOKLU_BASIM_MIN_MAX,True,"Çoklu Basım: İlk Giriş 07:41, Son Çıkış 17:20 (7,5s)"
21.09.2026,21,Pazartesi,,01387,01387,MEHMET EMİN BATUR,,HALİL DİĞRENCİ,07:35,20:02,08:00,20:02,"07:35, 20:02",12.45,1.5,10.5,7.5,3.0,0.0,10.5,NORMAL,False,
21.09.2026,21,Pazartesi,13876724772,00500,00500,MEHMET KARTAL,AMBAR,SUSURLUK,07:45,17:10,08:00,17:10,"07:45, 17:10",9.42,1.5,7.5,7.5,0.0,0.0,7.5,NORMAL,False,
21.09.2026,21,Pazartesi,01345,01345,01345,MELEK CEYHAN,DİĞER,HALİL DİĞRENCİ,20:00,08:02,00:00,08:02,"20:00, 08:02",12.03,0.5,7.5,7.5,0.0,0.0,7.5,NORMAL,False,
21.09.2026,21,Pazartesi,30181166332,00233,00233,MEMNUNE KARAMAN,BALIK TEMİZLEME,BALIKESİR,07:50,17:13,08:00,17:13,"07:50, 17:13",9.38,1.5,7.5,7.5,0.0,0.0,7.5,NORMAL,False,
21.09.2026,21,Pazartesi,,01386,01386,MENEKŞE DURMAN,,HALİL DİĞRENCİ,07:36,15:41,08:00,15:41,"07:36, 15:41",8.08,1.5,6.0,6.0,0.0,0.0,6.0,NORMAL,False,
21.09.2026,21,Pazartesi,28027546004,00112,00112,MESUT ERDEL,BAKIM,SUSURLUK,08:07,17:18,08:00,17:18,"08:07, 17:18",9.18,1.5,7.5,7.5,0.0,0.0,7.5,NORMAL,False,
21.09.2026,21,Pazartesi,99248627704,00005,00005,MHD BASSEL ALZALEK,ELEKTRİK,SUSURLUK,07:45,-,07:45,17:00,07:45,7.5,1.5,7.5,7.5,0.0,0.0,7.5,ÇIKIŞ_YOK_SABAH,True,"Giriş: 07:45 | Çıkış Basılmadı (Tam Gün 7,5s yazıldı)"
21.09.2026,21,Pazartesi,99347757876,00116,00116,MUHAMMED SAMİH SERHAN,AMBAR,GÖBEL,08:14,17:09,08:00,17:09,"08:14, 11:46, 14:36, 17:09",8.92,1.5,7.5,7.5,0.0,0.0,7.5,ÇOKLU_BASIM_MIN_MAX,True,"Çoklu Basım: İlk Giriş 08:14, Son Çıkış 17:09 (7,5s)"
21.09.2026,21,Pazartesi,23329391024,00514,00514,MUKATDES KARAMANOĞLU,BALIK TEMİZLEME,BALIKESİR,07:50,17:14,08:00,17:14,"07:50, 17:14",9.4,1.5,7.5,7.5,0.0,0.0,7.5,NORMAL,False,
21.09.2026,21,Pazartesi,15205679746,00572,00572,MURAT YONSUL,AMBAR,GÖBEL,08:50,21:01,08:30,21:01,"08:50, 21:01",12.18,1.5,11.0,7.0,4.0,0.0,11.0,NORMAL,False,
21.09.2026,21,Pazartesi,25621221832,00118,00118,MUSTAFA KAYA,İŞLETME,MKP,06:47,20:09,08:00,20:09,"06:47, 20:09",13.37,1.5,10.5,7.5,3.0,0.0,10.5,NORMAL,False,
21.09.2026,21,Pazartesi,,01373,01373,MUSTAFA KURT,,HALİL DİĞRENCİ,07:45,20:13,08:00,20:13,"07:45, 20:13",12.47,1.5,10.5,7.5,3.0,0.0,10.5,NORMAL,False,
21.09.2026,21,Pazartesi,21976553468,00234,00234,MÜCAHİT ÇOLAK,BALIK TEMİZLEME,KARACABEY,07:42,17:15,08:00,17:15,"07:42, 17:15",9.55,1.5,7.5,7.5,0.0,0.0,7.5,NORMAL,False,
21.09.2026,21,Pazartesi,31195265912,01056,01056,MÜRVET ÇAKAN,BALIK TEMİZLEME,HALİL DİĞRENCİ,08:02,17:16,08:00,17:16,"08:02, 17:16",9.23,1.5,7.5,7.5,0.0,0.0,7.5,NORMAL,False,
21.09.2026,21,Pazartesi,23539402008,00716,00716,MÜRVET ŞAFAK,ÜRETİM,SUSURLUK TUR-REŞAT,07:45,17:03,08:00,17:03,"07:45, 17:03",9.3,1.5,7.5,7.5,0.0,0.0,7.5,NORMAL,False,
21.09.2026,21,Pazartesi,33124024560,00120,00120,MÜZEYYEN ERDİNÇ,BALIK TEMİZLEME,BALIKESİR,07:50,17:16,08:00,17:16,"07:50, 17:16",9.43,1.5,7.5,7.5,0.0,0.0,7.5,NORMAL,False,
21.09.2026,21,Pazartesi,12556753194,00235,00235,NACİYE KARABULUT,BALIK TEMİZLEME,BALIKESİR,07:51,17:14,08:00,17:14,"07:51, 17:14",9.38,1.5,7.5,7.5,0.0,0.0,7.5,NORMAL,False,
21.09.2026,21,Pazartesi,28510235804,00121,00121,NAİL AKSOY,ŞÖFÖR,SUSURLUK,15:53,23:57,15:53,23:57,"15:53, 23:57",8.07,0.5,7.5,7.5,0.0,0.0,7.5,NORMAL,False,
21.09.2026,21,Pazartesi,38710924712,00887,00887,NECLA ABİ,BALIK TEMİZLEME,GÜVEN TURİZM,07:33,17:19,08:00,17:19,"07:33, 17:19",9.77,1.5,7.5,7.5,0.0,0.0,7.5,NORMAL,False,
21.09.2026,21,Pazartesi,24031385950,00380,00380,NECMİ SEVER,MEYDAN,GÖBEL,07:55,16:58,08:00,16:58,"07:55, 16:58",9.05,1.5,7.5,7.5,0.0,0.0,7.5,NORMAL,False,
21.09.2026,21,Pazartesi,21991561554,00930,00930,NECMİYE ÜÜLKER,BALIK TEMİZLEME,GÜVEN MUSTAFAKEMALPAŞA,07:54,17:14,08:00,17:14,"07:54, 17:14",9.33,1.5,7.5,7.5,0.0,0.0,7.5,NORMAL,False,
21.09.2026,21,Pazartesi,54874132756,00974,00974,NECİFE BAĞ,BALIK TEMİZLEME,KARACABEY,07:41,17:20,08:00,17:20,"07:41, 17:20",9.65,1.5,7.5,7.5,0.0,0.0,7.5,NORMAL,False,
21.09.2026,21,Pazartesi,14452686422,00371,00371,NESRİN GÜZEL,BALIK TEMİZLEME,BALIKESİR,07:50,17:13,08:00,17:13,"07:50, 17:13",9.38,1.5,7.5,7.5,0.0,0.0,7.5,NORMAL,False,
21.09.2026,21,Pazartesi,17902565544,00128,00128,NURAY AVCI,YEMEKHANE,BALIKESİR,07:51,17:12,08:00,17:12,"07:51, 17:12",9.35,1.5,7.5,7.5,0.0,0.0,7.5,NORMAL,False,
21.09.2026,21,Pazartesi,25970637896,00129,00129,NURAY ELİSÇIKIŞ,AMBAR,BALIKESİR,07:51,17:12,08:00,17:12,"07:51, 17:12",9.35,1.5,7.5,7.5,0.0,0.0,7.5,NORMAL,False,
21.09.2026,21,Pazartesi,21478446602,00236,00236,NURCAN EREN,BALIK TEMİZLEME,BALIKESİR,07:51,17:13,08:00,17:13,"07:51, 17:13",9.37,1.5,7.5,7.5,0.0,0.0,7.5,NORMAL,False,
21.09.2026,21,Pazartesi,15736612786,01352,01352,NURGÜL ADIGÜL,ÜRETİM,BİGADİÇ,15:57,00:04,15:57,00:04,"15:57, 00:04",8.12,0.5,7.5,7.5,0.0,0.0,7.5,NORMAL,False,
21.09.2026,21,Pazartesi,13318692676,01064,01064,NURGÜL PARLAS,ÜRETİM,BİGADİÇ,15:57,00:04,15:57,00:04,"15:57, 00:04",8.12,0.5,7.5,7.5,0.0,0.0,7.5,NORMAL,False,
21.09.2026,21,Pazartesi,22186447318,00137,00137,NURTEN CAN,ÜRETİM,SUSURLUK TUR-REŞAT,07:46,19:27,08:00,19:27,"07:46, 19:27",11.68,1.5,10.0,7.5,2.5,0.0,10.0,NORMAL,False,
21.09.2026,21,Pazartesi,27289383990,00931,00931,NURTEN ERDEM,BALIK TEMİZLEME,GÜVEN MUSTAFAKEMALPAŞA,07:54,17:19,08:00,17:19,"07:54, 17:19",9.42,1.5,7.5,7.5,0.0,0.0,7.5,NORMAL,False,
21.09.2026,21,Pazartesi,13420739290,00003,00003,NURİ GÜLSER,KAPI GÖREVLİSİ,GÖBEL,07:44,16:10,08:00,16:10,"07:44, 16:10",8.43,0.5,7.5,7.5,0.0,0.0,7.5,NORMAL,False,
21.09.2026,21,Pazartesi,52996654668,00237,00237,NURİYE AKKUŞ,BALIK TEMİZLEME,BANDIRMA,07:43,17:18,08:00,17:18,"07:43, 17:18",9.58,1.5,7.5,7.5,0.0,0.0,7.5,NORMAL,False,
21.09.2026,21,Pazartesi,13189854302,00006,00006,OZAN BUĞA,BAKIM,MKP,08:03,16:45,08:00,16:45,"08:03, 16:45",8.7,1.5,7.0,7.0,0.0,0.0,7.0,NORMAL,False,
21.09.2026,21,Pazartesi,29677146866,00238,00238,RABİYE ÇENECİOĞLU,BALIK TEMİZLEME,BALIKESİR,07:51,17:13,08:00,17:13,"07:51, 17:13",9.37,1.5,7.5,7.5,0.0,0.0,7.5,NORMAL,False,
21.09.2026,21,Pazartesi,24022385860,01316,01316,RECEP İÇÖZ,MEYDAN,GÖBEL,07:48,16:04,08:00,16:04,"07:48, 16:04",8.27,0.5,7.5,7.5,0.0,0.0,7.5,NORMAL,False,
21.09.2026,21,Pazartesi,28108249688,00146,00146,RIDVAN DEMİRDAK,ŞÖFÖR,GÖBEL,23:56,08:25,00:00,08:25,"23:56, 08:25",8.48,0.5,7.5,7.5,0.0,0.0,7.5,NORMAL,False,
21.09.2026,21,Pazartesi,16561742068,00842,00842,RUKİYE UZUN,BALIK TEMİZLEME,GÜVEN TURİZM,07:33,17:19,08:00,17:19,"07:33, 17:19",9.77,1.5,7.5,7.5,0.0,0.0,7.5,NORMAL,False,
21.09.2026,21,Salı,34807027090,00536,00536,SABRİ ACAR,YENİ BALIK HATTI,SUSURLUK,00:07,07:52,00:00,07:52,"00:07, 07:52",7.75,0.5,7.5,7.5,0.0,0.0,7.5,NORMAL,False,
21.09.2026,21,Pazartesi,17335367982,01021,01021,SABİHA AKIN,ÜRETİM,HALİL DİĞRENCİ,08:03,20:08,08:00,20:08,"08:03, 20:08",12.08,1.5,10.5,7.5,3.0,0.0,10.5,NORMAL,False,
21.09.2026,21,Pazartesi,31027151864,00147,00147,SABİHA GİRGİN,ÜRETİM,SUSURLUK TUR-REŞAT,07:45,17:03,08:00,17:03,"07:45, 17:03",9.3,1.5,7.5,7.5,0.0,0.0,7.5,NORMAL,False,
21.09.2026,21,Pazartesi,16579732808,01341,01341,SANİYE AKBAY,ÜRETİM,SÇEVİKAT ÇELİK,19:58,08:02,20:00,08:02,"19:58, 08:02",12.07,0.5,11.5,3.5,8.0,0.0,11.5,NORMAL,False,
21.09.2026,21,Pazartesi,30373124058,00149,00149,SANİYE CEYLAN,AMBAR,BİGADİÇ,07:52,17:08,08:00,17:08,"07:52, 17:08",9.27,1.5,7.5,7.5,0.0,0.0,7.5,NORMAL,False,
21.09.2026,21,Pazartesi,14164714154,00150,00150,SARA EROĞLU,AMBAR,BALIKESİR,07:50,17:12,08:00,17:12,"07:50, 17:12",9.37,1.5,7.5,7.5,0.0,0.0,7.5,NORMAL,False,
21.09.2026,21,Pazartesi,24178356332,00153,00153,SEHER ÖZDEN,YEMEKHANE,BALIKESİR,07:51,17:12,08:00,17:12,"07:51, 17:12",9.35,1.5,7.5,7.5,0.0,0.0,7.5,NORMAL,False,
21.09.2026,21,Pazartesi,11248811624,00009,00009,SELAHATTİN SÖĞÜT,ŞÖFÖR,GÖBEL,07:53,20:13,08:00,20:13,"07:53, 20:13",12.33,1.5,10.5,7.5,3.0,0.0,10.5,NORMAL,False,
21.09.2026,21,Pazartesi,19723478966,01069,01069,SELMA AYHAN,ÜRETİM,BİGADİÇ,15:57,00:05,15:57,00:05,"15:57, 00:05",8.13,0.5,7.5,7.5,0.0,0.0,7.5,NORMAL,False,
21.09.2026,21,Pazartesi,49369567458,00559,00559,SELMA TUNÇ,BALIK TEMİZLEME,BALIKESİR,07:50,17:14,08:00,17:14,"07:50, 17:14",9.4,1.5,7.5,7.5,0.0,0.0,7.5,NORMAL,False,
21.09.2026,21,Pazartesi,33451458564,01227,01227,SELMATA ANIK,ÜRETİM,HALİL DİĞRENCİ,19:59,08:02,20:00,08:02,"19:59, 08:02",12.05,0.5,11.5,3.5,8.0,0.0,11.5,NORMAL,False,
21.09.2026,21,Pazartesi,,01371,01371,SELİM KIRAY,,GÜVEN MUSTAFAKEMALPAŞA,09:52,19:03,10:00,19:03,"09:52, 19:03",9.18,1.5,7.5,5.5,2.0,0.0,7.5,NORMAL,False,
21.09.2026,21,Pazartesi,46825626414,00724,00724,SEMANUR GÜLIŞIK,FORMEN,KARACABEY,07:41,17:15,08:00,17:15,"07:41, 17:15",9.57,1.5,7.5,7.5,0.0,0.0,7.5,NORMAL,False,
21.09.2026,21,Pazartesi,16231745504,01129,01129,SERKAN YUMİTKEN,ÜRETİM,HALİL DİĞRENCİ,08:04,17:14,08:00,17:14,"08:04, 17:14",9.17,1.5,7.5,7.5,0.0,0.0,7.5,NORMAL,False,
21.09.2026,21,Pazartesi,13696829374,01361,01361,SERPİL İİPEK,,HALİL DİĞRENCİ,08:03,20:06,08:00,20:06,"08:03, 20:06",12.05,1.5,10.5,7.5,3.0,0.0,10.5,NORMAL,False,
21.09.2026,21,Pazartesi,17611699134,00884,00884,SEVİLAY DÖNMEZ,BALIK TEMİZLEME,GÜVEN TURİZM,07:33,17:20,08:00,17:20,"07:33, 17:20",9.78,1.5,7.5,7.5,0.0,0.0,7.5,NORMAL,False,
21.09.2026,21,Pazartesi,15250777510,01063,01063,SEZAİ ÇELİK,BALIK,HALİL DİĞRENCİ,08:05,17:11,08:00,17:11,"08:05, 17:11",9.1,1.5,7.5,7.5,0.0,0.0,7.5,NORMAL,False,
21.09.2026,21,Pazartesi,29200163070,01066,01066,SEZGİN YILDIRIM,ÜRETİM,BİGADİÇ,15:57,00:04,15:57,00:04,"15:57, 00:04",8.12,0.5,7.5,7.5,0.0,0.0,7.5,NORMAL,False,
21.09.2026,21,Pazartesi,01370,01370,01370,SEZGİN İRGÖREN,DİĞER,GÜVEN MUSTAFAKEMALPAŞA,09:52,19:03,10:00,19:03,"09:52, 19:03",9.18,1.5,7.5,5.5,2.0,0.0,7.5,NORMAL,False,
21.09.2026,21,Pazartesi,18847656960,00740,00740,SEÇİL ARIBOĞA,ÜRETİM,HALİL DİĞRENCİ,08:03,20:03,08:00,20:03,"08:03, 20:03",12.0,1.5,10.5,7.5,3.0,0.0,10.5,NORMAL,False,
21.09.2026,21,Pazartesi,10582783284,00170,00170,SİBEL ÇÇAKIR,ÜRETİM,BİGADİÇ,15:56,00:06,15:56,00:06,"15:56, 00:06",8.17,0.5,7.5,7.5,0.0,0.0,7.5,NORMAL,False,
21.09.2026,21,Pazartesi,29761139378,01038,01038,TALHA YAVAŞ,KALİTE,BANDIRMA,23:33,08:09,00:00,08:09,"23:33, 08:09",8.6,0.5,7.5,7.5,0.0,0.0,7.5,NORMAL,False,
21.09.2026,21,Pazartesi,20374606288,01047,01047,TANER BEYİRKEN,ÜRETİM,HALİL DİĞRENCİ,08:04,17:14,08:00,17:14,"08:04, 17:14",9.17,1.5,7.5,7.5,0.0,0.0,7.5,NORMAL,False,
21.09.2026,21,Pazartesi,10705928394,00976,00976,TAYFUN GÜNCÜ,BALIK TEMİZLEME,HALİL DİĞRENCİ,08:05,17:09,08:00,17:09,"08:05, 17:09",9.07,1.5,7.5,7.5,0.0,0.0,7.5,NORMAL,False,
21.09.2026,21,Pazartesi,13252843738,00243,00243,TAYFUN TIĞRAK,FORMEN,KARACABEY,07:47,18:54,08:00,18:54,"07:47, 18:54",11.12,1.5,9.5,7.5,2.0,0.0,9.5,NORMAL,False,
21.09.2026,21,Pazartesi,32938871292,00183,00183,TAYFUN ÇELİK,MEYDAN,MKP,07:44,17:21,08:00,17:21,"07:44, 17:21",9.62,1.5,7.5,7.5,0.0,0.0,7.5,NORMAL,False,
21.09.2026,21,Pazartesi,30925156292,00501,00501,TUNCAY METİN,KAPI GÖREVLİSİ,SUSURLUK,23:47,08:02,00:00,08:02,"23:47, 08:02",8.25,0.5,7.5,7.5,0.0,0.0,7.5,NORMAL,False,
21.09.2026,21,Pazartesi,14701796544,00582,00582,YUSUF SAMAR,MUHASEBE,KARACABEY,07:52,17:12,08:00,17:12,"07:52, 17:12",9.33,1.5,7.5,7.5,0.0,0.0,7.5,NORMAL,False,
21.09.2026,21,Pazartesi,10528936408,01364,01364,YUSUF ÇETİN,,HALİL DİĞRENCİ,08:05,20:02,08:00,20:02,"08:05, 20:02",11.95,1.5,10.5,7.5,3.0,0.0,10.5,NORMAL,False,
21.09.2026,21,Pazartesi,31861120316,00191,00191,ZAHİDE GÜRBÜZ,BALIK TEMİZLEME,BALIKESİR,07:51,17:15,08:00,17:15,"07:51, 17:15",9.4,1.5,7.5,7.5,0.0,0.0,7.5,NORMAL,False,
21.09.2026,21,Pazartesi,27560597764,01048,01048,ZAHİDE HAĞİ,BALIK TEMİZLEME,HALİL DİĞRENCİ,08:02,17:20,08:00,17:20,"08:02, 17:20",9.3,1.5,7.5,7.5,0.0,0.0,7.5,NORMAL,False,
21.09.2026,21,Pazartesi,31552110794,00935,00935,ZAHİDE KALDEMİR,BALIK TEMİZLEME,GÜVEN MUSTAFAKEMALPAŞA,07:54,17:19,08:00,17:19,"07:54, 17:19",9.42,1.5,7.5,7.5,0.0,0.0,7.5,NORMAL,False,
21.09.2026,21,Pazartesi,22249543988,00192,00192,ZAHİDE NEDİRLİ,KALİTE,KARACABEY,07:41,17:16,08:00,17:16,"07:41, 17:16",9.58,1.5,7.5,7.5,0.0,0.0,7.5,NORMAL,False,
21.09.2026,21,Pazartesi,10820807680,01097,01097,ZEHRA ONUK,ÜRETİM,HALİL DİĞRENCİ,08:03,17:16,08:00,17:16,"08:03, 17:16",9.22,1.5,7.5,7.5,0.0,0.0,7.5,NORMAL,False,
21.09.2026,21,Pazartesi,23782492962,01049,01049,ZEKİYE ŞEKER,BALIK TEMİZLEME,HALİL DİĞRENCİ,08:02,17:16,08:00,17:16,"08:02, 17:16",9.23,1.5,7.5,7.5,0.0,0.0,7.5,NORMAL,False,
21.09.2026,21,Pazartesi,14047825472,00937,00937,ZELİHA ORUÇ,BALIK TEMİZLEME,GÜVEN MUSTAFAKEMALPAŞA,07:54,17:17,08:00,17:17,"07:54, 17:17",9.38,1.5,7.5,7.5,0.0,0.0,7.5,NORMAL,False,
21.09.2026,21,Pazartesi,24289352612,00244,00244,ZEYNEP KARAMAN,BALIK TEMİZLEME,BALIKESİR,07:50,17:13,08:00,17:13,"07:50, 17:13",9.38,1.5,7.5,7.5,0.0,0.0,7.5,NORMAL,False,
21.09.2026,21,Pazartesi,33742169780,00246,00246,ZEYNEP KURT,BALIK DOLUM,MKP,09:52,19:03,10:00,19:03,"09:52, 19:03",9.18,1.5,7.5,5.5,4.0,2.0,9.5,BÖLÜM_PRİMLİ,False,"Balık Dolum ve Kesim Primi: Fiili 7,5s -> Bonuslu 9,5s (+2,0s Prim)"
21.09.2026,21,Pazartesi,22498412394,00765,00765,ZEYNEP ONBAŞI,YEMEKHANE,BALIKESİR,07:50,17:12,08:00,17:12,"07:50, 17:12",9.37,1.5,7.5,7.5,0.0,0.0,7.5,NORMAL,False,
21.09.2026,21,Pazartesi,22319750032,00782,00782,ÇİDEM FİDAN,BALIK TEMİZLEME,BANDIRMA,07:43,17:18,08:00,17:18,"07:43, 17:18",9.58,1.5,7.5,7.5,0.0,0.0,7.5,NORMAL,False,
21.09.2026,21,Pazartesi,17749594400,00033,00033,ÇİSEM BÇAKIR,KALİTE,SUSURLUK,15:53,23:58,15:53,23:58,"15:53, 23:58",8.08,0.5,7.5,7.5,0.0,0.0,7.5,NORMAL,False,
21.09.2026,21,Pazartesi,33037193346,01349,01349,ÖMÜR SEPETÇİ,ÜRETİM,GÜVEN MUSTAFAKEMALPAŞA,07:54,17:13,08:00,17:13,"07:54, 17:13",9.32,1.5,7.5,7.5,0.0,0.0,7.5,NORMAL,False,
21.09.2026,21,Pazartesi,12268777280,00185,00185,ÜMMÜ AYDOĞAN,ÜRETİM,SUSURLUK TUR-REŞAT,07:46,19:27,08:00,19:27,"07:46, 19:27",11.68,1.5,10.0,7.5,2.5,0.0,10.0,NORMAL,False,
21.09.2026,21,Pazartesi,57541044000,01195,01195,ÜMMÜGÜLSÜM BAĞ,BALIK TEMİZLEME,KARACABEY,07:41,17:20,08:00,17:20,"07:41, 17:20",9.65,1.5,7.5,7.5,0.0,0.0,7.5,NORMAL,False,
21.09.2026,21,Pazartesi,37075059770,01350,01350,ÜVEYS SEPETÇİ,ÜRETİM,GÜVEN MUSTAFAKEMALPAŞA,07:54,17:13,08:00,17:13,"07:54, 17:13",9.32,1.5,7.5,7.5,0.0,0.0,7.5,NORMAL,False,
21.09.2026,21,Pazartesi,29515203096,00092,00092,İBÜŞRAHİM YILDIRIM,MEYDAN,MKP,07:45,18:56,08:00,18:56,"07:45, 18:56",11.18,1.5,9.5,7.5,2.0,0.0,9.5,NORMAL,False,
21.09.2026,21,Pazartesi,25060351046,00230,00230,İSMAİL İMİR,OTOKLAV OPERATÖRÜ,SUSURLUK,08:06,17:02,08:00,17:02,"08:06, 17:02",8.93,1.5,7.5,7.5,0.0,0.0,7.5,NORMAL,False,
21.09.2026,21,Pazartesi,37276043530,00426,00426,İİLKNUR KURDEŞ,BALIK TEMİZLEME,HALİL DİĞRENCİ,08:08,17:19,08:00,17:19,"08:08, 17:19",9.18,1.5,7.5,7.5,0.0,0.0,7.5,NORMAL,False,
21.09.2026,21,Pazartesi,13720827796,00176,00176,ŞADİ BAŞARICI,BAKIM,KARACABEY,15:40,23:56,15:40,23:56,"15:40, 23:56",8.27,0.5,8.0,8.0,0.0,0.0,8.0,NORMAL,False,
21.09.2026,21,Pazartesi,38233180558,00178,00178,ŞAKİR KARAKAŞ,AMBAR,BANDIRMA,07:47,17:02,08:00,17:02,"07:47, 17:02",9.25,1.5,7.5,7.5,0.0,0.0,7.5,NORMAL,False,
21.09.2026,21,Pazartesi,25192322242,00179,00179,ŞAYİKA KOPARAN,AMBAR,BİGADİÇ,07:53,17:09,08:00,17:09,"07:53, 17:09",9.27,1.5,7.5,7.5,0.0,0.0,7.5,NORMAL,False,
21.09.2026,21,Pazartesi,38240191356,01161,01161,ŞENGÜL ALEMİN,ÜRETİM,HALİL DİĞRENCİ,20:00,-,20:00,08:00,20:00,7.5,0.5,7.5,7.5,0.0,0.0,7.5,GECE_TEK_BASIM,True,"Gece Basımı: 20:00 | Tek Basım (7,5s yazıldı)"
21.09.2026,21,Pazartesi,10255820520,00242,00242,ŞERBANE SARAN,BALIK TEMİZLEME,BALIKESİR,07:51,17:13,08:00,17:13,"07:51, 17:12, 17:13",9.37,1.5,7.5,7.5,0.0,0.0,7.5,ÇOKLU_BASIM_MIN_MAX,True,"Çoklu Basım: İlk Giriş 07:51, Son Çıkış 17:13 (7,5s)"
21.09.2026,21,Pazartesi,,01384,01384,ŞEYMA İİPEK,,HALİL DİĞRENCİ,08:05,20:06,08:00,20:06,"08:05, 20:06",12.02,1.5,10.5,7.5,3.0,0.0,10.5,NORMAL,False,
22.09.2026,22,Salı,20437654348,00206,00206,ADALET KALAYCI,BALIK TEMİZLEME,BANDIRMA,07:46,17:00,08:00,17:00,"07:46, 17:00",9.23,1.5,7.5,7.5,0.0,0.0,7.5,NORMAL,False,
22.09.2026,22,Salı,23527501454,00583,00583,AHMET BEYHAN,BAKIM,KARACABEY,08:02,19:07,08:00,19:07,"08:02, 12:29, 13:04, 19:07",11.08,1.5,9.5,7.5,2.0,0.0,9.5,ÇOKLU_BASIM_MIN_MAX,True,"Çoklu Basım: İlk Giriş 08:02, Son Çıkış 19:07 (9,5s)"
22.09.2026,22,Salı,21925456598,00830,00830,AHMET ÇÇAYLAK,AMBAR,BALIKESİR,07:43,17:08,08:00,17:08,"07:43, 17:08",9.42,1.5,7.5,7.5,0.0,0.0,7.5,NORMAL,False,
22.09.2026,22,Salı,28123249472,00207,00207,AHMET ŞŞENER,MEYDAN,SUSURLUK,07:43,16:57,08:00,16:57,"07:43, 16:57",9.23,1.5,7.5,7.5,0.0,0.0,7.5,NORMAL,False,
22.09.2026,22,Salı,16510742668,01154,01154,AKİF TÜRKÇÜ,BALIK TEMİZLİK,MKP,-,18:07,08:00,18:07,18:07,10.12,1.5,8.5,7.5,1.0,0.0,8.5,GİRİŞ_YOK_AKŞAM,True,"Çıkış: 18:07 | Giriş Basılmadı (08:00 başı ile 8,5s korundu)"
22.09.2026,22,Salı,,01382,01382,ALİ BALTA,,HALİL DİĞRENCİ,08:06,21:38,08:00,21:38,"08:06, 21:38",13.53,1.5,12.0,7.5,4.5,0.0,12.0,NORMAL,False,
22.09.2026,22,Salı,13183506030,01102,01102,ALİ EŞREF AKIN,ÜRETİM,HALİL DİĞRENCİ,08:04,20:01,08:00,20:01,"08:04, 20:01",11.95,1.5,10.5,7.5,3.0,0.0,10.5,NORMAL,False,
22.09.2026,22,Salı,18394573482,00208,00208,ANIL DEMİRTAŞ,KONSERVE ÜRETİM ELEMANI,GÖBEL,15:49,00:16,15:49,00:16,"15:49, 00:16",8.45,0.5,7.5,7.5,0.0,0.0,7.5,NORMAL,False,
22.09.2026,22,Salı,99320980932,00247,00247,ANUD ELMEAŞİ,BALIK TEMİZLEME,GÜVEN TURİZM,07:34,17:03,08:00,17:03,"07:34, 17:03",9.48,1.5,7.5,7.5,0.0,0.0,7.5,NORMAL,False,
22.09.2026,22,Salı,28336192374,00308,00308,ARZU KILA,AMBAR,BİGADİÇ,07:51,17:07,08:00,17:07,"07:51, 17:07",9.27,1.5,7.5,7.5,0.0,0.0,7.5,NORMAL,False,
22.09.2026,22,Salı,28033351500,01357,01357,ARZU ÖZTÜRK,BALIK TEMİZLEME,GÜVEN MUSTAFAKEMALPAŞA,07:55,17:03,08:00,17:03,"07:55, 17:03",9.13,1.5,7.5,7.5,0.0,0.0,7.5,NORMAL,False,
22.09.2026,22,Salı,24709461474,00894,00894,ASLI BAYRAKTAR,BALIK DOLUM,GÜVEN TURİZM,07:34,17:03,08:00,17:03,"07:34, 17:03",9.48,1.5,7.5,7.5,2.0,2.0,9.5,BÖLÜM_PRİMLİ,False,"Balık Dolum ve Kesim Primi: Fiili 7,5s -> Bonuslu 9,5s (+2,0s Prim)"
22.09.2026,22,Salı,12572550074,00209,00209,ASYA TİLKİ,BALIK TEMİZLEME,KARACABEY,07:41,17:01,08:00,17:01,"07:41, 17:01",9.33,1.5,7.5,7.5,0.0,0.0,7.5,NORMAL,False,
22.09.2026,22,Salı,22426711476,00754,00754,AYNUR DEMİRCAN,BALIK TEMİZLEME,HALİL DİĞRENCİ,08:05,17:01,08:00,17:01,"08:05, 17:01",8.93,1.5,7.5,7.5,0.0,0.0,7.5,NORMAL,False,
22.09.2026,22,Salı,13543834438,01145,01145,AYSEL ÇETİNTAŞ,ÜRETİM,HALİL DİĞRENCİ,08:03,20:00,08:00,20:00,"08:03, 20:00",11.95,1.5,10.5,7.5,3.0,0.0,10.5,NORMAL,False,
22.09.2026,22,Salı,,01385,01385,AYÇA KARAMAN,,HALİL DİĞRENCİ,07:31,20:09,08:00,20:09,"07:31, 20:09",12.63,1.5,10.5,7.5,3.0,0.0,10.5,NORMAL,False,
22.09.2026,22,Salı,25567503092,00211,00211,AYÇA SEZER,KALİTE,BANDIRMA,07:46,16:58,08:00,16:58,"07:46, 16:58",9.2,1.5,7.5,7.5,0.0,0.0,7.5,NORMAL,False,
22.09.2026,22,Salı,33253033204,00021,00021,AYŞE KURT,ÜRETİM,BİGADİÇ,15:56,00:06,15:56,00:06,"15:56, 00:06",8.17,0.5,7.5,7.5,0.0,0.0,7.5,NORMAL,False,
22.09.2026,22,Salı,34120156552,00215,00215,AYŞE YILMAZ,BALIK DOLUM,MKP,09:45,18:05,09:30,18:05,"09:45, 18:05",8.33,1.5,7.0,6.0,3.0,2.0,9.0,BÖLÜM_PRİMLİ,False,"Balık Dolum ve Kesim Primi: Fiili 7,0s -> Bonuslu 9,0s (+2,0s Prim)"
22.09.2026,22,Salı,11284759850,00018,00018,AYŞE ÇENECİOĞLU,AMBAR,BİGADİÇ,07:50,17:08,08:00,17:08,"07:50, 17:08",9.3,1.5,7.5,7.5,0.0,0.0,7.5,NORMAL,False,
22.09.2026,22,Salı,25610607388,01353,01353,BAHAR FİDAN,ÜRETİM,SÇEVİKAT ÇELİK,19:47,07:59,19:30,07:59,"19:47, 07:59",12.2,0.5,12.0,4.0,12.0,4.0,16.0,BÖLÜM_PRİMLİ,False,"Üretim Primi: Fiili 12,0s -> Bonuslu 16,0s (+4,0s Prim)"
22.09.2026,22,Salı,12496719380,01139,01139,BEDİA KAYMAZ,AMBAR,BİGADİÇ,07:50,17:13,08:00,17:13,"07:50, 17:13",9.38,1.5,7.5,7.5,0.0,0.0,7.5,NORMAL,False,
22.09.2026,22,Salı,14725695762,00025,00025,BEHİCE YALMAN,BALIK DOLUM,GÖBEL,09:45,18:05,09:30,18:05,"09:45, 18:05",8.33,1.5,7.0,6.0,3.0,2.0,9.0,BÖLÜM_PRİMLİ,False,"Balık Dolum ve Kesim Primi: Fiili 7,0s -> Bonuslu 9,0s (+2,0s Prim)"
22.09.2026,22,Salı,11206757414,00902,00902,BERK BERBER,ÇEVRE MÜHENDİSİ,BANDIRMA,07:46,17:07,08:00,17:07,"07:46, 17:07",9.35,1.5,7.5,7.5,0.0,0.0,7.5,NORMAL,False,
22.09.2026,22,Salı,25297298992,00216,00216,BETÜL TUNÇ,BALIK TEMİZLEME,BANDIRMA,07:46,17:02,08:00,17:02,"07:46, 17:02",9.27,1.5,7.5,7.5,0.0,0.0,7.5,NORMAL,False,
22.09.2026,22,Salı,33316051664,01339,01339,BİLGİNUR SÜMER,BALIK TEMİZLEME,BALIKESİR,07:49,16:59,08:00,16:59,"07:49, 16:59",9.17,1.5,7.5,7.5,0.0,0.0,7.5,NORMAL,False,
22.09.2026,22,Salı,11950763822,01348,01348,BİLGİYE TOPAL,BALIK TEMİZLEME,GÜVEN MUSTAFAKEMALPAŞA,07:55,17:09,08:00,17:09,"07:55, 17:09",9.23,1.5,7.5,7.5,0.0,0.0,7.5,NORMAL,False,
22.09.2026,22,Salı,31678238334,00922,00922,CANSEL AKCAN,BALIK TEMİZLEME,GÜVEN MUSTAFAKEMALPAŞA,07:54,17:02,08:00,17:02,"07:54, 17:02",9.13,1.5,7.5,7.5,0.0,0.0,7.5,NORMAL,False,
22.09.2026,22,Salı,16933572286,00030,00030,CANSEVER ÇÇAKMAK,AMBAR,BİGADİÇ,07:50,17:10,08:00,17:10,"07:50, 17:10",9.33,1.5,7.5,7.5,0.0,0.0,7.5,NORMAL,False,
22.09.2026,22,Salı,33154180038,00031,00031,CEMALETTİN BEDİZCİ,BAKIM,KARACABEY,07:45,18:03,08:00,18:03,"07:45, 18:03",10.3,1.5,8.5,7.5,1.0,0.0,8.5,NORMAL,False,
22.09.2026,22,Salı,17488585028,00217,00217,CEMİLE KARAN,BALIK TEMİZLEME,BALIKESİR,07:49,16:58,08:00,16:58,"07:49, 16:58",9.15,1.5,7.5,7.5,0.0,0.0,7.5,NORMAL,False,
22.09.2026,22,Salı,23083367440,00320,00320,CEYDA ÖZ,KALİTE,BİGADİÇ,15:55,00:07,15:55,00:07,"15:55, 00:07",8.2,0.5,7.5,7.5,0.0,0.0,7.5,NORMAL,False,
22.09.2026,22,Salı,,01378,01378,DEMİRHAN GÖKGÖZ,,HALİL DİĞRENCİ,07:31,17:03,08:00,17:03,"07:31, 17:03",9.53,1.5,7.5,7.5,0.0,0.0,7.5,NORMAL,False,
22.09.2026,22,Salı,24961035246,01098,01098,DUDU ÖRENGÜL,KALİTE,GÜVEN MUSTAFAKEMALPAŞA,07:54,18:05,08:00,18:05,"07:54, 18:05",10.18,1.5,8.5,7.5,1.0,0.0,8.5,NORMAL,False,
22.09.2026,22,Salı,99848635024,00283,00283,DUHA EL MUFADDİ,BALIK TEMİZLEME,MKP,07:45,17:03,08:00,17:03,"07:45, 17:03",9.3,1.5,7.5,7.5,0.0,0.0,7.5,NORMAL,False,
22.09.2026,22,Çarşamba,23509358892,00386,00386,DÖNDÜ ŞAHİN,KALİTE,BANDIRMA,00:08,08:15,00:00,08:15,"00:08, 08:15",8.12,0.5,7.5,7.5,0.0,0.0,7.5,NORMAL,False,
22.09.2026,22,Salı,10456937386,01362,01362,DİLEK ÇETİN,,HALİL DİĞRENCİ,08:04,17:09,08:00,17:09,"08:04, 17:09",9.08,1.5,7.5,7.5,0.0,0.0,7.5,NORMAL,False,
22.09.2026,22,Salı,29563469352,00563,00563,EDİP EKİNCİ,KAZAN,SUSURLUK,20:15,-,20:15,08:00,20:15,7.5,0.5,7.5,7.5,0.0,0.0,7.5,GECE_TEK_BASIM,True,"Gece Basımı: 20:15 | Tek Basım (7,5s yazıldı)"
22.09.2026,22,Salı,10066843626,00374,00374,EFE EVİM,AMBAR,BİGADİÇ,07:51,17:11,08:00,17:11,"07:51, 17:11",9.33,1.5,7.5,7.5,0.0,0.0,7.5,NORMAL,False,
22.09.2026,22,Salı,14266711334,00037,00037,EFRAİM DUMAN,AMBAR,SUSURLUK,20:15,07:58,00:00,07:58,"20:15, 07:58",11.72,0.5,7.5,7.5,0.0,0.0,7.5,NORMAL,False,
22.09.2026,22,Salı,16591633060,00038,00038,ELİF TUNÇ,KALİTE,BANDIRMA,07:46,17:07,08:00,17:07,"07:46, 17:07",9.35,1.5,7.5,7.5,0.0,0.0,7.5,NORMAL,False,
22.09.2026,22,Salı,20266511430,00002,00002,ELİF YAVAŞ,MUHASEBE,SUSURLUK,08:07,16:54,08:00,16:54,"08:07, 16:54",8.78,1.5,7.5,7.5,0.0,0.0,7.5,NORMAL,False,
22.09.2026,22,Salı,31009103096,00204,00204,EMEL SANAN,AMBAR,BİGADİÇ,07:51,17:13,08:00,17:13,"07:51, 17:13",9.37,1.5,7.5,7.5,0.0,0.0,7.5,NORMAL,False,
22.09.2026,22,Salı,21550576494,01091,01091,EMRE BAŞAR,ÜRETİM,GÜVEN MUSTAFAKEMALPAŞA,07:56,17:03,08:00,17:03,"07:56, 17:03",9.12,1.5,7.5,7.5,0.0,0.0,7.5,NORMAL,False,
22.09.2026,22,Salı,01377,01377,01377,EMRİCAN DURMAN,DİĞER,HALİL DİĞRENCİ,07:31,20:01,08:00,20:01,"07:31, 07:32, 20:01",12.5,1.5,10.5,7.5,3.0,0.0,10.5,ÇOKLU_BASIM_MIN_MAX,True,"Çoklu Basım: İlk Giriş 07:31, Son Çıkış 20:01 (10,5s)"
22.09.2026,22,Salı,12523718256,00043,00043,EMİNE BAYER,AMBAR,BİGADİÇ,07:50,17:10,08:00,17:10,"07:50, 17:10",9.33,1.5,7.5,7.5,0.0,0.0,7.5,NORMAL,False,
22.09.2026,22,Salı,16111749134,01300,01300,EMİNE KARAMAN,BALIK TEMİZLEME,HALİL DİĞRENCİ,08:05,17:02,08:00,17:02,"08:05, 17:02",8.95,1.5,7.5,7.5,0.0,0.0,7.5,NORMAL,False,
22.09.2026,22,Salı,12379749978,00197,00197,EMİNE SARI,YEMEKHANE,BALIKESİR,07:49,17:04,08:00,17:04,"07:49, 17:04",9.25,1.5,7.5,7.5,0.0,0.0,7.5,NORMAL,False,
22.09.2026,22,Salı,45328882280,00859,00859,EMİNE YAVUZ,BALIK TEMİZLEME,GÜVEN TURİZM,07:33,17:01,08:00,17:01,"07:33, 17:01",9.47,1.5,7.5,7.5,0.0,0.0,7.5,NORMAL,False,
22.09.2026,22,Salı,20503503198,00045,00045,EMİNE ÇAPAR,YEMEKHANE,GÖBEL,18:28,04:12,18:30,04:12,"18:28, 04:12",9.73,0.5,9.0,5.0,4.0,0.0,9.0,NORMAL,False,
22.09.2026,22,Salı,37030668238,01180,01180,EMİNE ŞENTÜRK CİNGÖZ,BALIK TEMİZLEME,GÜVEN TURİZM,07:34,17:03,08:00,17:03,"07:34, 17:03",9.48,1.5,7.5,7.5,0.0,0.0,7.5,NORMAL,False,
22.09.2026,22,Salı,10036852948,00046,00046,EMİRHAN MUTLU,BAKIM,GÖBEL,08:21,19:49,08:30,19:49,"08:21, 12:29, 13:04, 19:49",11.47,1.5,9.5,7.0,2.5,0.0,9.5,ÇOKLU_BASIM_MIN_MAX,True,"Çoklu Basım: İlk Giriş 08:21, Son Çıkış 19:49 (9,5s)"
22.09.2026,22,Salı,29470204244,00007,00007,ENDER BİLBAY,KAPI GÖREVLİSİ,GÖBEL,15:49,23:59,15:49,23:59,"15:49, 23:59",8.17,0.5,7.5,7.5,0.0,0.0,7.5,NORMAL,False,
22.09.2026,22,Salı,98284188514,00293,00293,ENES ABDE,BALIK TEMİZLEME,MKP,07:45,17:01,08:00,17:01,"07:45, 17:01",9.27,1.5,7.5,7.5,0.0,0.0,7.5,NORMAL,False,
22.09.2026,22,Salı,34795126850,01351,01351,ERCAN POLAT,BİLGİSAYAR MÜHENDİSİ,KARACABEY,07:47,17:07,08:00,17:07,"07:47, 17:07",9.33,1.5,7.5,7.5,0.0,0.0,7.5,NORMAL,False,
22.09.2026,22,Salı,23131415628,00047,00047,ERDİN TETİK,MEYDAN,SUSURLUK,23:46,08:01,00:00,08:01,"23:46, 08:01",8.25,0.5,7.5,7.5,0.0,0.0,7.5,NORMAL,False,
22.09.2026,22,Salı,22260441248,00198,00198,ERSİN ESER,BAKIM,GÖBEL,19:54,19:55,19:54,19:55,"19:54, 19:55",0.05,0.0,7.5,7.5,0.0,0.0,7.5,NORMAL,False,
22.09.2026,22,Salı,11633067636,00221,00221,EİREMŞAH KIZILKAYA,BALIK DOLUM,GÖBEL,09:45,18:06,09:30,18:06,"09:45, 18:06",8.35,1.5,7.0,6.0,3.0,2.0,9.0,BÖLÜM_PRİMLİ,False,"Balık Dolum ve Kesim Primi: Fiili 7,0s -> Bonuslu 9,0s (+2,0s Prim)"
22.09.2026,22,Salı,35183294274,00926,00926,FATMA DEMİRER,BALIK TEMİZLEME,GÜVEN MUSTAFAKEMALPAŞA,07:54,17:00,08:00,17:00,"07:54, 17:00",9.1,1.5,7.5,7.5,0.0,0.0,7.5,NORMAL,False,
22.09.2026,22,Salı,32986036254,00056,00056,FATMA ÇAM,ÜRETİM,BİGADİÇ,15:55,00:04,15:55,00:04,"15:55, 00:04",8.15,0.5,7.5,7.5,0.0,0.0,7.5,NORMAL,False,
22.09.2026,22,Salı,31594082608,00057,00057,FATMA ÖZÇAM,ÜRETİM,BİGADİÇ,15:56,00:04,15:56,00:04,"15:56, 00:04",8.13,0.5,7.5,7.5,0.0,0.0,7.5,NORMAL,False,
22.09.2026,22,Salı,11890896888,00223,00223,FATMAGÜL ÇEKİ,BALIK DOLUM,MKP,09:45,18:05,09:30,18:05,"09:45, 18:05",8.33,1.5,7.0,6.0,3.0,2.0,9.0,BÖLÜM_PRİMLİ,False,"Balık Dolum ve Kesim Primi: Fiili 7,0s -> Bonuslu 9,0s (+2,0s Prim)"
22.09.2026,22,Salı,21898406446,01065,01065,FERUDUN BAKAN,ÜRETİM,BİGADİÇ,15:55,00:05,15:55,00:05,"15:55, 00:05",8.17,0.5,7.5,7.5,0.0,0.0,7.5,NORMAL,False,
22.09.2026,22,Salı,33739783340,00739,00739,GURBET DUMAN,BALIK TEMİZLEME,HALİL DİĞRENCİ,08:05,17:01,08:00,17:01,"08:05, 17:01",8.93,1.5,7.5,7.5,0.0,0.0,7.5,NORMAL,False,
22.09.2026,22,Salı,24541318660,00065,00065,GÜLCAN BİLGİÇ,AMBAR,BİGADİÇ,07:50,17:08,08:00,17:08,"07:50, 17:08",9.3,1.5,7.5,7.5,0.0,0.0,7.5,NORMAL,False,
22.09.2026,22,Salı,33211034366,00225,00225,GÜLER ÇAPKIN,BALIK TEMİZLEME,KARACABEY,07:41,17:00,08:00,17:00,"07:41, 17:00",9.32,1.5,7.5,7.5,0.0,0.0,7.5,NORMAL,False,
22.09.2026,22,Salı,15041774032,00882,00882,GÜLPERİ KALENDER,BALIK TEMİZLEME,BANDIRMA,07:46,17:01,08:00,17:01,"07:46, 17:01",9.25,1.5,7.5,7.5,0.0,0.0,7.5,NORMAL,False,
22.09.2026,22,Salı,53689106020,00073,00073,GÜLSÜM GÖRGÜLÜ,AMBAR,BİGADİÇ,07:51,17:10,08:00,17:10,"07:51, 17:10",9.32,1.5,7.5,7.5,0.0,0.0,7.5,NORMAL,False,
22.09.2026,22,Salı,45184908278,00226,00226,GÜLTEN DURMAZ,BALIK DOLUM,GÖBEL,09:45,18:06,09:30,18:06,"09:45, 18:06",8.35,1.5,7.0,6.0,3.0,2.0,9.0,BÖLÜM_PRİMLİ,False,"Balık Dolum ve Kesim Primi: Fiili 7,0s -> Bonuslu 9,0s (+2,0s Prim)"
22.09.2026,22,Salı,10996768938,00071,00071,GÜLTEN GİDER,AMBAR,BİGADİÇ,07:51,17:11,08:00,17:11,"07:51, 17:11",9.33,1.5,7.5,7.5,0.0,0.0,7.5,NORMAL,False,
22.09.2026,22,Salı,21010592606,01022,01022,GÜLÜMSER KARABIYIK,BALIK TEMİZLEME,GÜVEN MUSTAFAKEMALPAŞA,07:55,17:07,08:00,17:07,"07:55, 17:07",9.2,1.5,7.5,7.5,0.0,0.0,7.5,NORMAL,False,
22.09.2026,22,Salı,11593899780,00773,00773,GÜRAY PALA,BALIK KESİM,HALİL DİĞRENCİ,08:03,21:37,08:00,21:37,"08:03, 21:37",13.57,1.5,12.0,7.5,6.5,2.0,14.0,BÖLÜM_PRİMLİ,False,"Balık Dolum ve Kesim Primi: Fiili 12,0s -> Bonuslu 14,0s (+2,0s Prim)"
22.09.2026,22,Salı,23638497776,00075,00075,HACER BEYHAN,BALIK TEMİZLEME,HALİL DİĞRENCİ,08:03,17:00,08:00,17:00,"08:03, 17:00",8.95,1.5,7.5,7.5,0.0,0.0,7.5,NORMAL,False,
22.09.2026,22,Salı,22639531168,01078,01078,HAFİZE AVCIOĞLU,BALIK TEMİZLEME,GÜVEN TURİZM,07:34,17:02,08:00,17:02,"07:34, 17:02",9.47,1.5,7.5,7.5,0.0,0.0,7.5,NORMAL,False,
22.09.2026,22,Salı,13708835836,01159,01159,HAMİT GİRGİN,BALIK TEMİZLEME,GÜVEN MUSTAFAKEMALPAŞA,07:55,18:05,08:00,18:05,"07:55, 18:05",10.17,1.5,8.5,7.5,1.0,0.0,8.5,NORMAL,False,
22.09.2026,22,Salı,20290485820,01060,01060,HANİFE YILDIRIM,BALIK TEMİZLEME,BALIKESİR,07:48,17:00,08:00,17:00,"07:48, 17:00",9.2,1.5,7.5,7.5,0.0,0.0,7.5,NORMAL,False,
22.09.2026,22,Salı,14779989510,00080,00080,HARUN YAHYA DURSUN,BALIK DOLUM,GÖBEL,10:17,19:33,10:00,19:33,"10:17, 19:33",9.27,1.5,8.0,5.5,4.5,2.0,10.0,BÖLÜM_PRİMLİ,False,"Balık Dolum ve Kesim Primi: Fiili 8,0s -> Bonuslu 10,0s (+2,0s Prim)"
22.09.2026,22,Salı,32194063110,00574,00574,HATİCE ERBAŞ,AMBAR,BİGADİÇ,07:50,17:13,08:00,17:13,"07:50, 17:13",9.38,1.5,7.5,7.5,0.0,0.0,7.5,NORMAL,False,
22.09.2026,22,Salı,45823635220,01148,01148,HATİCE GÖLBAŞ,ÜRETİM,HALİL DİĞRENCİ,08:06,20:00,08:00,20:00,"08:06, 20:00",11.9,1.5,10.5,7.5,3.0,0.0,10.5,NORMAL,False,
22.09.2026,22,Salı,31324091924,00084,00084,HATİCE KURT,ÜRETİM,BİGADİÇ,15:55,00:03,15:55,00:03,"15:55, 00:03",8.13,0.5,7.5,7.5,0.0,0.0,7.5,NORMAL,False,
22.09.2026,22,Salı,10817807990,01096,01096,HATİCE ONUK,ÜRETİM,HALİL DİĞRENCİ,08:03,17:05,08:00,17:05,"08:03, 17:05",9.03,1.5,7.5,7.5,0.0,0.0,7.5,NORMAL,False,
22.09.2026,22,Salı,33850041688,00577,00577,HATİCE SAVAŞÇI,BALIK TEMİZLEME,BALIKESİR,07:48,16:59,08:00,16:59,"07:48, 16:59",9.18,1.5,7.5,7.5,0.0,0.0,7.5,NORMAL,False,
22.09.2026,22,Salı,26002427744,00227,00227,HAVVA ALPER,BALIK DOLUM,MKP,09:46,18:06,09:30,18:06,"09:46, 18:06",8.33,1.5,7.0,6.0,3.0,2.0,9.0,BÖLÜM_PRİMLİ,False,"Balık Dolum ve Kesim Primi: Fiili 7,0s -> Bonuslu 9,0s (+2,0s Prim)"
22.09.2026,22,Salı,26653281238,00228,00228,HAVVA BAYRAM,BALIK TEMİZLEME,BALIKESİR,07:48,16:59,08:00,16:59,"07:48, 16:59",9.18,1.5,7.5,7.5,0.0,0.0,7.5,NORMAL,False,
22.09.2026,22,Salı,33289026430,00480,00480,HÜLYA TOPAL,AMBAR,BİGADİÇ,07:50,17:13,08:00,17:13,"07:50, 17:13",9.38,1.5,7.5,7.5,0.0,0.0,7.5,NORMAL,False,
22.09.2026,22,Salı,30856107820,00091,00091,HÜLYA ÜÜNAL,AMBAR,BİGADİÇ,07:50,17:13,08:00,17:13,"07:50, 17:13",9.38,1.5,7.5,7.5,0.0,0.0,7.5,NORMAL,False,
22.09.2026,22,Salı,23524501518,00231,00231,KADRİYE BEYHAN,BALIK TEMİZLEME,HALİL DİĞRENCİ,08:05,17:02,08:00,17:02,"08:05, 17:02",8.95,1.5,7.5,7.5,0.0,0.0,7.5,NORMAL,False,
22.09.2026,22,Salı,49981303052,00093,00093,KADİR AZAR,AMBAR,KARACABEY,07:41,17:05,08:00,17:05,"07:41, 17:05",9.4,1.5,7.5,7.5,0.0,0.0,7.5,NORMAL,False,
22.09.2026,22,Salı,27448226656,00095,00095,KAMİLE DAĞDÇELEN,AMBAR,BİGADİÇ,07:50,17:04,08:00,17:04,"07:50, 17:04",9.23,1.5,7.5,7.5,0.0,0.0,7.5,NORMAL,False,
22.09.2026,22,Salı,99656887974,00294,00294,KEFA EL HUDUR,BALIK TEMİZLEME,MKP,07:45,17:03,08:00,17:03,"07:45, 17:03",9.3,1.5,7.5,7.5,0.0,0.0,7.5,NORMAL,False,
22.09.2026,22,Salı,33067084584,00097,00097,KEMAL DURMUŞ,İŞLETME,SUSURLUK,20:15,08:03,00:00,08:03,"20:15, 08:03",11.8,0.5,7.5,7.5,0.0,0.0,7.5,NORMAL,False,
22.09.2026,22,Salı,33397029286,01327,01327,KÜBÜŞRA ALTAY,SATIN ALMA,BANDIRMA,07:46,16:58,08:00,16:58,"07:46, 16:58",9.2,1.5,7.5,7.5,0.0,0.0,7.5,NORMAL,False,
22.09.2026,22,Salı,25657430024,00199,00199,KÜRŞAT TÜRKAN,BAKIM,KARACABEY,14:11,19:06,14:11,19:06,"14:11, 19:06",4.92,0.5,4.5,4.5,0.0,0.0,4.5,NORMAL,False,
22.09.2026,22,Salı,99959615564,00200,00200,MAHMOUD ALZALEK,ELEKTRİK,SUSURLUK,20:25,07:57,00:00,07:57,"20:25, 07:57",11.53,0.5,7.5,7.5,0.0,0.0,7.5,NORMAL,False,
22.09.2026,22,Salı,20458603738,00528,00528,MAHMURE ESEN,BALIK TEMİZLEME,HALİL DİĞRENCİ,08:04,17:00,08:00,17:00,"08:04, 17:00",8.93,1.5,7.5,7.5,0.0,0.0,7.5,NORMAL,False,
22.09.2026,22,Salı,29749160806,00104,00104,MAHİR HİLMİ ULUKÖK,YENİ BALIK HATTI,SUSURLUK,07:54,19:31,08:00,19:31,"07:54, 19:31",11.62,1.5,10.0,7.5,2.5,0.0,10.0,NORMAL,False,
22.09.2026,22,Salı,54871132810,00232,00232,MAHİZER BAĞ,BALIK TEMİZLEME,KARACABEY,07:41,17:01,08:00,17:01,"07:41, 17:01",9.33,1.5,7.5,7.5,0.0,0.0,7.5,NORMAL,False,
22.09.2026,22,Salı,,01387,01387,MEHMET EMİN BATUR,,HALİL DİĞRENCİ,07:31,17:02,08:00,17:02,"07:31, 17:02",9.52,1.5,7.5,7.5,0.0,0.0,7.5,NORMAL,False,
22.09.2026,22,Salı,13876724772,00500,00500,MEHMET KARTAL,AMBAR,SUSURLUK,07:43,17:08,08:00,17:08,"07:43, 17:08",9.42,1.5,7.5,7.5,0.0,0.0,7.5,NORMAL,False,
22.09.2026,22,Salı,01345,01345,01345,MELEK CEYHAN,DİĞER,HALİL DİĞRENCİ,19:48,08:02,19:30,08:02,"19:48, 08:02",12.23,0.5,12.0,4.0,8.0,0.0,12.0,NORMAL,False,
22.09.2026,22,Salı,30181166332,00233,00233,MEMNUNE KARAMAN,BALIK TEMİZLEME,BALIKESİR,07:48,17:01,08:00,17:01,"07:48, 17:01",9.22,1.5,7.5,7.5,0.0,0.0,7.5,NORMAL,False,
22.09.2026,22,Salı,,01386,01386,MENEKŞE DURMAN,,HALİL DİĞRENCİ,07:31,20:03,08:00,20:03,"07:31, 20:03",12.53,1.5,10.5,7.5,3.0,0.0,10.5,NORMAL,False,
22.09.2026,22,Salı,28027546004,00112,00112,MESUT ERDEL,BAKIM,SUSURLUK,08:04,17:21,08:00,17:21,"08:04, 17:21",9.28,1.5,7.5,7.5,0.0,0.0,7.5,NORMAL,False,
22.09.2026,22,Salı,99248627704,00005,00005,MHD BASSEL ALZALEK,ELEKTRİK,SUSURLUK,07:42,-,07:42,17:00,07:42,7.5,1.5,7.5,7.5,0.0,0.0,7.5,ÇIKIŞ_YOK_SABAH,True,"Giriş: 07:42 | Çıkış Basılmadı (Tam Gün 7,5s yazıldı)"
22.09.2026,22,Salı,99347757876,00116,00116,MUHAMMED SAMİH SERHAN,AMBAR,GÖBEL,08:21,17:45,08:30,17:45,"08:21, 17:03, 17:45",9.4,1.5,7.5,7.0,0.5,0.0,7.5,ÇOKLU_BASIM_MIN_MAX,True,"Çoklu Basım: İlk Giriş 08:21, Son Çıkış 17:45 (7,5s)"
22.09.2026,22,Salı,23329391024,00514,00514,MUKATDES KARAMANOĞLU,BALIK TEMİZLEME,BALIKESİR,07:48,17:00,08:00,17:00,"07:48, 17:00",9.2,1.5,7.5,7.5,0.0,0.0,7.5,NORMAL,False,
22.09.2026,22,Salı,15205679746,00572,00572,MURAT YONSUL,AMBAR,GÖBEL,07:47,01:33,08:00,01:33,"07:47, 01:33",17.77,1.5,16.0,7.5,8.5,0.0,16.0,NORMAL,False,
22.09.2026,22,Salı,25621221832,00118,00118,MUSTAFA KAYA,İŞLETME,MKP,07:45,19:58,08:00,19:58,"07:45, 19:58",12.22,1.5,10.5,7.5,3.0,0.0,10.5,NORMAL,False,
22.09.2026,22,Salı,31195265912,01056,01056,MÜRVET ÇAKAN,BALIK TEMİZLEME,HALİL DİĞRENCİ,08:03,16:59,08:00,16:59,"08:03, 16:59",8.93,1.5,7.5,7.5,0.0,0.0,7.5,NORMAL,False,
22.09.2026,22,Salı,23539402008,00716,00716,MÜRVET ŞAFAK,ÜRETİM,SUSURLUK TUR-REŞAT,07:43,17:09,08:00,17:09,"07:43, 17:09",9.43,1.5,7.5,7.5,0.0,0.0,7.5,NORMAL,False,
22.09.2026,22,Salı,33124024560,00120,00120,MÜZEYYEN ERDİNÇ,BALIK TEMİZLEME,BALIKESİR,07:48,17:00,08:00,17:00,"07:48, 17:00",9.2,1.5,7.5,7.5,0.0,0.0,7.5,NORMAL,False,
22.09.2026,22,Salı,12556753194,00235,00235,NACİYE KARABULUT,BALIK TEMİZLEME,BALIKESİR,07:48,17:00,08:00,17:00,"07:48, 17:00",9.2,1.5,7.5,7.5,0.0,0.0,7.5,NORMAL,False,
22.09.2026,22,Salı,28510235804,00121,00121,NAİL AKSOY,ŞÖFÖR,SUSURLUK,15:49,00:10,15:49,00:10,"15:49, 00:10",8.35,0.5,7.5,7.5,0.0,0.0,7.5,NORMAL,False,
22.09.2026,22,Salı,38710924712,00887,00887,NECLA ABİ,BALIK TEMİZLEME,GÜVEN TURİZM,07:34,17:01,08:00,17:01,"07:34, 17:01",9.45,1.5,7.5,7.5,0.0,0.0,7.5,NORMAL,False,
22.09.2026,22,Salı,24031385950,00380,00380,NECMİ SEVER,MEYDAN,GÖBEL,07:53,16:57,08:00,16:57,"07:53, 16:57",9.07,1.5,7.5,7.5,0.0,0.0,7.5,NORMAL,False,
22.09.2026,22,Salı,21991561554,00930,00930,NECMİYE ÜÜLKER,BALIK TEMİZLEME,GÜVEN MUSTAFAKEMALPAŞA,07:54,17:02,08:00,17:02,"07:54, 17:02",9.13,1.5,7.5,7.5,0.0,0.0,7.5,NORMAL,False,
22.09.2026,22,Salı,54874132756,00974,00974,NECİFE BAĞ,BALIK TEMİZLEME,KARACABEY,07:41,17:01,08:00,17:01,"07:41, 17:01",9.33,1.5,7.5,7.5,0.0,0.0,7.5,NORMAL,False,
22.09.2026,22,Salı,14452686422,00371,00371,NESRİN GÜZEL,BALIK TEMİZLEME,BALIKESİR,07:48,16:58,08:00,16:58,"07:48, 16:58",9.17,1.5,7.5,7.5,0.0,0.0,7.5,NORMAL,False,
22.09.2026,22,Salı,17902565544,00128,00128,NURAY AVCI,YEMEKHANE,BALIKESİR,07:49,16:58,08:00,16:58,"07:49, 16:58",9.15,1.5,7.5,7.5,0.0,0.0,7.5,NORMAL,False,
22.09.2026,22,Salı,25970637896,00129,00129,NURAY ELİSÇIKIŞ,AMBAR,BALIKESİR,07:49,17:03,08:00,17:03,"07:49, 17:03",9.23,1.5,7.5,7.5,0.0,0.0,7.5,NORMAL,False,
22.09.2026,22,Salı,21478446602,00236,00236,NURCAN EREN,BALIK TEMİZLEME,BALIKESİR,07:49,16:59,08:00,16:59,"07:49, 16:58, 16:59",9.17,1.5,7.5,7.5,0.0,0.0,7.5,ÇOKLU_BASIM_MIN_MAX,True,"Çoklu Basım: İlk Giriş 07:49, Son Çıkış 16:59 (7,5s)"
22.09.2026,22,Salı,15736612786,01352,01352,NURGÜL ADIGÜL,ÜRETİM,BİGADİÇ,15:55,00:03,15:55,00:03,"15:55, 00:03",8.13,0.5,7.5,7.5,0.0,0.0,7.5,NORMAL,False,
22.09.2026,22,Salı,13318692676,01064,01064,NURGÜL PARLAS,ÜRETİM,BİGADİÇ,15:56,00:04,15:56,00:04,"15:56, 00:04",8.13,0.5,7.5,7.5,0.0,0.0,7.5,NORMAL,False,
22.09.2026,22,Salı,22186447318,00137,00137,NURTEN CAN,ÜRETİM,SUSURLUK TUR-REŞAT,07:43,19:32,08:00,19:32,"07:43, 19:32",11.82,1.5,10.0,7.5,2.5,0.0,10.0,NORMAL,False,
22.09.2026,22,Salı,27289383990,00931,00931,NURTEN ERDEM,BALIK TEMİZLEME,GÜVEN MUSTAFAKEMALPAŞA,07:55,17:02,08:00,17:02,"07:55, 17:02",9.12,1.5,7.5,7.5,0.0,0.0,7.5,NORMAL,False,
22.09.2026,22,Salı,13420739290,00003,00003,NURİ GÜLSER,KAPI GÖREVLİSİ,GÖBEL,07:46,15:57,08:00,15:57,"07:46, 15:57",8.18,0.5,7.5,7.5,0.0,0.0,7.5,NORMAL,False,
22.09.2026,22,Salı,52996654668,00237,00237,NURİYE AKKUŞ,BALIK TEMİZLEME,BANDIRMA,07:46,17:01,08:00,17:01,"07:46, 17:01",9.25,1.5,7.5,7.5,0.0,0.0,7.5,NORMAL,False,
22.09.2026,22,Salı,13189854302,00006,00006,OZAN BUĞA,BAKIM,MKP,07:40,16:56,08:00,16:56,"07:40, 16:56",9.27,1.5,7.5,7.5,0.0,0.0,7.5,NORMAL,False,
22.09.2026,22,Salı,29677146866,00238,00238,RABİYE ÇENECİOĞLU,BALIK TEMİZLEME,BALIKESİR,07:49,17:00,08:00,17:00,"07:49, 17:00",9.18,1.5,7.5,7.5,0.0,0.0,7.5,NORMAL,False,
22.09.2026,22,Salı,24022385860,01316,01316,RECEP İÇÖZ,MEYDAN,GÖBEL,07:47,16:54,08:00,16:54,"07:47, 16:54",9.12,1.5,7.5,7.5,0.0,0.0,7.5,NORMAL,False,
22.09.2026,22,Çarşamba,28108249688,00146,00146,RIDVAN DEMİRDAK,ŞÖFÖR,GÖBEL,00:02,08:29,00:00,08:29,"00:02, 08:29",8.45,0.5,8.0,7.5,0.5,0.0,8.0,NORMAL,False,
22.09.2026,22,Salı,16561742068,00842,00842,RUKİYE UZUN,BALIK TEMİZLEME,GÜVEN TURİZM,07:34,14:50,08:00,14:50,"07:34, 14:50",7.27,1.5,5.5,5.5,0.0,0.0,5.5,NORMAL,False,
22.09.2026,22,Salı,34807027090,00536,00536,SABRİ ACAR,YENİ BALIK HATTI,SUSURLUK,23:58,08:10,00:00,08:10,"23:58, 08:10",8.2,0.5,7.5,7.5,0.0,0.0,7.5,NORMAL,False,
22.09.2026,22,Salı,17335367982,01021,01021,SABİHA AKIN,ÜRETİM,HALİL DİĞRENCİ,08:04,20:02,08:00,20:02,"08:04, 20:02",11.97,1.5,10.5,7.5,3.0,0.0,10.5,NORMAL,False,
22.09.2026,22,Salı,31027151864,00147,00147,SABİHA GİRGİN,ÜRETİM,SUSURLUK TUR-REŞAT,07:42,17:07,08:00,17:07,"07:42, 17:07",9.42,1.5,7.5,7.5,0.0,0.0,7.5,NORMAL,False,
22.09.2026,22,Salı,33640164108,01130,01130,SAMET YUMİTKEN,ÜRETİM,HALİL DİĞRENCİ,08:04,20:00,08:00,20:00,"08:04, 20:00",11.93,1.5,10.5,7.5,3.0,0.0,10.5,NORMAL,False,
22.09.2026,22,Salı,16579732808,01341,01341,SANİYE AKBAY,ÜRETİM,SÇEVİKAT ÇELİK,19:47,08:02,19:30,08:02,"19:47, 08:02",12.25,0.5,12.0,4.0,12.0,4.0,16.0,BÖLÜM_PRİMLİ,False,"Üretim Primi: Fiili 12,0s -> Bonuslu 16,0s (+4,0s Prim)"
22.09.2026,22,Salı,30373124058,00149,00149,SANİYE CEYLAN,AMBAR,BİGADİÇ,07:51,17:09,08:00,17:09,"07:51, 17:09",9.3,1.5,7.5,7.5,0.0,0.0,7.5,NORMAL,False,
22.09.2026,22,Salı,14164714154,00150,00150,SARA EROĞLU,AMBAR,BALIKESİR,07:47,17:08,08:00,17:08,"07:47, 17:08",9.35,1.5,7.5,7.5,0.0,0.0,7.5,NORMAL,False,
22.09.2026,22,Salı,24178356332,00153,00153,SEHER ÖZDEN,YEMEKHANE,BALIKESİR,07:49,16:58,08:00,16:58,"07:49, 16:58",9.15,1.5,7.5,7.5,0.0,0.0,7.5,NORMAL,False,
22.09.2026,22,Salı,11248811624,00009,00009,SELAHATTİN SÖĞÜT,ŞÖFÖR,GÖBEL,07:46,18:48,08:00,18:48,"07:46, 18:48",11.03,1.5,9.0,7.5,1.5,0.0,9.0,NORMAL,False,
22.09.2026,22,Salı,19723478966,01069,01069,SELMA AYHAN,ÜRETİM,BİGADİÇ,15:55,00:04,15:55,00:04,"15:55, 00:04",8.15,0.5,7.5,7.5,0.0,0.0,7.5,NORMAL,False,
22.09.2026,22,Salı,49369567458,00559,00559,SELMA TUNÇ,BALIK TEMİZLEME,BALIKESİR,07:49,17:00,08:00,17:00,"07:49, 17:00",9.18,1.5,7.5,7.5,0.0,0.0,7.5,NORMAL,False,
22.09.2026,22,Salı,33451458564,01227,01227,SELMATA ANIK,ÜRETİM,HALİL DİĞRENCİ,19:47,21:45,19:30,21:45,"19:47, 21:45",1.97,0.0,2.0,2.0,0.0,0.0,2.0,NORMAL,False,
22.09.2026,22,Salı,,01371,01371,SELİM KIRAY,,GÜVEN MUSTAFAKEMALPAŞA,09:45,17:02,09:30,17:02,"09:45, 17:02",7.28,1.5,6.0,6.0,0.0,0.0,6.0,NORMAL,False,
22.09.2026,22,Salı,46825626414,00724,00724,SEMANUR GÜLIŞIK,FORMEN,KARACABEY,07:41,17:03,08:00,17:03,"07:41, 17:03",9.37,1.5,7.5,7.5,0.0,0.0,7.5,NORMAL,False,
22.09.2026,22,Salı,13696829374,01361,01361,SERPİL İİPEK,,HALİL DİĞRENCİ,08:04,20:04,08:00,20:04,"08:04, 20:04",12.0,1.5,10.5,7.5,3.0,0.0,10.5,NORMAL,False,
22.09.2026,22,Salı,17611699134,00884,00884,SEVİLAY DÖNMEZ,BALIK TEMİZLEME,GÜVEN TURİZM,07:34,17:03,08:00,17:03,"07:34, 17:03",9.48,1.5,7.5,7.5,0.0,0.0,7.5,NORMAL,False,
22.09.2026,22,Salı,15250777510,01063,01063,SEZAİ ÇELİK,BALIK,HALİL DİĞRENCİ,08:05,21:38,08:00,21:38,"08:05, 21:38",13.55,1.5,12.0,7.5,4.5,0.0,12.0,NORMAL,False,
22.09.2026,22,Salı,29200163070,01066,01066,SEZGİN YILDIRIM,ÜRETİM,BİGADİÇ,15:55,00:04,15:55,00:04,"15:55, 00:04",8.15,0.5,7.5,7.5,0.0,0.0,7.5,NORMAL,False,
22.09.2026,22,Salı,01370,01370,01370,SEZGİN İRGÖREN,DİĞER,GÜVEN MUSTAFAKEMALPAŞA,09:45,18:05,09:30,18:05,"09:45, 18:05",8.33,1.5,7.0,6.0,1.0,0.0,7.0,NORMAL,False,
22.09.2026,22,Salı,18847656960,00740,00740,SEÇİL ARIBOĞA,ÜRETİM,HALİL DİĞRENCİ,08:06,16:59,08:00,16:59,"08:06, 16:59",8.88,1.5,7.5,7.5,0.0,0.0,7.5,NORMAL,False,
22.09.2026,22,Salı,55963096430,00240,00240,SULTAN BAĞ,BALIK TEMİZLEME,KARACABEY,07:41,16:59,08:00,16:59,"07:41, 16:59",9.3,1.5,7.5,7.5,0.0,0.0,7.5,NORMAL,False,
22.09.2026,22,Salı,42014033940,01072,01072,SÇEVİKAT ÇELİK,ÜRETİM,SÇEVİKAT ÇELİK,-,19:46,08:00,19:46,19:46,11.77,1.5,10.0,7.5,2.5,0.0,10.0,GİRİŞ_YOK_AKŞAM,True,"Çıkış: 19:46 | Giriş Basılmadı (08:00 başı ile 10,0s korundu)"
22.09.2026,22,Salı,10582783284,00170,00170,SİBEL ÇÇAKIR,ÜRETİM,BİGADİÇ,15:55,00:06,15:55,00:06,"15:55, 00:06",8.18,0.5,7.5,7.5,0.0,0.0,7.5,NORMAL,False,
22.09.2026,22,Çarşamba,29761139378,01038,01038,TALHA YAVAŞ,KALİTE,BANDIRMA,00:08,08:15,00:00,08:15,"00:08, 08:15",8.12,0.5,7.5,7.5,0.0,0.0,7.5,NORMAL,False,
22.09.2026,22,Salı,20374606288,01047,01047,TANER BEYİRKEN,ÜRETİM,HALİL DİĞRENCİ,08:04,19:58,08:00,19:58,"08:04, 19:58",11.9,1.5,10.5,7.5,3.0,0.0,10.5,NORMAL,False,
22.09.2026,22,Salı,10705928394,00976,00976,TAYFUN GÜNCÜ,BALIK TEMİZLEME,HALİL DİĞRENCİ,08:05,17:02,08:00,17:02,"08:05, 17:02",8.95,1.5,7.5,7.5,0.0,0.0,7.5,NORMAL,False,
22.09.2026,22,Salı,13252843738,00243,00243,TAYFUN TIĞRAK,FORMEN,KARACABEY,07:45,18:03,08:00,18:03,"07:45, 18:03",10.3,1.5,8.5,7.5,1.0,0.0,8.5,NORMAL,False,
22.09.2026,22,Salı,32938871292,00183,00183,TAYFUN ÇELİK,MEYDAN,MKP,07:46,17:03,08:00,17:03,"07:46, 17:03",9.28,1.5,7.5,7.5,0.0,0.0,7.5,NORMAL,False,
22.09.2026,22,Salı,30925156292,00501,00501,TUNCAY METİN,KAPI GÖREVLİSİ,SUSURLUK,23:46,08:01,00:00,08:01,"23:46, 08:01",8.25,0.5,7.5,7.5,0.0,0.0,7.5,NORMAL,False,
22.09.2026,22,Salı,14701796544,00582,00582,YUSUF SAMAR,MUHASEBE,KARACABEY,07:47,17:08,08:00,17:08,"07:47, 17:08",9.35,1.5,7.5,7.5,0.0,0.0,7.5,NORMAL,False,
22.09.2026,22,Salı,31861120316,00191,00191,ZAHİDE GÜRBÜZ,BALIK TEMİZLEME,BALIKESİR,07:49,17:01,08:00,17:01,"07:49, 17:01",9.2,1.5,7.5,7.5,0.0,0.0,7.5,NORMAL,False,
22.09.2026,22,Salı,27560597764,01048,01048,ZAHİDE HAĞİ,BALIK TEMİZLEME,HALİL DİĞRENCİ,08:03,17:00,08:00,17:00,"08:03, 17:00",8.95,1.5,7.5,7.5,0.0,0.0,7.5,NORMAL,False,
22.09.2026,22,Salı,31552110794,00935,00935,ZAHİDE KALDEMİR,BALIK TEMİZLEME,GÜVEN MUSTAFAKEMALPAŞA,07:55,17:02,08:00,17:02,"07:55, 17:02",9.12,1.5,7.5,7.5,0.0,0.0,7.5,NORMAL,False,
22.09.2026,22,Salı,22249543988,00192,00192,ZAHİDE NEDİRLİ,KALİTE,KARACABEY,07:41,17:03,08:00,17:03,"07:41, 17:03",9.37,1.5,7.5,7.5,0.0,0.0,7.5,NORMAL,False,
22.09.2026,22,Salı,10820807680,01097,01097,ZEHRA ONUK,ÜRETİM,HALİL DİĞRENCİ,08:04,17:07,08:00,17:07,"08:04, 17:07",9.05,1.5,7.5,7.5,0.0,0.0,7.5,NORMAL,False,
22.09.2026,22,Salı,23782492962,01049,01049,ZEKİYE ŞEKER,BALIK TEMİZLEME,HALİL DİĞRENCİ,08:03,17:02,08:00,17:02,"08:03, 17:02",8.98,1.5,7.5,7.5,0.0,0.0,7.5,NORMAL,False,
22.09.2026,22,Salı,28729335166,00936,00936,ZELİHA KEİREMETÇİ,BALIK TEMİZLEME,GÜVEN MUSTAFAKEMALPAŞA,07:54,17:02,08:00,17:02,"07:54, 17:02",9.13,1.5,7.5,7.5,0.0,0.0,7.5,NORMAL,False,
22.09.2026,22,Salı,14047825472,00937,00937,ZELİHA ORUÇ,BALIK TEMİZLEME,GÜVEN MUSTAFAKEMALPAŞA,07:54,17:02,08:00,17:02,"07:54, 17:02",9.13,1.5,7.5,7.5,0.0,0.0,7.5,NORMAL,False,
22.09.2026,22,Salı,33742169780,00246,00246,ZEYNEP KURT,BALIK DOLUM,MKP,09:45,18:05,09:30,18:05,"09:45, 18:05",8.33,1.5,7.0,6.0,3.0,2.0,9.0,BÖLÜM_PRİMLİ,False,"Balık Dolum ve Kesim Primi: Fiili 7,0s -> Bonuslu 9,0s (+2,0s Prim)"
22.09.2026,22,Salı,22498412394,00765,00765,ZEYNEP ONBAŞI,YEMEKHANE,BALIKESİR,07:48,16:58,08:00,16:58,"07:48, 16:58",9.17,1.5,7.5,7.5,0.0,0.0,7.5,NORMAL,False,
22.09.2026,22,Salı,22319750032,00782,00782,ÇİDEM FİDAN,BALIK TEMİZLEME,BANDIRMA,07:46,17:01,08:00,17:01,"07:46, 17:01",9.25,1.5,7.5,7.5,0.0,0.0,7.5,NORMAL,False,
22.09.2026,22,Salı,17749594400,00033,00033,ÇİSEM BÇAKIR,KALİTE,SUSURLUK,15:49,23:59,15:49,23:59,"15:49, 23:59",8.17,0.5,7.5,7.5,0.0,0.0,7.5,NORMAL,False,
22.09.2026,22,Salı,33037193346,01349,01349,ÖMÜR SEPETÇİ,ÜRETİM,GÜVEN MUSTAFAKEMALPAŞA,07:55,21:38,08:00,21:38,"07:55, 21:38",13.72,1.5,12.0,7.5,8.5,4.0,16.0,BÖLÜM_PRİMLİ,False,"Üretim Primi: Fiili 12,0s -> Bonuslu 16,0s (+4,0s Prim)"
22.09.2026,22,Salı,27235386938,00139,00139,ÖMÜRLÜ FERİK,KAZAN,MKP,07:45,20:21,08:00,20:21,"07:45, 20:21, 21:36",12.6,1.5,10.5,7.5,3.0,0.0,10.5,ÇOKLU_BASIM_MIN_MAX,True,"Çoklu Basım: İlk Giriş 07:45, Son Çıkış 20:21 (10,5s)"
22.09.2026,22,Salı,12268777280,00185,00185,ÜMMÜ AYDOĞAN,ÜRETİM,SUSURLUK TUR-REŞAT,07:43,19:31,08:00,19:31,"07:43, 19:31",11.8,1.5,10.0,7.5,2.5,0.0,10.0,NORMAL,False,
22.09.2026,22,Salı,57541044000,01195,01195,ÜMMÜGÜLSÜM BAĞ,BALIK TEMİZLEME,KARACABEY,07:41,17:00,08:00,17:00,"07:41, 17:00",9.32,1.5,7.5,7.5,0.0,0.0,7.5,NORMAL,False,
22.09.2026,22,Salı,37075059770,01350,01350,ÜVEYS SEPETÇİ,ÜRETİM,GÜVEN MUSTAFAKEMALPAŞA,07:55,21:38,08:00,21:38,"07:55, 21:38",13.72,1.5,12.0,7.5,8.5,4.0,16.0,BÖLÜM_PRİMLİ,False,"Üretim Primi: Fiili 12,0s -> Bonuslu 16,0s (+4,0s Prim)"
22.09.2026,22,Salı,29515203096,00092,00092,İBÜŞRAHİM YILDIRIM,MEYDAN,MKP,07:46,16:54,08:00,16:54,"07:46, 16:54",9.13,1.5,7.5,7.5,0.0,0.0,7.5,NORMAL,False,
22.09.2026,22,Salı,42844787082,00783,00783,İSMAİL BARAK,BALIK KESİM,HALİL DİĞRENCİ,08:03,21:38,08:00,21:38,"08:03, 21:38",13.58,1.5,12.0,7.5,6.5,2.0,14.0,BÖLÜM_PRİMLİ,False,"Balık Dolum ve Kesim Primi: Fiili 12,0s -> Bonuslu 14,0s (+2,0s Prim)"
22.09.2026,22,Salı,25060351046,00230,00230,İSMAİL İMİR,OTOKLAV OPERATÖRÜ,SUSURLUK,07:53,17:03,08:00,17:03,"07:53, 17:03",9.17,1.5,7.5,7.5,0.0,0.0,7.5,NORMAL,False,
22.09.2026,22,Salı,37276043530,00426,00426,İİLKNUR KURDEŞ,BALIK TEMİZLEME,HALİL DİĞRENCİ,08:05,17:02,08:00,17:02,"08:05, 17:02",8.95,1.5,7.5,7.5,0.0,0.0,7.5,NORMAL,False,
22.09.2026,22,Salı,13720827796,00176,00176,ŞADİ BAŞARICI,BAKIM,KARACABEY,15:34,00:10,15:34,00:10,"15:34, 00:10",8.6,0.5,7.5,7.5,0.0,0.0,7.5,NORMAL,False,
22.09.2026,22,Salı,38233180558,00178,00178,ŞAKİR KARAKAŞ,AMBAR,BANDIRMA,07:48,17:05,08:00,17:05,"07:48, 17:05",9.28,1.5,7.5,7.5,0.0,0.0,7.5,NORMAL,False,
22.09.2026,22,Salı,25192322242,00179,00179,ŞAYİKA KOPARAN,AMBAR,BİGADİÇ,07:51,17:10,08:00,17:10,"07:51, 17:10",9.32,1.5,7.5,7.5,0.0,0.0,7.5,NORMAL,False,
22.09.2026,22,Salı,38240191356,01161,01161,ŞENGÜL ALEMİN,ÜRETİM,HALİL DİĞRENCİ,-,19:49,08:00,19:49,19:49,11.82,1.5,10.0,7.5,2.5,0.0,10.0,GİRİŞ_YOK_AKŞAM,True,"Çıkış: 19:49 | Giriş Basılmadı (08:00 başı ile 10,0s korundu)"
22.09.2026,22,Salı,10255820520,00242,00242,ŞERBANE SARAN,BALIK TEMİZLEME,BALIKESİR,07:49,16:59,08:00,16:59,"07:49, 16:59",9.17,1.5,7.5,7.5,0.0,0.0,7.5,NORMAL,False,
22.09.2026,22,Salı,,01384,01384,ŞEYMA İİPEK,,HALİL DİĞRENCİ,08:06,17:05,08:00,17:05,"08:06, 17:05",8.98,1.5,7.5,7.5,0.0,0.0,7.5,NORMAL,False,
23.09.2026,23,Çarşamba,20437654348,00206,00206,ADALET KALAYCI,BALIK TEMİZLEME,BANDIRMA,07:40,17:10,08:00,17:10,"07:40, 17:10",9.5,1.5,7.5,7.5,0.0,0.0,7.5,NORMAL,False,
23.09.2026,23,Çarşamba,18655664102,00011,00011,ADVİYE YARICI,BALIK TEMİZLEME,HALİL DİĞRENCİ,08:03,17:11,08:00,17:11,"08:03, 17:11",9.13,1.5,7.5,7.5,0.0,0.0,7.5,NORMAL,False,
23.09.2026,23,Çarşamba,23527501454,00583,00583,AHMET BEYHAN,BAKIM,KARACABEY,11:37,20:01,11:30,20:01,"11:37, 20:01",8.4,1.5,7.0,4.0,3.0,0.0,7.0,NORMAL,False,
23.09.2026,23,Çarşamba,21925456598,00830,00830,AHMET ÇÇAYLAK,AMBAR,BALIKESİR,07:44,18:08,08:00,18:08,"07:44, 18:08",10.4,1.5,8.5,7.5,1.0,0.0,8.5,NORMAL,False,
23.09.2026,23,Çarşamba,28123249472,00207,00207,AHMET ŞŞENER,MEYDAN,SUSURLUK,07:44,16:55,08:00,16:55,"07:44, 16:55",9.18,1.5,7.5,7.5,0.0,0.0,7.5,NORMAL,False,
23.09.2026,23,Çarşamba,16510742668,01154,01154,AKİF TÜRKÇÜ,BALIK TEMİZLİK,MKP,-,18:08,08:00,18:08,18:08,10.13,1.5,8.5,7.5,1.0,0.0,8.5,GİRİŞ_YOK_AKŞAM,True,"Çıkış: 18:08 | Giriş Basılmadı (08:00 başı ile 8,5s korundu)"
23.09.2026,23,Çarşamba,,01382,01382,ALİ BALTA,,HALİL DİĞRENCİ,08:07,17:05,08:00,17:05,"08:07, 17:05",8.97,1.5,7.5,7.5,0.0,0.0,7.5,NORMAL,False,
23.09.2026,23,Çarşamba,13183506030,01102,01102,ALİ EŞREF AKIN,ÜRETİM,HALİL DİĞRENCİ,08:04,20:00,08:00,20:00,"08:04, 20:00",11.93,1.5,10.5,7.5,3.0,0.0,10.5,NORMAL,False,
23.09.2026,23,Çarşamba,18394573482,00208,00208,ANIL DEMİRTAŞ,KONSERVE ÜRETİM ELEMANI,GÖBEL,16:11,23:52,16:00,23:52,"16:11, 23:52",7.68,0.5,7.5,7.5,0.0,0.0,7.5,NORMAL,False,
23.09.2026,23,Çarşamba,99320980932,00247,00247,ANUD ELMEAŞİ,BALIK TEMİZLEME,GÜVEN TURİZM,07:42,17:13,08:00,17:13,"07:42, 17:13",9.52,1.5,7.5,7.5,0.0,0.0,7.5,NORMAL,False,
23.09.2026,23,Çarşamba,28033351500,01357,01357,ARZU ÖZTÜRK,BALIK TEMİZLEME,GÜVEN MUSTAFAKEMALPAŞA,07:59,17:14,08:00,17:14,"07:59, 17:14",9.25,1.5,7.5,7.5,0.0,0.0,7.5,NORMAL,False,
23.09.2026,23,Çarşamba,12572550074,00209,00209,ASYA TİLKİ,BALIK TEMİZLEME,KARACABEY,07:45,17:13,08:00,17:13,"07:45, 17:13",9.47,1.5,7.5,7.5,0.0,0.0,7.5,NORMAL,False,
23.09.2026,23,Çarşamba,22426711476,00754,00754,AYNUR DEMİRCAN,BALIK TEMİZLEME,HALİL DİĞRENCİ,08:05,17:09,08:00,17:09,"08:05, 17:09",9.07,1.5,7.5,7.5,0.0,0.0,7.5,NORMAL,False,
23.09.2026,23,Çarşamba,,01385,01385,AYÇA KARAMAN,,HALİL DİĞRENCİ,07:30,20:08,08:00,20:08,"07:30, 20:08",12.63,1.5,10.5,7.5,3.0,0.0,10.5,NORMAL,False,
23.09.2026,23,Çarşamba,25567503092,00211,00211,AYÇA SEZER,KALİTE,BANDIRMA,07:49,18:42,08:00,18:42,"07:49, 18:42",10.88,1.5,9.0,7.5,1.5,0.0,9.0,NORMAL,False,
23.09.2026,23,Çarşamba,33253033204,00021,00021,AYŞE KURT,ÜRETİM,BİGADİÇ,15:55,00:34,15:55,00:34,"15:55, 00:34",8.65,0.5,8.0,7.5,0.5,0.0,8.0,NORMAL,False,
23.09.2026,23,Çarşamba,34120156552,00215,00215,AYŞE YILMAZ,BALIK DOLUM,MKP,07:52,18:32,08:00,18:32,"07:52, 18:32",10.67,1.5,9.0,7.5,3.5,2.0,11.0,BÖLÜM_PRİMLİ,False,"Balık Dolum ve Kesim Primi: Fiili 9,0s -> Bonuslu 11,0s (+2,0s Prim)"
23.09.2026,23,Çarşamba,25610607388,01353,01353,BAHAR FİDAN,ÜRETİM,SÇEVİKAT ÇELİK,19:31,07:59,19:30,07:59,"19:31, 07:59",12.47,0.5,12.0,4.0,12.0,4.0,16.0,BÖLÜM_PRİMLİ,False,"Üretim Primi: Fiili 12,0s -> Bonuslu 16,0s (+4,0s Prim)"
23.09.2026,23,Çarşamba,12496719380,01139,01139,BEDİA KAYMAZ,AMBAR,BİGADİÇ,07:53,18:13,08:00,18:13,"07:53, 18:13",10.33,1.5,8.5,7.5,1.0,0.0,8.5,NORMAL,False,
23.09.2026,23,Çarşamba,14725695762,00025,00025,BEHİCE YALMAN,BALIK DOLUM,GÖBEL,07:49,18:25,08:00,18:25,"07:49, 18:25",10.6,1.5,8.5,7.5,3.0,2.0,10.5,BÖLÜM_PRİMLİ,False,"Balık Dolum ve Kesim Primi: Fiili 8,5s -> Bonuslu 10,5s (+2,0s Prim)"
23.09.2026,23,Çarşamba,11206757414,00902,00902,BERK BERBER,ÇEVRE MÜHENDİSİ,BANDIRMA,07:40,17:13,08:00,17:13,"07:40, 14:44, 17:13",9.55,1.5,7.5,7.5,0.0,0.0,7.5,ÇOKLU_BASIM_MIN_MAX,True,"Çoklu Basım: İlk Giriş 07:40, Son Çıkış 17:13 (7,5s)"
23.09.2026,23,Çarşamba,25297298992,00216,00216,BETÜL TUNÇ,BALIK TEMİZLEME,BANDIRMA,07:40,17:09,08:00,17:09,"07:40, 17:09",9.48,1.5,7.5,7.5,0.0,0.0,7.5,NORMAL,False,
23.09.2026,23,Çarşamba,10201948476,01170,01170,BUKET DÖNMEZ,KALİTE,HALİL DİĞRENCİ,08:06,17:11,08:00,17:11,"08:06, 17:11",9.08,1.5,7.5,7.5,0.0,0.0,7.5,NORMAL,False,
23.09.2026,23,Çarşamba,11950763822,01348,01348,BİLGİYE TOPAL,BALIK TEMİZLEME,GÜVEN MUSTAFAKEMALPAŞA,07:58,17:09,08:00,17:09,"07:58, 17:09",9.18,1.5,7.5,7.5,0.0,0.0,7.5,NORMAL,False,
23.09.2026,23,Çarşamba,31678238334,00922,00922,CANSEL AKCAN,BALIK TEMİZLEME,GÜVEN MUSTAFAKEMALPAŞA,07:58,17:11,08:00,17:11,"07:58, 17:11",9.22,1.5,7.5,7.5,0.0,0.0,7.5,NORMAL,False,
23.09.2026,23,Çarşamba,16933572286,00030,00030,CANSEVER ÇÇAKMAK,AMBAR,BİGADİÇ,07:53,18:11,08:00,18:11,"07:53, 18:11",10.3,1.5,8.5,7.5,1.0,0.0,8.5,NORMAL,False,
23.09.2026,23,Çarşamba,33154180038,00031,00031,CEMALETTİN BEDİZCİ,BAKIM,KARACABEY,07:45,18:41,08:00,18:41,"07:45, 18:41",10.93,1.5,9.0,7.5,1.5,0.0,9.0,NORMAL,False,
23.09.2026,23,Çarşamba,17488585028,00217,00217,CEMİLE KARAN,BALIK TEMİZLEME,BALIKESİR,07:51,17:04,08:00,17:04,"07:51, 17:04",9.22,1.5,7.5,7.5,0.0,0.0,7.5,NORMAL,False,
23.09.2026,23,Çarşamba,23083367440,00320,00320,CEYDA ÖZ,KALİTE,BİGADİÇ,15:54,00:34,15:54,00:34,"15:54, 00:34",8.67,0.5,8.0,7.5,0.5,0.0,8.0,NORMAL,False,
23.09.2026,23,Çarşamba,16699736366,01330,01330,CEYLAN BATAN,BALIK TEMİZLEME,GÜVEN MUSTAFAKEMALPAŞA,07:58,17:12,08:00,17:12,"07:58, 17:12",9.23,1.5,7.5,7.5,0.0,0.0,7.5,NORMAL,False,
23.09.2026,23,Çarşamba,19313787324,00943,00943,CİHAN YILMAZ,BALIK,HALİL DİĞRENCİ,08:06,17:05,08:00,17:05,"08:06, 17:05",8.98,1.5,7.5,7.5,0.0,0.0,7.5,NORMAL,False,
23.09.2026,23,Çarşamba,24961035246,01098,01098,DUDU ÖRENGÜL,KALİTE,GÜVEN MUSTAFAKEMALPAŞA,07:58,17:09,08:00,17:09,"07:58, 17:09",9.18,1.5,7.5,7.5,0.0,0.0,7.5,NORMAL,False,
23.09.2026,23,Çarşamba,99848635024,00283,00283,DUHA EL MUFADDİ,BALIK TEMİZLEME,MKP,07:52,17:14,08:00,17:14,"07:52, 17:14",9.37,1.5,7.5,7.5,0.0,0.0,7.5,NORMAL,False,
23.09.2026,23,Çarşamba,23509358892,00386,00386,DÖNDÜ ŞAHİN,KALİTE,BANDIRMA,23:26,08:24,00:00,08:24,"23:26, 08:24",8.97,0.5,7.5,7.5,0.0,0.0,7.5,NORMAL,False,
23.09.2026,23,Çarşamba,10456937386,01362,01362,DİLEK ÇETİN,,HALİL DİĞRENCİ,08:04,17:13,08:00,17:13,"08:04, 17:13",9.15,1.5,7.5,7.5,0.0,0.0,7.5,NORMAL,False,
23.09.2026,23,Çarşamba,12562741222,00872,00872,EBRU ÖÖZALP,BALIK TEMİZLEME,BALIKESİR,07:50,17:08,08:00,17:08,"07:50, 17:08",9.3,1.5,7.5,7.5,0.0,0.0,7.5,NORMAL,False,
23.09.2026,23,Çarşamba,29563469352,00563,00563,EDİP EKİNCİ,KAZAN,SUSURLUK,20:12,07:59,00:00,07:59,"20:12, 07:59",11.78,0.5,7.5,7.5,0.0,0.0,7.5,NORMAL,False,
23.09.2026,23,Çarşamba,10066843626,00374,00374,EFE EVİM,AMBAR,BİGADİÇ,07:54,18:10,08:00,18:10,"07:54, 18:10",10.27,1.5,8.5,7.5,1.0,0.0,8.5,NORMAL,False,
23.09.2026,23,Çarşamba,14266711334,00037,00037,EFRAİM DUMAN,AMBAR,SUSURLUK,20:12,07:54,00:00,07:54,"20:12, 07:54",11.7,0.5,7.5,7.5,0.0,0.0,7.5,NORMAL,False,
23.09.2026,23,Çarşamba,16591633060,00038,00038,ELİF TUNÇ,KALİTE,BANDIRMA,07:40,17:13,08:00,17:13,"07:40, 17:13",9.55,1.5,7.5,7.5,0.0,0.0,7.5,NORMAL,False,
23.09.2026,23,Çarşamba,20266511430,00002,00002,ELİF YAVAŞ,MUHASEBE,SUSURLUK,08:06,17:03,08:00,17:03,"08:06, 17:03",8.95,1.5,7.5,7.5,0.0,0.0,7.5,NORMAL,False,
23.09.2026,23,Çarşamba,31009103096,00204,00204,EMEL SANAN,AMBAR,BİGADİÇ,07:53,18:13,08:00,18:13,"07:53, 18:13",10.33,1.5,8.5,7.5,1.0,0.0,8.5,NORMAL,False,
23.09.2026,23,Çarşamba,01377,01377,01377,EMRİCAN DURMAN,DİĞER,HALİL DİĞRENCİ,07:31,20:05,08:00,20:05,"07:31, 20:05",12.57,1.5,10.5,7.5,3.0,0.0,10.5,NORMAL,False,
23.09.2026,23,Çarşamba,12523718256,00043,00043,EMİNE BAYER,AMBAR,BİGADİÇ,07:54,18:09,08:00,18:09,"07:54, 18:09",10.25,1.5,8.5,7.5,1.0,0.0,8.5,NORMAL,False,
23.09.2026,23,Çarşamba,16111749134,01300,01300,EMİNE KARAMAN,BALIK TEMİZLEME,HALİL DİĞRENCİ,08:05,17:10,08:00,17:10,"08:05, 17:10",9.08,1.5,7.5,7.5,0.0,0.0,7.5,NORMAL,False,
23.09.2026,23,Çarşamba,12379749978,00197,00197,EMİNE SARI,YEMEKHANE,BALIKESİR,07:50,17:06,08:00,17:06,"07:50, 17:06",9.27,1.5,7.5,7.5,0.0,0.0,7.5,NORMAL,False,
23.09.2026,23,Çarşamba,45328882280,00859,00859,EMİNE YAVUZ,BALIK TEMİZLEME,GÜVEN TURİZM,07:42,17:12,08:00,17:12,"07:42, 17:12",9.5,1.5,7.5,7.5,0.0,0.0,7.5,NORMAL,False,
23.09.2026,23,Çarşamba,20503503198,00045,00045,EMİNE ÇAPAR,YEMEKHANE,GÖBEL,18:48,03:59,18:30,03:59,"18:48, 03:59",9.18,0.5,9.0,5.0,4.0,0.0,9.0,NORMAL,False,
23.09.2026,23,Çarşamba,37030668238,01180,01180,EMİNE ŞENTÜRK CİNGÖZ,BALIK TEMİZLEME,GÜVEN TURİZM,07:42,17:12,08:00,17:12,"07:42, 17:12",9.5,1.5,7.5,7.5,0.0,0.0,7.5,NORMAL,False,
23.09.2026,23,Çarşamba,10036852948,00046,00046,EMİRHAN MUTLU,BAKIM,GÖBEL,08:06,17:38,08:00,17:38,"08:06, 17:38",9.53,1.5,8.0,7.5,0.5,0.0,8.0,NORMAL,False,
23.09.2026,23,Çarşamba,29470204244,00007,00007,ENDER BİLBAY,KAPI GÖREVLİSİ,GÖBEL,16:11,23:54,16:00,23:54,"16:11, 23:54",7.72,0.5,7.5,7.5,0.0,0.0,7.5,NORMAL,False,
23.09.2026,23,Çarşamba,34795126850,01351,01351,ERCAN POLAT,BİLGİSAYAR MÜHENDİSİ,KARACABEY,07:45,17:06,08:00,17:06,"07:45, 17:06",9.35,1.5,7.5,7.5,0.0,0.0,7.5,NORMAL,False,
23.09.2026,23,Çarşamba,23131415628,00047,00047,ERDİN TETİK,MEYDAN,SUSURLUK,23:41,07:54,00:00,07:54,"23:41, 07:54",8.22,0.5,7.5,7.5,0.0,0.0,7.5,NORMAL,False,
23.09.2026,23,Çarşamba,22260441248,00198,00198,ERSİN ESER,BAKIM,GÖBEL,19:56,07:48,20:00,07:48,"07:48, 19:56",11.87,0.5,11.0,3.5,7.5,0.0,11.0,NORMAL,False,
23.09.2026,23,Çarşamba,11633067636,00221,00221,EİREMŞAH KIZILKAYA,BALIK DOLUM,GÖBEL,07:49,18:25,08:00,18:25,"07:49, 18:25",10.6,1.5,8.5,7.5,3.0,2.0,10.5,BÖLÜM_PRİMLİ,False,"Balık Dolum ve Kesim Primi: Fiili 8,5s -> Bonuslu 10,5s (+2,0s Prim)"
23.09.2026,23,Çarşamba,35183294274,00926,00926,FATMA DEMİRER,BALIK TEMİZLEME,GÜVEN MUSTAFAKEMALPAŞA,07:58,17:10,08:00,17:10,"07:58, 17:10",9.2,1.5,7.5,7.5,0.0,0.0,7.5,NORMAL,False,
23.09.2026,23,Çarşamba,32986036254,00056,00056,FATMA ÇAM,ÜRETİM,BİGADİÇ,15:54,00:34,15:54,00:34,"15:54, 00:34",8.67,0.5,8.0,7.5,0.5,0.0,8.0,NORMAL,False,
23.09.2026,23,Çarşamba,31594082608,00057,00057,FATMA ÖZÇAM,ÜRETİM,BİGADİÇ,15:54,00:34,15:54,00:34,"15:54, 00:34",8.67,0.5,8.0,7.5,0.5,0.0,8.0,NORMAL,False,
23.09.2026,23,Çarşamba,11890896888,00223,00223,FATMAGÜL ÇEKİ,BALIK DOLUM,MKP,07:52,18:32,08:00,18:32,"07:52, 18:32",10.67,1.5,9.0,7.5,3.5,2.0,11.0,BÖLÜM_PRİMLİ,False,"Balık Dolum ve Kesim Primi: Fiili 9,0s -> Bonuslu 11,0s (+2,0s Prim)"
23.09.2026,23,Çarşamba,21898406446,01065,01065,FERUDUN BAKAN,ÜRETİM,BİGADİÇ,15:54,00:26,15:54,00:26,"15:54, 00:26",8.53,0.5,8.0,7.5,0.5,0.0,8.0,NORMAL,False,
23.09.2026,23,Çarşamba,17431713232,00927,00927,FİSUN ETİLER,,GÜVEN MUSTAFAKEMALPAŞA,07:58,17:08,08:00,17:08,"07:58, 17:08",9.17,1.5,7.5,7.5,0.0,0.0,7.5,NORMAL,False,
23.09.2026,23,Çarşamba,33379057108,00423,00423,GÜLAY GÜNDOĞDU,BALIK TEMİZLEME,BALIKESİR,07:49,17:04,08:00,17:04,"07:49, 17:04",9.25,1.5,7.5,7.5,0.0,0.0,7.5,NORMAL,False,
23.09.2026,23,Çarşamba,24541318660,00065,00065,GÜLCAN BİLGİÇ,AMBAR,BİGADİÇ,07:54,18:09,08:00,18:09,"07:54, 18:09",10.25,1.5,8.5,7.5,1.0,0.0,8.5,NORMAL,False,
23.09.2026,23,Çarşamba,33211034366,00225,00225,GÜLER ÇAPKIN,BALIK TEMİZLEME,KARACABEY,07:45,17:12,08:00,17:12,"07:45, 17:12",9.45,1.5,7.5,7.5,0.0,0.0,7.5,NORMAL,False,
23.09.2026,23,Çarşamba,53689106020,00073,00073,GÜLSÜM GÖRGÜLÜ,AMBAR,BİGADİÇ,07:54,18:09,08:00,18:09,"07:54, 18:09",10.25,1.5,8.5,7.5,1.0,0.0,8.5,NORMAL,False,
23.09.2026,23,Çarşamba,45184908278,00226,00226,GÜLTEN DURMAZ,BALIK DOLUM,GÖBEL,07:49,18:25,08:00,18:25,"07:49, 18:25",10.6,1.5,8.5,7.5,3.0,2.0,10.5,BÖLÜM_PRİMLİ,False,"Balık Dolum ve Kesim Primi: Fiili 8,5s -> Bonuslu 10,5s (+2,0s Prim)"
23.09.2026,23,Çarşamba,10996768938,00071,00071,GÜLTEN GİDER,AMBAR,BİGADİÇ,07:54,18:11,08:00,18:11,"07:54, 18:11",10.28,1.5,8.5,7.5,1.0,0.0,8.5,NORMAL,False,
23.09.2026,23,Çarşamba,11593899780,00773,00773,GÜRAY PALA,BALIK KESİM,HALİL DİĞRENCİ,08:04,17:05,08:00,17:05,"08:04, 17:05",9.02,1.5,7.5,7.5,2.0,2.0,9.5,BÖLÜM_PRİMLİ,False,"Balık Dolum ve Kesim Primi: Fiili 7,5s -> Bonuslu 9,5s (+2,0s Prim)"
23.09.2026,23,Çarşamba,23638497776,00075,00075,HACER BEYHAN,BALIK TEMİZLEME,HALİL DİĞRENCİ,08:03,17:10,08:00,17:10,"08:03, 17:10",9.12,1.5,7.5,7.5,0.0,0.0,7.5,NORMAL,False,
23.09.2026,23,Çarşamba,22639531168,01078,01078,HAFİZE AVCIOĞLU,BALIK TEMİZLEME,GÜVEN TURİZM,07:42,17:09,08:00,17:09,"07:42, 17:09",9.45,1.5,7.5,7.5,0.0,0.0,7.5,NORMAL,False,
23.09.2026,23,Çarşamba,13708835836,01159,01159,HAMİT GİRGİN,BALIK TEMİZLEME,GÜVEN MUSTAFAKEMALPAŞA,07:52,17:13,08:00,17:13,"07:52, 17:13",9.35,1.5,7.5,7.5,0.0,0.0,7.5,NORMAL,False,
23.09.2026,23,Çarşamba,52240399666,01020,01020,HANDAN TOPTİK,ÜRETİM,HALİL DİĞRENCİ,08:03,20:06,08:00,20:06,"08:03, 20:06",12.05,1.5,10.5,7.5,3.0,0.0,10.5,NORMAL,False,
23.09.2026,23,Çarşamba,20290485820,01060,01060,HANİFE YILDIRIM,BALIK TEMİZLEME,BALIKESİR,07:50,17:08,08:00,17:08,"07:50, 17:08",9.3,1.5,7.5,7.5,0.0,0.0,7.5,NORMAL,False,
23.09.2026,23,Çarşamba,14779989510,00080,00080,HARUN YAHYA DURSUN,BALIK DOLUM,GÖBEL,10:14,19:26,10:00,19:26,"10:14, 19:26",9.2,1.5,8.0,5.5,4.5,2.0,10.0,BÖLÜM_PRİMLİ,False,"Balık Dolum ve Kesim Primi: Fiili 8,0s -> Bonuslu 10,0s (+2,0s Prim)"
23.09.2026,23,Çarşamba,31324091924,00084,00084,HATİCE KURT,ÜRETİM,BİGADİÇ,15:54,00:34,15:54,00:34,"15:54, 00:34",8.67,0.5,8.0,7.5,0.5,0.0,8.0,NORMAL,False,
23.09.2026,23,Çarşamba,10817807990,01096,01096,HATİCE ONUK,ÜRETİM,HALİL DİĞRENCİ,08:04,17:08,08:00,17:08,"08:04, 17:08",9.07,1.5,7.5,7.5,0.0,0.0,7.5,NORMAL,False,
23.09.2026,23,Çarşamba,33850041688,00577,00577,HATİCE SAVAŞÇI,BALIK TEMİZLEME,BALIKESİR,07:51,17:07,08:00,17:07,"07:51, 17:07",9.27,1.5,7.5,7.5,0.0,0.0,7.5,NORMAL,False,
23.09.2026,23,Çarşamba,26002427744,00227,00227,HAVVA ALPER,BALIK DOLUM,MKP,07:52,18:33,08:00,18:33,"07:52, 18:33",10.68,1.5,9.0,7.5,3.5,2.0,11.0,BÖLÜM_PRİMLİ,False,"Balık Dolum ve Kesim Primi: Fiili 9,0s -> Bonuslu 11,0s (+2,0s Prim)"
23.09.2026,23,Çarşamba,26653281238,00228,00228,HAVVA BAYRAM,BALIK TEMİZLEME,BALIKESİR,07:50,17:06,08:00,17:06,"07:50, 17:06",9.27,1.5,7.5,7.5,0.0,0.0,7.5,NORMAL,False,
23.09.2026,23,Çarşamba,33289026430,00480,00480,HÜLYA TOPAL,AMBAR,BİGADİÇ,07:53,18:13,08:00,18:13,"07:53, 18:13",10.33,1.5,8.5,7.5,1.0,0.0,8.5,NORMAL,False,
23.09.2026,23,Çarşamba,30856107820,00091,00091,HÜLYA ÜÜNAL,AMBAR,BİGADİÇ,07:53,18:13,08:00,18:13,"07:53, 18:13",10.33,1.5,8.5,7.5,1.0,0.0,8.5,NORMAL,False,
23.09.2026,23,Çarşamba,23524501518,00231,00231,KADRİYE BEYHAN,BALIK TEMİZLEME,HALİL DİĞRENCİ,08:05,17:06,08:00,17:06,"08:05, 17:06",9.02,1.5,7.5,7.5,0.0,0.0,7.5,NORMAL,False,
23.09.2026,23,Çarşamba,49981303052,00093,00093,KADİR AZAR,AMBAR,KARACABEY,07:45,17:09,08:00,17:09,"07:45, 17:09",9.4,1.5,7.5,7.5,0.0,0.0,7.5,NORMAL,False,
23.09.2026,23,Çarşamba,27448226656,00095,00095,KAMİLE DAĞDÇELEN,AMBAR,BİGADİÇ,07:54,17:59,08:00,17:59,"07:54, 17:59",10.08,1.5,8.5,7.5,1.0,0.0,8.5,NORMAL,False,
23.09.2026,23,Çarşamba,99656887974,00294,00294,KEFA EL HUDUR,BALIK TEMİZLEME,MKP,07:52,17:14,08:00,17:14,"07:52, 17:14",9.37,1.5,7.5,7.5,0.0,0.0,7.5,NORMAL,False,
23.09.2026,23,Çarşamba,33067084584,00097,00097,KEMAL DURMUŞ,İŞLETME,SUSURLUK,20:13,10:29,00:00,10:29,"20:13, 10:29",14.27,0.5,10.0,7.5,2.5,0.0,10.0,NORMAL,False,
23.09.2026,23,Çarşamba,33397029286,01327,01327,KÜBÜŞRA ALTAY,SATIN ALMA,BANDIRMA,07:40,17:05,08:00,17:05,"07:40, 17:05",9.42,1.5,7.5,7.5,0.0,0.0,7.5,NORMAL,False,
23.09.2026,23,Çarşamba,25657430024,00199,00199,KÜRŞAT TÜRKAN,BAKIM,KARACABEY,08:20,12:38,08:00,12:38,"08:20, 12:38",4.3,0.63,4.0,4.0,0.0,0.0,4.0,NORMAL,False,
23.09.2026,23,Çarşamba,99959615564,00200,00200,MAHMOUD ALZALEK,ELEKTRİK,SUSURLUK,20:12,08:00,00:00,08:00,"20:12, 08:00",11.8,0.5,7.5,7.5,0.0,0.0,7.5,NORMAL,False,
23.09.2026,23,Çarşamba,20458603738,00528,00528,MAHMURE ESEN,BALIK TEMİZLEME,HALİL DİĞRENCİ,08:02,17:09,08:00,17:09,"08:02, 17:09",9.12,1.5,7.5,7.5,0.0,0.0,7.5,NORMAL,False,
23.09.2026,23,Çarşamba,29749160806,00104,00104,MAHİR HİLMİ ULUKÖK,YENİ BALIK HATTI,SUSURLUK,08:33,16:51,08:30,16:51,"08:33, 16:51",8.3,1.5,7.0,7.0,0.0,0.0,7.0,NORMAL,False,
23.09.2026,23,Çarşamba,54871132810,00232,00232,MAHİZER BAĞ,BALIK TEMİZLEME,KARACABEY,07:45,17:14,08:00,17:14,"07:45, 17:14",9.48,1.5,7.5,7.5,0.0,0.0,7.5,NORMAL,False,
23.09.2026,23,Çarşamba,13876724772,00500,00500,MEHMET KARTAL,AMBAR,SUSURLUK,07:44,18:08,08:00,18:08,"07:44, 18:08",10.4,1.5,8.5,7.5,1.0,0.0,8.5,NORMAL,False,
23.09.2026,23,Çarşamba,30181166332,00233,00233,MEMNUNE KARAMAN,BALIK TEMİZLEME,BALIKESİR,07:49,17:06,08:00,17:06,"07:49, 17:06",9.28,1.5,7.5,7.5,0.0,0.0,7.5,NORMAL,False,
23.09.2026,23,Çarşamba,,01386,01386,MENEKŞE DURMAN,,HALİL DİĞRENCİ,07:31,20:02,08:00,20:02,"07:31, 20:02",12.52,1.5,10.5,7.5,3.0,0.0,10.5,NORMAL,False,
23.09.2026,23,Çarşamba,28027546004,00112,00112,MESUT ERDEL,BAKIM,SUSURLUK,10:47,17:36,10:30,17:36,"10:47, 17:36",6.82,1.5,5.5,5.0,0.5,0.0,5.5,NORMAL,False,
23.09.2026,23,Çarşamba,99248627704,00005,00005,MHD BASSEL ALZALEK,ELEKTRİK,SUSURLUK,07:44,-,07:44,17:00,07:44,7.5,1.5,7.5,7.5,0.0,0.0,7.5,ÇIKIŞ_YOK_SABAH,True,"Giriş: 07:44 | Çıkış Basılmadı (Tam Gün 7,5s yazıldı)"
23.09.2026,23,Çarşamba,99347757876,00116,00116,MUHAMMED SAMİH SERHAN,AMBAR,GÖBEL,20:06,08:24,00:00,08:24,"20:06, 08:24",12.3,0.5,7.5,7.5,0.0,0.0,7.5,NORMAL,False,
23.09.2026,23,Çarşamba,23329391024,00514,00514,MUKATDES KARAMANOĞLU,BALIK TEMİZLEME,BALIKESİR,07:51,17:07,08:00,17:07,"07:51, 17:07",9.27,1.5,7.5,7.5,0.0,0.0,7.5,NORMAL,False,
23.09.2026,23,Çarşamba,15205679746,00572,00572,MURAT YONSUL,AMBAR,GÖBEL,07:38,16:51,08:00,16:51,"07:38, 16:51",9.22,1.5,7.5,7.5,0.0,0.0,7.5,NORMAL,False,
23.09.2026,23,Çarşamba,25621221832,00118,00118,MUSTAFA KAYA,İŞLETME,MKP,07:53,17:05,08:00,17:05,"07:53, 17:05",9.2,1.5,7.5,7.5,0.0,0.0,7.5,NORMAL,False,
23.09.2026,23,Çarşamba,,01373,01373,MUSTAFA KURT,,HALİL DİĞRENCİ,07:44,20:17,08:00,20:17,"07:44, 20:17",12.55,1.5,10.5,7.5,3.0,0.0,10.5,NORMAL,False,
23.09.2026,23,Çarşamba,21976553468,00234,00234,MÜCAHİT ÇOLAK,BALIK TEMİZLEME,KARACABEY,07:45,17:15,08:00,17:15,"07:45, 17:15",9.5,1.5,7.5,7.5,0.0,0.0,7.5,NORMAL,False,
23.09.2026,23,Çarşamba,31195265912,01056,01056,MÜRVET ÇAKAN,BALIK TEMİZLEME,HALİL DİĞRENCİ,08:02,17:09,08:00,17:09,"08:02, 17:09",9.12,1.5,7.5,7.5,0.0,0.0,7.5,NORMAL,False,
23.09.2026,23,Çarşamba,33124024560,00120,00120,MÜZEYYEN ERDİNÇ,BALIK TEMİZLEME,BALIKESİR,07:50,17:10,08:00,17:10,"07:50, 17:10",9.33,1.5,7.5,7.5,0.0,0.0,7.5,NORMAL,False,
23.09.2026,23,Çarşamba,12556753194,00235,00235,NACİYE KARABULUT,BALIK TEMİZLEME,BALIKESİR,07:50,17:07,08:00,17:07,"07:50, 17:07",9.28,1.5,7.5,7.5,0.0,0.0,7.5,NORMAL,False,
23.09.2026,23,Çarşamba,28510235804,00121,00121,NAİL AKSOY,ŞÖFÖR,SUSURLUK,16:11,23:54,16:00,23:54,"16:11, 23:54",7.72,0.5,7.5,7.5,0.0,0.0,7.5,NORMAL,False,
23.09.2026,23,Çarşamba,38710924712,00887,00887,NECLA ABİ,BALIK TEMİZLEME,GÜVEN TURİZM,07:42,17:12,08:00,17:12,"07:42, 17:12",9.5,1.5,7.5,7.5,0.0,0.0,7.5,NORMAL,False,
23.09.2026,23,Çarşamba,24031385950,00380,00380,NECMİ SEVER,MEYDAN,GÖBEL,07:45,17:21,08:00,17:21,"07:45, 17:21",9.6,1.5,7.5,7.5,0.0,0.0,7.5,NORMAL,False,
23.09.2026,23,Çarşamba,21991561554,00930,00930,NECMİYE ÜÜLKER,BALIK TEMİZLEME,GÜVEN MUSTAFAKEMALPAŞA,07:58,17:07,08:00,17:07,"07:58, 17:07",9.15,1.5,7.5,7.5,0.0,0.0,7.5,NORMAL,False,
23.09.2026,23,Çarşamba,54874132756,00974,00974,NECİFE BAĞ,BALIK TEMİZLEME,KARACABEY,07:45,17:13,08:00,17:13,"07:45, 17:13",9.47,1.5,7.5,7.5,0.0,0.0,7.5,NORMAL,False,
23.09.2026,23,Çarşamba,14452686422,00371,00371,NESRİN GÜZEL,BALIK TEMİZLEME,BALIKESİR,07:49,17:04,08:00,17:04,"07:49, 17:04",9.25,1.5,7.5,7.5,0.0,0.0,7.5,NORMAL,False,
23.09.2026,23,Çarşamba,17902565544,00128,00128,NURAY AVCI,YEMEKHANE,BALIKESİR,07:50,17:04,08:00,17:04,"07:50, 17:04",9.23,1.5,7.5,7.5,0.0,0.0,7.5,NORMAL,False,
23.09.2026,23,Çarşamba,25970637896,00129,00129,NURAY ELİSÇIKIŞ,AMBAR,BALIKESİR,07:51,17:06,08:00,17:06,"07:51, 17:06",9.25,1.5,7.5,7.5,0.0,0.0,7.5,NORMAL,False,
23.09.2026,23,Çarşamba,21478446602,00236,00236,NURCAN EREN,BALIK TEMİZLEME,BALIKESİR,07:50,17:06,08:00,17:06,"07:50, 17:06",9.27,1.5,7.5,7.5,0.0,0.0,7.5,NORMAL,False,
23.09.2026,23,Çarşamba,15736612786,01352,01352,NURGÜL ADIGÜL,ÜRETİM,BİGADİÇ,15:55,00:33,15:55,00:33,"15:55, 00:33",8.63,0.5,8.0,7.5,0.5,0.0,8.0,NORMAL,False,
23.09.2026,23,Çarşamba,13318692676,01064,01064,NURGÜL PARLAS,ÜRETİM,BİGADİÇ,15:55,00:34,15:55,00:34,"15:55, 00:34",8.65,0.5,8.0,7.5,0.5,0.0,8.0,NORMAL,False,
23.09.2026,23,Çarşamba,22186447318,00137,00137,NURTEN CAN,ÜRETİM,SUSURLUK TUR-REŞAT,07:44,19:23,08:00,19:23,"07:44, 19:23",11.65,1.5,9.5,7.5,2.0,0.0,9.5,NORMAL,False,
23.09.2026,23,Çarşamba,27289383990,00931,00931,NURTEN ERDEM,BALIK TEMİZLEME,GÜVEN MUSTAFAKEMALPAŞA,07:58,17:12,08:00,17:12,"07:58, 17:12",9.23,1.5,7.5,7.5,0.0,0.0,7.5,NORMAL,False,
23.09.2026,23,Çarşamba,13420739290,00003,00003,NURİ GÜLSER,KAPI GÖREVLİSİ,GÖBEL,07:48,16:23,08:00,16:23,"07:48, 16:23",8.58,0.5,7.5,7.5,0.0,0.0,7.5,NORMAL,False,
23.09.2026,23,Çarşamba,52996654668,00237,00237,NURİYE AKKUŞ,BALIK TEMİZLEME,BANDIRMA,07:41,17:11,08:00,17:11,"07:41, 17:11",9.5,1.5,7.5,7.5,0.0,0.0,7.5,NORMAL,False,
23.09.2026,23,Çarşamba,13189854302,00006,00006,OZAN BUĞA,BAKIM,MKP,09:59,16:50,10:00,16:50,"09:59, 16:50",6.85,1.5,5.5,5.5,0.0,0.0,5.5,NORMAL,False,
23.09.2026,23,Çarşamba,29677146866,00238,00238,RABİYE ÇENECİOĞLU,BALIK TEMİZLEME,BALIKESİR,07:50,17:06,08:00,17:06,"07:50, 17:06",9.27,1.5,7.5,7.5,0.0,0.0,7.5,NORMAL,False,
23.09.2026,23,Çarşamba,24022385860,01316,01316,RECEP İÇÖZ,MEYDAN,GÖBEL,07:38,16:51,08:00,16:51,"07:38, 16:51",9.22,1.5,7.5,7.5,0.0,0.0,7.5,NORMAL,False,
23.09.2026,23,Çarşamba,28108249688,00146,00146,RIDVAN DEMİRDAK,ŞÖFÖR,GÖBEL,23:50,08:25,00:00,08:25,"23:50, 08:25",8.58,0.5,7.5,7.5,0.0,0.0,7.5,NORMAL,False,
23.09.2026,23,Çarşamba,16561742068,00842,00842,RUKİYE UZUN,BALIK TEMİZLEME,GÜVEN TURİZM,07:42,17:12,08:00,17:12,"07:42, 17:12",9.5,1.5,7.5,7.5,0.0,0.0,7.5,NORMAL,False,
23.09.2026,23,Çarşamba,34807027090,00536,00536,SABRİ ACAR,YENİ BALIK HATTI,SUSURLUK,23:46,07:49,00:00,07:49,"23:46, 07:49",8.05,0.5,7.5,7.5,0.0,0.0,7.5,NORMAL,False,
23.09.2026,23,Çarşamba,31027151864,00147,00147,SABİHA GİRGİN,ÜRETİM,SUSURLUK TUR-REŞAT,07:44,19:23,08:00,19:23,"07:44, 19:23",11.65,1.5,9.5,7.5,2.0,0.0,9.5,NORMAL,False,
23.09.2026,23,Çarşamba,33640164108,01130,01130,SAMET YUMİTKEN,ÜRETİM,HALİL DİĞRENCİ,08:04,-,08:04,17:00,08:04,7.5,1.5,7.5,7.5,0.0,0.0,7.5,ÇIKIŞ_YOK_SABAH,True,"Giriş: 08:04 | Çıkış Basılmadı (Tam Gün 7,5s yazıldı)"
23.09.2026,23,Çarşamba,30373124058,00149,00149,SANİYE CEYLAN,AMBAR,BİGADİÇ,07:54,18:08,08:00,18:08,"07:54, 18:08",10.23,1.5,8.5,7.5,1.0,0.0,8.5,NORMAL,False,
23.09.2026,23,Çarşamba,14164714154,00150,00150,SARA EROĞLU,AMBAR,BALIKESİR,07:49,18:08,08:00,18:08,"07:49, 18:08",10.32,1.5,8.5,7.5,1.0,0.0,8.5,NORMAL,False,
23.09.2026,23,Çarşamba,24178356332,00153,00153,SEHER ÖZDEN,YEMEKHANE,BALIKESİR,07:50,17:05,08:00,17:05,"07:50, 17:05",9.25,1.5,7.5,7.5,0.0,0.0,7.5,NORMAL,False,
23.09.2026,23,Çarşamba,11248811624,00009,00009,SELAHATTİN SÖĞÜT,ŞÖFÖR,GÖBEL,07:49,20:43,08:00,20:43,"07:49, 20:43",12.9,1.5,11.0,7.5,3.5,0.0,11.0,NORMAL,False,
23.09.2026,23,Çarşamba,19723478966,01069,01069,SELMA AYHAN,ÜRETİM,BİGADİÇ,15:54,00:34,15:54,00:34,"15:54, 00:34",8.67,0.5,8.0,7.5,0.5,0.0,8.0,NORMAL,False,
23.09.2026,23,Çarşamba,49369567458,00559,00559,SELMA TUNÇ,BALIK TEMİZLEME,BALIKESİR,07:50,17:08,08:00,17:08,"07:50, 17:08",9.3,1.5,7.5,7.5,0.0,0.0,7.5,NORMAL,False,
23.09.2026,23,Çarşamba,,01371,01371,SELİM KIRAY,,GÜVEN MUSTAFAKEMALPAŞA,07:53,18:32,08:00,18:32,"07:53, 18:32",10.65,1.5,9.0,7.5,1.5,0.0,9.0,NORMAL,False,
23.09.2026,23,Çarşamba,46825626414,00724,00724,SEMANUR GÜLIŞIK,FORMEN,KARACABEY,07:45,17:06,08:00,17:06,"07:45, 17:06",9.35,1.5,7.5,7.5,0.0,0.0,7.5,NORMAL,False,
23.09.2026,23,Çarşamba,16231745504,01129,01129,SERKAN YUMİTKEN,ÜRETİM,HALİL DİĞRENCİ,08:04,20:05,08:00,20:05,"08:04, 20:05",12.02,1.5,10.5,7.5,3.0,0.0,10.5,NORMAL,False,
23.09.2026,23,Çarşamba,13696829374,01361,01361,SERPİL İİPEK,,HALİL DİĞRENCİ,08:04,20:08,08:00,20:08,"08:04, 20:08",12.07,1.5,10.5,7.5,3.0,0.0,10.5,NORMAL,False,
23.09.2026,23,Çarşamba,17611699134,00884,00884,SEVİLAY DÖNMEZ,BALIK TEMİZLEME,GÜVEN TURİZM,07:42,17:15,08:00,17:15,"07:42, 17:15",9.55,1.5,7.5,7.5,0.0,0.0,7.5,NORMAL,False,
23.09.2026,23,Çarşamba,29200163070,01066,01066,SEZGİN YILDIRIM,ÜRETİM,BİGADİÇ,15:54,00:33,15:54,00:33,"15:54, 00:33",8.65,0.5,8.0,7.5,0.5,0.0,8.0,NORMAL,False,
23.09.2026,23,Çarşamba,01370,01370,01370,SEZGİN İRGÖREN,DİĞER,GÜVEN MUSTAFAKEMALPAŞA,07:52,18:33,08:00,18:33,"07:52, 18:33",10.68,1.5,9.0,7.5,1.5,0.0,9.0,NORMAL,False,
23.09.2026,23,Çarşamba,18847656960,00740,00740,SEÇİL ARIBOĞA,ÜRETİM,HALİL DİĞRENCİ,08:04,20:06,08:00,20:06,"08:04, 20:06",12.03,1.5,10.5,7.5,3.0,0.0,10.5,NORMAL,False,
23.09.2026,23,Çarşamba,55963096430,00240,00240,SULTAN BAĞ,BALIK TEMİZLEME,KARACABEY,07:45,17:14,08:00,17:14,"07:45, 17:14",9.48,1.5,7.5,7.5,0.0,0.0,7.5,NORMAL,False,
23.09.2026,23,Çarşamba,42014033940,01072,01072,SÇEVİKAT ÇELİK,ÜRETİM,SÇEVİKAT ÇELİK,-,19:31,08:00,19:31,19:31,11.52,1.5,10.0,7.5,2.5,0.0,10.0,GİRİŞ_YOK_AKŞAM,True,"Çıkış: 19:31 | Giriş Basılmadı (08:00 başı ile 10,0s korundu)"
23.09.2026,23,Çarşamba,10582783284,00170,00170,SİBEL ÇÇAKIR,ÜRETİM,BİGADİÇ,15:54,00:34,15:54,00:34,"15:54, 00:34",8.67,0.5,8.0,7.5,0.5,0.0,8.0,NORMAL,False,
23.09.2026,23,Çarşamba,29761139378,01038,01038,TALHA YAVAŞ,KALİTE,BANDIRMA,23:26,08:24,00:00,08:24,"23:26, 08:24",8.97,0.5,7.5,7.5,0.0,0.0,7.5,NORMAL,False,
23.09.2026,23,Çarşamba,10705928394,00976,00976,TAYFUN GÜNCÜ,BALIK TEMİZLEME,HALİL DİĞRENCİ,08:04,17:11,08:00,17:11,"08:04, 17:11",9.12,1.5,7.5,7.5,0.0,0.0,7.5,NORMAL,False,
23.09.2026,23,Çarşamba,13252843738,00243,00243,TAYFUN TIĞRAK,FORMEN,KARACABEY,07:45,18:45,08:00,18:45,"07:45, 18:45",11.0,1.5,9.0,7.5,1.5,0.0,9.0,NORMAL,False,
23.09.2026,23,Çarşamba,32938871292,00183,00183,TAYFUN ÇELİK,MEYDAN,MKP,07:52,-,07:52,17:00,07:52,7.5,1.5,7.5,7.5,0.0,0.0,7.5,ÇIKIŞ_YOK_SABAH,True,"Giriş: 07:52 | Çıkış Basılmadı (Tam Gün 7,5s yazıldı)"
23.09.2026,23,Çarşamba,30925156292,00501,00501,TUNCAY METİN,KAPI GÖREVLİSİ,SUSURLUK,23:41,07:57,00:00,07:57,"23:41, 07:57",8.27,0.5,7.5,7.5,0.0,0.0,7.5,NORMAL,False,
23.09.2026,23,Çarşamba,14701796544,00582,00582,YUSUF SAMAR,MUHASEBE,KARACABEY,07:45,17:07,08:00,17:07,"07:45, 17:07",9.37,1.5,7.5,7.5,0.0,0.0,7.5,NORMAL,False,
23.09.2026,23,Çarşamba,10528936408,01364,01364,YUSUF ÇETİN,,HALİL DİĞRENCİ,08:06,17:05,08:00,17:05,"08:06, 17:05",8.98,1.5,7.5,7.5,0.0,0.0,7.5,NORMAL,False,
23.09.2026,23,Çarşamba,31861120316,00191,00191,ZAHİDE GÜRBÜZ,BALIK TEMİZLEME,BALIKESİR,07:51,17:07,08:00,17:07,"07:51, 17:07",9.27,1.5,7.5,7.5,0.0,0.0,7.5,NORMAL,False,
23.09.2026,23,Çarşamba,27560597764,01048,01048,ZAHİDE HAĞİ,BALIK TEMİZLEME,HALİL DİĞRENCİ,08:03,17:12,08:00,17:12,"08:03, 17:12",9.15,1.5,7.5,7.5,0.0,0.0,7.5,NORMAL,False,
23.09.2026,23,Çarşamba,31552110794,00935,00935,ZAHİDE KALDEMİR,BALIK TEMİZLEME,GÜVEN MUSTAFAKEMALPAŞA,07:58,17:12,08:00,17:12,"07:58, 17:12",9.23,1.5,7.5,7.5,0.0,0.0,7.5,NORMAL,False,
23.09.2026,23,Çarşamba,22249543988,00192,00192,ZAHİDE NEDİRLİ,KALİTE,KARACABEY,07:45,20:04,08:00,20:04,"07:45, 20:04",12.32,1.5,10.5,7.5,3.0,0.0,10.5,NORMAL,False,
23.09.2026,23,Çarşamba,10820807680,01097,01097,ZEHRA ONUK,ÜRETİM,HALİL DİĞRENCİ,08:04,17:09,08:00,17:09,"08:04, 17:09",9.08,1.5,7.5,7.5,0.0,0.0,7.5,NORMAL,False,
23.09.2026,23,Çarşamba,23782492962,01049,01049,ZEKİYE ŞEKER,BALIK TEMİZLEME,HALİL DİĞRENCİ,08:03,17:10,08:00,17:10,"08:03, 17:10",9.12,1.5,7.5,7.5,0.0,0.0,7.5,NORMAL,False,
23.09.2026,23,Çarşamba,28729335166,00936,00936,ZELİHA KEİREMETÇİ,BALIK TEMİZLEME,GÜVEN MUSTAFAKEMALPAŞA,07:58,17:14,08:00,17:14,"07:58, 17:14",9.27,1.5,7.5,7.5,0.0,0.0,7.5,NORMAL,False,
23.09.2026,23,Çarşamba,14047825472,00937,00937,ZELİHA ORUÇ,BALIK TEMİZLEME,GÜVEN MUSTAFAKEMALPAŞA,07:58,17:11,08:00,17:11,"07:58, 17:11",9.22,1.5,7.5,7.5,0.0,0.0,7.5,NORMAL,False,
23.09.2026,23,Çarşamba,24289352612,00244,00244,ZEYNEP KARAMAN,BALIK TEMİZLEME,BALIKESİR,07:49,17:06,08:00,17:06,"07:49, 17:06",9.28,1.5,7.5,7.5,0.0,0.0,7.5,NORMAL,False,
23.09.2026,23,Çarşamba,33742169780,00246,00246,ZEYNEP KURT,BALIK DOLUM,MKP,07:52,18:33,08:00,18:33,"07:52, 18:33",10.68,1.5,9.0,7.5,3.5,2.0,11.0,BÖLÜM_PRİMLİ,False,"Balık Dolum ve Kesim Primi: Fiili 9,0s -> Bonuslu 11,0s (+2,0s Prim)"
23.09.2026,23,Çarşamba,22498412394,00765,00765,ZEYNEP ONBAŞI,YEMEKHANE,BALIKESİR,07:50,17:04,08:00,17:04,"07:50, 17:04",9.23,1.5,7.5,7.5,0.0,0.0,7.5,NORMAL,False,
23.09.2026,23,Çarşamba,22319750032,00782,00782,ÇİDEM FİDAN,BALIK TEMİZLEME,BANDIRMA,07:41,17:12,08:00,17:12,"07:41, 17:12",9.52,1.5,7.5,7.5,0.0,0.0,7.5,NORMAL,False,
23.09.2026,23,Çarşamba,33037193346,01349,01349,ÖMÜR SEPETÇİ,ÜRETİM,GÜVEN MUSTAFAKEMALPAŞA,07:59,17:05,08:00,17:05,"07:59, 17:05",9.1,1.5,7.5,7.5,0.0,0.0,7.5,NORMAL,False,
23.09.2026,23,Çarşamba,27235386938,00139,00139,ÖMÜRLÜ FERİK,KAZAN,MKP,07:43,-,07:43,17:00,"07:43, 17:13",7.5,1.5,7.5,7.5,0.0,0.0,7.5,ÇIKIŞ_YOK_SABAH,True,"Giriş: 07:43 | Çıkış Basılmadı (Tam Gün 7,5s yazıldı)"
23.09.2026,23,Çarşamba,12268777280,00185,00185,ÜMMÜ AYDOĞAN,ÜRETİM,SUSURLUK TUR-REŞAT,07:44,19:21,08:00,19:21,"07:44, 19:21",11.62,1.5,9.5,7.5,2.0,0.0,9.5,NORMAL,False,
23.09.2026,23,Çarşamba,57541044000,01195,01195,ÜMMÜGÜLSÜM BAĞ,BALIK TEMİZLEME,KARACABEY,07:45,17:14,08:00,17:14,"07:45, 17:14",9.48,1.5,7.5,7.5,0.0,0.0,7.5,NORMAL,False,
23.09.2026,23,Çarşamba,37075059770,01350,01350,ÜVEYS SEPETÇİ,ÜRETİM,GÜVEN MUSTAFAKEMALPAŞA,07:59,17:05,08:00,17:05,"07:59, 17:05",9.1,1.5,7.5,7.5,0.0,0.0,7.5,NORMAL,False,
23.09.2026,23,Çarşamba,29515203096,00092,00092,İBÜŞRAHİM YILDIRIM,MEYDAN,MKP,07:52,16:51,08:00,16:51,"07:52, 16:51",8.98,1.5,7.5,7.5,0.0,0.0,7.5,NORMAL,False,
23.09.2026,23,Çarşamba,42844787082,00783,00783,İSMAİL BARAK,BALIK KESİM,HALİL DİĞRENCİ,08:04,17:09,08:00,17:09,"08:04, 17:09",9.08,1.5,7.5,7.5,2.0,2.0,9.5,BÖLÜM_PRİMLİ,False,"Balık Dolum ve Kesim Primi: Fiili 7,5s -> Bonuslu 9,5s (+2,0s Prim)"
23.09.2026,23,Çarşamba,25060351046,00230,00230,İSMAİL İMİR,OTOKLAV OPERATÖRÜ,SUSURLUK,08:33,-,08:33,17:00,08:33,7.5,1.5,7.5,7.5,0.0,0.0,7.5,ÇIKIŞ_YOK_SABAH,True,"Giriş: 08:33 | Çıkış Basılmadı (Tam Gün 7,5s yazıldı)"
23.09.2026,23,Çarşamba,37276043530,00426,00426,İİLKNUR KURDEŞ,BALIK TEMİZLEME,HALİL DİĞRENCİ,08:06,17:15,08:00,17:15,"08:06, 17:15",9.15,1.5,7.5,7.5,0.0,0.0,7.5,NORMAL,False,
23.09.2026,23,Çarşamba,13720827796,00176,00176,ŞADİ BAŞARICI,BAKIM,KARACABEY,15:20,23:54,15:20,23:54,"15:20, 23:54",8.57,0.5,8.0,8.0,0.0,0.0,8.0,NORMAL,False,
23.09.2026,23,Çarşamba,38233180558,00178,00178,ŞAKİR KARAKAŞ,AMBAR,BANDIRMA,07:52,17:10,08:00,17:10,"07:52, 17:10",9.3,1.5,7.5,7.5,0.0,0.0,7.5,NORMAL,False,
23.09.2026,23,Çarşamba,25192322242,00179,00179,ŞAYİKA KOPARAN,AMBAR,BİGADİÇ,07:54,18:08,08:00,18:08,"07:54, 18:08",10.23,1.5,8.5,7.5,1.0,0.0,8.5,NORMAL,False,
23.09.2026,23,Çarşamba,38240191356,01161,01161,ŞENGÜL ALEMİN,ÜRETİM,HALİL DİĞRENCİ,-,19:32,08:00,19:32,19:32,11.53,1.5,10.0,7.5,2.5,0.0,10.0,GİRİŞ_YOK_AKŞAM,True,"Çıkış: 19:32 | Giriş Basılmadı (08:00 başı ile 10,0s korundu)"
23.09.2026,23,Çarşamba,10255820520,00242,00242,ŞERBANE SARAN,BALIK TEMİZLEME,BALIKESİR,07:51,17:08,08:00,17:08,"07:51, 17:08",9.28,1.5,7.5,7.5,0.0,0.0,7.5,NORMAL,False,
23.09.2026,23,Çarşamba,,01384,01384,ŞEYMA İİPEK,,HALİL DİĞRENCİ,08:06,17:08,08:00,17:08,"08:06, 17:08",9.03,1.5,7.5,7.5,0.0,0.0,7.5,NORMAL,False,
24.09.2026,24,Perşembe,18655664102,00011,00011,ADVİYE YARICI,BALIK TEMİZLEME,HALİL DİĞRENCİ,08:00,17:27,08:00,17:27,"08:00, 17:27",9.45,1.5,8.0,7.5,0.5,0.0,8.0,NORMAL,False,
24.09.2026,24,Perşembe,23527501454,00583,00583,AHMET BEYHAN,BAKIM,KARACABEY,08:00,20:03,08:00,20:03,"08:00, 20:03",12.05,1.5,10.5,7.5,3.0,0.0,10.5,NORMAL,False,
24.09.2026,24,Perşembe,21925456598,00830,00830,AHMET ÇÇAYLAK,AMBAR,BALIKESİR,07:49,17:07,08:00,17:07,"07:49, 17:07",9.3,1.5,7.5,7.5,0.0,0.0,7.5,NORMAL,False,
24.09.2026,24,Perşembe,16510742668,01154,01154,AKİF TÜRKÇÜ,BALIK TEMİZLİK,MKP,-,18:20,08:00,18:20,18:20,10.33,1.5,8.5,7.5,1.0,0.0,8.5,GİRİŞ_YOK_AKŞAM,True,"Çıkış: 18:20 | Giriş Basılmadı (08:00 başı ile 8,5s korundu)"
24.09.2026,24,Perşembe,,01382,01382,ALİ BALTA,,HALİL DİĞRENCİ,08:04,17:20,08:00,17:20,"08:04, 17:20",9.27,1.5,7.5,7.5,0.0,0.0,7.5,NORMAL,False,
24.09.2026,24,Perşembe,13183506030,01102,01102,ALİ EŞREF AKIN,ÜRETİM,HALİL DİĞRENCİ,08:02,20:01,08:00,20:01,"08:02, 20:01",11.98,1.5,10.5,7.5,3.0,0.0,10.5,NORMAL,False,
24.09.2026,24,Perşembe,18394573482,00208,00208,ANIL DEMİRTAŞ,KONSERVE ÜRETİM ELEMANI,GÖBEL,16:07,23:59,16:00,23:59,"16:07, 23:59",7.87,0.5,7.5,7.5,0.0,0.0,7.5,NORMAL,False,
24.09.2026,24,Perşembe,28336192374,00308,00308,ARZU KILA,AMBAR,BİGADİÇ,07:52,17:06,08:00,17:06,"07:52, 17:06",9.23,1.5,7.5,7.5,0.0,0.0,7.5,NORMAL,False,
24.09.2026,24,Perşembe,28033351500,01357,01357,ARZU ÖZTÜRK,BALIK TEMİZLEME,GÜVEN MUSTAFAKEMALPAŞA,07:59,17:28,08:00,17:28,"07:59, 17:28",9.48,1.5,8.0,7.5,0.5,0.0,8.0,NORMAL,False,
24.09.2026,24,Perşembe,24709461474,00894,00894,ASLI BAYRAKTAR,BALIK DOLUM,GÜVEN TURİZM,07:36,17:29,08:00,17:29,"07:36, 17:29",9.88,1.5,8.0,7.5,2.5,2.0,10.0,BÖLÜM_PRİMLİ,False,"Balık Dolum ve Kesim Primi: Fiili 8,0s -> Bonuslu 10,0s (+2,0s Prim)"
24.09.2026,24,Perşembe,12572550074,00209,00209,ASYA TİLKİ,BALIK TEMİZLEME,KARACABEY,07:49,17:28,08:00,17:28,"07:49, 17:28",9.65,1.5,8.0,7.5,0.5,0.0,8.0,NORMAL,False,
24.09.2026,24,Perşembe,22426711476,00754,00754,AYNUR DEMİRCAN,BALIK TEMİZLEME,HALİL DİĞRENCİ,08:03,17:27,08:00,17:27,"08:03, 17:27",9.4,1.5,8.0,7.5,0.5,0.0,8.0,NORMAL,False,
24.09.2026,24,Perşembe,,01385,01385,AYÇA KARAMAN,,HALİL DİĞRENCİ,07:27,17:13,08:00,17:13,"07:27, 17:13",9.77,1.5,7.5,7.5,0.0,0.0,7.5,NORMAL,False,
24.09.2026,24,Perşembe,25567503092,00211,00211,AYÇA SEZER,KALİTE,BANDIRMA,07:42,17:28,08:00,17:28,"07:42, 17:28",9.77,1.5,8.0,7.5,0.5,0.0,8.0,NORMAL,False,
24.09.2026,24,Perşembe,33253033204,00021,00021,AYŞE KURT,ÜRETİM,BİGADİÇ,15:52,01:14,15:52,01:14,"15:52, 01:14",9.37,0.5,8.5,7.5,1.0,0.0,8.5,NORMAL,False,
24.09.2026,24,Perşembe,34120156552,00215,00215,AYŞE YILMAZ,BALIK DOLUM,MKP,07:52,17:47,08:00,17:47,"07:52, 17:47",9.92,1.5,8.0,7.5,2.5,2.0,10.0,BÖLÜM_PRİMLİ,False,"Balık Dolum ve Kesim Primi: Fiili 8,0s -> Bonuslu 10,0s (+2,0s Prim)"
24.09.2026,24,Perşembe,11284759850,00018,00018,AYŞE ÇENECİOĞLU,AMBAR,BİGADİÇ,07:52,17:14,08:00,17:14,"07:52, 17:14",9.37,1.5,7.5,7.5,0.0,0.0,7.5,NORMAL,False,
24.09.2026,24,Perşembe,25610607388,01353,01353,BAHAR FİDAN,ÜRETİM,SÇEVİKAT ÇELİK,19:34,07:58,19:30,07:58,"19:34, 07:58",12.4,0.5,12.0,4.0,12.0,4.0,16.0,BÖLÜM_PRİMLİ,False,"Üretim Primi: Fiili 12,0s -> Bonuslu 16,0s (+4,0s Prim)"
24.09.2026,24,Perşembe,12496719380,01139,01139,BEDİA KAYMAZ,AMBAR,BİGADİÇ,07:51,17:09,08:00,17:09,"07:51, 17:09",9.3,1.5,7.5,7.5,0.0,0.0,7.5,NORMAL,False,
24.09.2026,24,Perşembe,14725695762,00025,00025,BEHİCE YALMAN,BALIK DOLUM,GÖBEL,07:43,17:46,08:00,17:46,"07:43, 17:46",10.05,1.5,8.0,7.5,2.5,2.0,10.0,BÖLÜM_PRİMLİ,False,"Balık Dolum ve Kesim Primi: Fiili 8,0s -> Bonuslu 10,0s (+2,0s Prim)"
24.09.2026,24,Perşembe,11206757414,00902,00902,BERK BERBER,ÇEVRE MÜHENDİSİ,BANDIRMA,07:42,17:30,08:00,17:30,"07:42, 17:30",9.8,1.5,8.0,7.5,0.5,0.0,8.0,NORMAL,False,
24.09.2026,24,Perşembe,25297298992,00216,00216,BETÜL TUNÇ,BALIK TEMİZLEME,BANDIRMA,07:42,17:28,08:00,17:28,"07:42, 17:28",9.77,1.5,8.0,7.5,0.5,0.0,8.0,NORMAL,False,
24.09.2026,24,Perşembe,10201948476,01170,01170,BUKET DÖNMEZ,KALİTE,HALİL DİĞRENCİ,08:00,20:05,08:00,20:05,"08:00, 20:05",12.08,1.5,10.5,7.5,3.0,0.0,10.5,NORMAL,False,
24.09.2026,24,Perşembe,11950763822,01348,01348,BİLGİYE TOPAL,BALIK TEMİZLEME,GÜVEN MUSTAFAKEMALPAŞA,07:58,17:22,08:00,17:22,"07:58, 17:22",9.4,1.5,7.5,7.5,0.0,0.0,7.5,NORMAL,False,
24.09.2026,24,Perşembe,31678238334,00922,00922,CANSEL AKCAN,BALIK TEMİZLEME,GÜVEN MUSTAFAKEMALPAŞA,07:58,17:28,08:00,17:28,"07:58, 17:28",9.5,1.5,8.0,7.5,0.5,0.0,8.0,NORMAL,False,
24.09.2026,24,Perşembe,16933572286,00030,00030,CANSEVER ÇÇAKMAK,AMBAR,BİGADİÇ,07:52,17:14,08:00,17:14,"07:52, 17:14",9.37,1.5,7.5,7.5,0.0,0.0,7.5,NORMAL,False,
24.09.2026,24,Perşembe,33154180038,00031,00031,CEMALETTİN BEDİZCİ,BAKIM,KARACABEY,07:47,18:09,08:00,18:09,"07:47, 18:09",10.37,1.5,8.5,7.5,1.0,0.0,8.5,NORMAL,False,
24.09.2026,24,Perşembe,17488585028,00217,00217,CEMİLE KARAN,BALIK TEMİZLEME,BALIKESİR,07:48,17:19,08:00,17:19,"07:48, 17:19",9.52,1.5,7.5,7.5,0.0,0.0,7.5,NORMAL,False,
24.09.2026,24,Perşembe,23083367440,00320,00320,CEYDA ÖZ,KALİTE,BİGADİÇ,15:51,01:10,15:51,01:10,"15:51, 01:10",9.32,0.5,8.5,7.5,1.0,0.0,8.5,NORMAL,False,
24.09.2026,24,Perşembe,19313787324,00943,00943,CİHAN YILMAZ,BALIK,HALİL DİĞRENCİ,08:04,17:21,08:00,17:21,"08:04, 08:05, 17:21",9.28,1.5,7.5,7.5,0.0,0.0,7.5,ÇOKLU_BASIM_MIN_MAX,True,"Çoklu Basım: İlk Giriş 08:04, Son Çıkış 17:21 (7,5s)"
24.09.2026,24,Perşembe,,01378,01378,DEMİRHAN GÖKGÖZ,,HALİL DİĞRENCİ,08:02,20:05,08:00,20:05,"08:02, 20:05",12.05,1.5,10.5,7.5,3.0,0.0,10.5,NORMAL,False,
24.09.2026,24,Perşembe,24961035246,01098,01098,DUDU ÖRENGÜL,KALİTE,GÜVEN MUSTAFAKEMALPAŞA,07:58,17:21,08:00,17:21,"07:58, 17:21",9.38,1.5,7.5,7.5,0.0,0.0,7.5,NORMAL,False,
24.09.2026,24,Perşembe,99848635024,00283,00283,DUHA EL MUFADDİ,BALIK TEMİZLEME,MKP,07:52,17:46,08:00,17:46,"07:52, 17:46",9.9,1.5,8.0,7.5,0.5,0.0,8.0,NORMAL,False,
24.09.2026,24,Perşembe,23509358892,00386,00386,DÖNDÜ ŞAHİN,KALİTE,BANDIRMA,23:25,08:14,00:00,08:14,"23:25, 08:14",8.82,0.5,7.5,7.5,0.0,0.0,7.5,NORMAL,False,
24.09.2026,24,Perşembe,10456937386,01362,01362,DİLEK ÇETİN,,HALİL DİĞRENCİ,08:02,20:04,08:00,20:04,"08:02, 20:04",12.03,1.5,10.5,7.5,3.0,0.0,10.5,NORMAL,False,
24.09.2026,24,Perşembe,12562741222,00872,00872,EBRU ÖÖZALP,BALIK TEMİZLEME,BALIKESİR,07:48,17:23,08:00,17:23,"07:48, 17:23",9.58,1.5,7.5,7.5,0.0,0.0,7.5,NORMAL,False,
24.09.2026,24,Perşembe,29563469352,00563,00563,EDİP EKİNCİ,KAZAN,SUSURLUK,20:11,07:52,00:00,07:52,"20:11, 07:52",11.68,0.5,7.5,7.5,0.0,0.0,7.5,NORMAL,False,
24.09.2026,24,Perşembe,14266711334,00037,00037,EFRAİM DUMAN,AMBAR,SUSURLUK,20:11,07:54,00:00,07:54,"20:11, 07:54",11.72,0.5,7.5,7.5,0.0,0.0,7.5,NORMAL,False,
24.09.2026,24,Perşembe,16591633060,00038,00038,ELİF TUNÇ,KALİTE,BANDIRMA,07:42,17:30,08:00,17:30,"07:42, 17:30",9.8,1.5,8.0,7.5,0.5,0.0,8.0,NORMAL,False,
24.09.2026,24,Perşembe,20266511430,00002,00002,ELİF YAVAŞ,MUHASEBE,SUSURLUK,08:03,17:08,08:00,17:08,"08:03, 17:08",9.08,1.5,7.5,7.5,0.0,0.0,7.5,NORMAL,False,
24.09.2026,24,Perşembe,31009103096,00204,00204,EMEL SANAN,AMBAR,BİGADİÇ,07:51,17:09,08:00,17:09,"07:51, 17:09",9.3,1.5,7.5,7.5,0.0,0.0,7.5,NORMAL,False,
24.09.2026,24,Perşembe,01377,01377,01377,EMRİCAN DURMAN,DİĞER,HALİL DİĞRENCİ,07:27,20:05,08:00,20:05,"07:27, 20:05",12.63,1.5,10.5,7.5,3.0,0.0,10.5,NORMAL,False,
24.09.2026,24,Perşembe,12523718256,00043,00043,EMİNE BAYER,AMBAR,BİGADİÇ,07:52,17:12,08:00,17:12,"07:52, 17:12",9.33,1.5,7.5,7.5,0.0,0.0,7.5,NORMAL,False,
24.09.2026,24,Perşembe,16111749134,01300,01300,EMİNE KARAMAN,BALIK TEMİZLEME,HALİL DİĞRENCİ,08:03,17:27,08:00,17:27,"08:03, 17:27",9.4,1.5,8.0,7.5,0.5,0.0,8.0,NORMAL,False,
24.09.2026,24,Perşembe,12379749978,00197,00197,EMİNE SARI,YEMEKHANE,BALIKESİR,07:47,17:19,08:00,17:19,"07:47, 17:19",9.53,1.5,7.5,7.5,0.0,0.0,7.5,NORMAL,False,
24.09.2026,24,Perşembe,45328882280,00859,00859,EMİNE YAVUZ,BALIK TEMİZLEME,GÜVEN TURİZM,07:35,17:27,08:00,17:27,"07:35, 17:27",9.87,1.5,8.0,7.5,0.5,0.0,8.0,NORMAL,False,
24.09.2026,24,Perşembe,20503503198,00045,00045,EMİNE ÇAPAR,YEMEKHANE,GÖBEL,18:35,04:00,18:30,04:00,"18:35, 04:00",9.42,0.5,9.0,5.0,4.0,0.0,9.0,NORMAL,False,
24.09.2026,24,Perşembe,37030668238,01180,01180,EMİNE ŞENTÜRK CİNGÖZ,BALIK TEMİZLEME,GÜVEN TURİZM,07:35,17:29,08:00,17:29,"07:35, 17:29",9.9,1.5,8.0,7.5,0.5,0.0,8.0,NORMAL,False,
24.09.2026,24,Perşembe,10036852948,00046,00046,EMİRHAN MUTLU,BAKIM,GÖBEL,08:08,17:27,08:00,17:27,"08:08, 17:27",9.32,1.5,8.0,7.5,0.5,0.0,8.0,NORMAL,False,
24.09.2026,24,Perşembe,29470204244,00007,00007,ENDER BİLBAY,KAPI GÖREVLİSİ,GÖBEL,16:06,00:01,16:00,00:01,"16:06, 00:01",7.92,0.5,7.5,7.5,0.0,0.0,7.5,NORMAL,False,
24.09.2026,24,Perşembe,34795126850,01351,01351,ERCAN POLAT,BİLGİSAYAR MÜHENDİSİ,KARACABEY,07:56,17:34,08:00,17:34,"07:56, 17:34",9.63,1.5,8.0,7.5,0.5,0.0,8.0,NORMAL,False,
24.09.2026,24,Perşembe,23131415628,00047,00047,ERDİN TETİK,MEYDAN,SUSURLUK,23:45,07:57,00:00,07:57,"23:45, 07:57",8.2,0.5,7.5,7.5,0.0,0.0,7.5,NORMAL,False,
24.09.2026,24,Perşembe,22260441248,00198,00198,ERSİN ESER,BAKIM,GÖBEL,-,19:51,08:00,19:51,19:51,11.85,1.5,10.5,7.5,3.0,0.0,10.5,GİRİŞ_YOK_AKŞAM,True,"Çıkış: 19:51 | Giriş Basılmadı (08:00 başı ile 10,5s korundu)"
24.09.2026,24,Perşembe,11633067636,00221,00221,EİREMŞAH KIZILKAYA,BALIK DOLUM,GÖBEL,07:43,17:47,08:00,17:47,"07:43, 17:47",10.07,1.5,8.0,7.5,2.5,2.0,10.0,BÖLÜM_PRİMLİ,False,"Balık Dolum ve Kesim Primi: Fiili 8,0s -> Bonuslu 10,0s (+2,0s Prim)"
24.09.2026,24,Perşembe,35183294274,00926,00926,FATMA DEMİRER,BALIK TEMİZLEME,GÜVEN MUSTAFAKEMALPAŞA,07:58,17:25,08:00,17:25,"07:58, 17:25",9.45,1.5,7.5,7.5,0.0,0.0,7.5,NORMAL,False,
24.09.2026,24,Perşembe,11890896888,00223,00223,FATMAGÜL ÇEKİ,BALIK DOLUM,MKP,07:52,17:46,08:00,17:46,"07:52, 17:46",9.9,1.5,8.0,7.5,2.5,2.0,10.0,BÖLÜM_PRİMLİ,False,"Balık Dolum ve Kesim Primi: Fiili 8,0s -> Bonuslu 10,0s (+2,0s Prim)"
24.09.2026,24,Perşembe,21898406446,01065,01065,FERUDUN BAKAN,ÜRETİM,BİGADİÇ,15:52,01:10,15:52,01:10,"15:52, 01:10",9.3,0.5,8.5,7.5,1.0,0.0,8.5,NORMAL,False,
24.09.2026,24,Perşembe,17431713232,00927,00927,FİSUN ETİLER,,GÜVEN MUSTAFAKEMALPAŞA,07:58,17:24,08:00,17:24,"07:58, 17:24",9.43,1.5,7.5,7.5,0.0,0.0,7.5,NORMAL,False,
24.09.2026,24,Perşembe,33739783340,00739,00739,GURBET DUMAN,BALIK TEMİZLEME,HALİL DİĞRENCİ,08:03,17:27,08:00,17:27,"08:03, 17:27",9.4,1.5,8.0,7.5,0.5,0.0,8.0,NORMAL,False,
24.09.2026,24,Perşembe,33379057108,00423,00423,GÜLAY GÜNDOĞDU,BALIK TEMİZLEME,BALIKESİR,07:47,17:21,08:00,17:21,"07:47, 17:21",9.57,1.5,7.5,7.5,0.0,0.0,7.5,NORMAL,False,
24.09.2026,24,Perşembe,24541318660,00065,00065,GÜLCAN BİLGİÇ,AMBAR,BİGADİÇ,07:52,17:11,08:00,17:11,"07:52, 17:11",9.32,1.5,7.5,7.5,0.0,0.0,7.5,NORMAL,False,
24.09.2026,24,Perşembe,53689106020,00073,00073,GÜLSÜM GÖRGÜLÜ,AMBAR,BİGADİÇ,07:53,17:14,08:00,17:14,"07:53, 17:14",9.35,1.5,7.5,7.5,0.0,0.0,7.5,NORMAL,False,
24.09.2026,24,Perşembe,45184908278,00226,00226,GÜLTEN DURMAZ,BALIK DOLUM,GÖBEL,07:44,17:46,08:00,17:46,"07:44, 17:46",10.03,1.5,8.0,7.5,2.5,2.0,10.0,BÖLÜM_PRİMLİ,False,"Balık Dolum ve Kesim Primi: Fiili 8,0s -> Bonuslu 10,0s (+2,0s Prim)"
24.09.2026,24,Perşembe,10996768938,00071,00071,GÜLTEN GİDER,AMBAR,BİGADİÇ,07:52,17:14,08:00,17:14,"07:52, 17:14",9.37,1.5,7.5,7.5,0.0,0.0,7.5,NORMAL,False,
24.09.2026,24,Perşembe,21010592606,01022,01022,GÜLÜMSER KARABIYIK,BALIK TEMİZLEME,GÜVEN MUSTAFAKEMALPAŞA,07:59,17:21,08:00,17:21,"07:59, 17:21",9.37,1.5,7.5,7.5,0.0,0.0,7.5,NORMAL,False,
24.09.2026,24,Perşembe,11593899780,00773,00773,GÜRAY PALA,BALIK KESİM,HALİL DİĞRENCİ,08:01,17:20,08:00,17:20,"08:01, 17:20",9.32,1.5,7.5,7.5,2.0,2.0,9.5,BÖLÜM_PRİMLİ,False,"Balık Dolum ve Kesim Primi: Fiili 7,5s -> Bonuslu 9,5s (+2,0s Prim)"
24.09.2026,24,Perşembe,23638497776,00075,00075,HACER BEYHAN,BALIK TEMİZLEME,HALİL DİĞRENCİ,08:01,17:27,08:00,17:27,"08:01, 17:27",9.43,1.5,8.0,7.5,0.5,0.0,8.0,NORMAL,False,
24.09.2026,24,Perşembe,22639531168,01078,01078,HAFİZE AVCIOĞLU,BALIK TEMİZLEME,GÜVEN TURİZM,07:35,17:24,08:00,17:24,"07:35, 17:24",9.82,1.5,7.5,7.5,0.0,0.0,7.5,NORMAL,False,
24.09.2026,24,Perşembe,13708835836,01159,01159,HAMİT GİRGİN,BALIK TEMİZLEME,GÜVEN MUSTAFAKEMALPAŞA,07:53,17:30,08:00,17:30,"07:53, 17:30",9.62,1.5,8.0,7.5,0.5,0.0,8.0,NORMAL,False,
24.09.2026,24,Perşembe,52240399666,01020,01020,HANDAN TOPTİK,ÜRETİM,HALİL DİĞRENCİ,08:01,20:01,08:00,20:01,"08:01, 20:01",12.0,1.5,10.5,7.5,3.0,0.0,10.5,NORMAL,False,
24.09.2026,24,Perşembe,20290485820,01060,01060,HANİFE YILDIRIM,BALIK TEMİZLEME,BALIKESİR,07:47,17:22,08:00,17:22,"07:47, 17:22",9.58,1.5,7.5,7.5,0.0,0.0,7.5,NORMAL,False,
24.09.2026,24,Perşembe,14779989510,00080,00080,HARUN YAHYA DURSUN,BALIK DOLUM,GÖBEL,11:15,19:34,11:00,19:34,"11:15, 19:34",8.32,1.5,7.0,4.5,4.5,2.0,9.0,BÖLÜM_PRİMLİ,False,"Balık Dolum ve Kesim Primi: Fiili 7,0s -> Bonuslu 9,0s (+2,0s Prim)"
24.09.2026,24,Perşembe,31324091924,00084,00084,HATİCE KURT,ÜRETİM,BİGADİÇ,15:51,01:10,15:51,01:10,"15:51, 01:10",9.32,0.5,8.5,7.5,1.0,0.0,8.5,NORMAL,False,
24.09.2026,24,Perşembe,10817807990,01096,01096,HATİCE ONUK,ÜRETİM,HALİL DİĞRENCİ,08:02,17:09,08:00,17:09,"08:02, 17:09",9.12,1.5,7.5,7.5,0.0,0.0,7.5,NORMAL,False,
24.09.2026,24,Perşembe,33850041688,00577,00577,HATİCE SAVAŞÇI,BALIK TEMİZLEME,BALIKESİR,07:48,17:24,08:00,17:24,"07:48, 17:24",9.6,1.5,7.5,7.5,0.0,0.0,7.5,NORMAL,False,
24.09.2026,24,Perşembe,26002427744,00227,00227,HAVVA ALPER,BALIK DOLUM,MKP,07:52,17:47,08:00,17:47,"07:52, 17:47",9.92,1.5,8.0,7.5,2.5,2.0,10.0,BÖLÜM_PRİMLİ,False,"Balık Dolum ve Kesim Primi: Fiili 8,0s -> Bonuslu 10,0s (+2,0s Prim)"
24.09.2026,24,Perşembe,26653281238,00228,00228,HAVVA BAYRAM,BALIK TEMİZLEME,BALIKESİR,07:47,17:21,08:00,17:21,"07:47, 17:21",9.57,1.5,7.5,7.5,0.0,0.0,7.5,NORMAL,False,
24.09.2026,24,Perşembe,33289026430,00480,00480,HÜLYA TOPAL,AMBAR,BİGADİÇ,07:51,17:09,08:00,17:09,"07:51, 17:09",9.3,1.5,7.5,7.5,0.0,0.0,7.5,NORMAL,False,
24.09.2026,24,Perşembe,30856107820,00091,00091,HÜLYA ÜÜNAL,AMBAR,BİGADİÇ,07:51,17:09,08:00,17:09,"07:51, 17:09",9.3,1.5,7.5,7.5,0.0,0.0,7.5,NORMAL,False,
24.09.2026,24,Perşembe,23524501518,00231,00231,KADRİYE BEYHAN,BALIK TEMİZLEME,HALİL DİĞRENCİ,07:47,17:27,08:00,17:27,"07:47, 17:27",9.67,1.5,8.0,7.5,0.5,0.0,8.0,NORMAL,False,
24.09.2026,24,Perşembe,49981303052,00093,00093,KADİR AZAR,AMBAR,KARACABEY,07:48,17:33,08:00,17:33,"07:48, 17:33",9.75,1.5,8.0,7.5,0.5,0.0,8.0,NORMAL,False,
24.09.2026,24,Perşembe,27448226656,00095,00095,KAMİLE DAĞDÇELEN,AMBAR,BİGADİÇ,07:52,17:08,08:00,17:08,"07:52, 17:08",9.27,1.5,7.5,7.5,0.0,0.0,7.5,NORMAL,False,
24.09.2026,24,Perşembe,33067084584,00097,00097,KEMAL DURMUŞ,İŞLETME,SUSURLUK,20:11,08:02,00:00,08:02,"20:11, 08:02",11.85,0.5,7.5,7.5,0.0,0.0,7.5,NORMAL,False,
24.09.2026,24,Perşembe,33397029286,01327,01327,KÜBÜŞRA ALTAY,SATIN ALMA,BANDIRMA,07:42,17:26,08:00,17:26,"07:42, 17:26",9.73,1.5,8.0,7.5,0.5,0.0,8.0,NORMAL,False,
24.09.2026,24,Perşembe,99959615564,00200,00200,MAHMOUD ALZALEK,ELEKTRİK,SUSURLUK,20:10,07:59,00:00,07:59,"20:10, 07:59",11.82,0.5,7.5,7.5,0.0,0.0,7.5,NORMAL,False,
24.09.2026,24,Perşembe,20458603738,00528,00528,MAHMURE ESEN,BALIK TEMİZLEME,HALİL DİĞRENCİ,08:00,17:25,08:00,17:25,"08:00, 17:25",9.42,1.5,7.5,7.5,0.0,0.0,7.5,NORMAL,False,
24.09.2026,24,Perşembe,29749160806,00104,00104,MAHİR HİLMİ ULUKÖK,YENİ BALIK HATTI,SUSURLUK,08:14,17:14,08:00,17:14,"08:14, 17:14",9.0,1.5,7.5,7.5,0.0,0.0,7.5,NORMAL,False,
24.09.2026,24,Perşembe,54871132810,00232,00232,MAHİZER BAĞ,BALIK TEMİZLEME,KARACABEY,07:49,17:31,08:00,17:31,"07:49, 17:31",9.7,1.5,8.0,7.5,0.5,0.0,8.0,NORMAL,False,
24.09.2026,24,Perşembe,,01387,01387,MEHMET EMİN BATUR,,HALİL DİĞRENCİ,07:27,20:03,08:00,20:03,"07:27, 20:03",12.6,1.5,10.5,7.5,3.0,0.0,10.5,NORMAL,False,
24.09.2026,24,Perşembe,13876724772,00500,00500,MEHMET KARTAL,AMBAR,SUSURLUK,07:49,19:34,08:00,19:34,"07:49, 19:34",11.75,1.5,10.0,7.5,2.5,0.0,10.0,NORMAL,False,
24.09.2026,24,Perşembe,,01386,01386,MENEKŞE DURMAN,,HALİL DİĞRENCİ,07:27,20:04,08:00,20:04,"07:27, 20:04",12.62,1.5,10.5,7.5,3.0,0.0,10.5,NORMAL,False,
24.09.2026,24,Perşembe,61984174392,01070,01070,MESERRET DAĞ,ÜRETİM,SÇEVİKAT ÇELİK,19:50,07:59,19:30,07:59,"19:50, 07:59",12.15,0.5,12.0,4.0,12.0,4.0,16.0,BÖLÜM_PRİMLİ,False,"Üretim Primi: Fiili 12,0s -> Bonuslu 16,0s (+4,0s Prim)"
24.09.2026,24,Perşembe,28027546004,00112,00112,MESUT ERDEL,BAKIM,SUSURLUK,08:48,17:27,08:30,17:27,"08:48, 17:27",8.65,1.5,7.5,7.0,0.5,0.0,7.5,NORMAL,False,
24.09.2026,24,Perşembe,99248627704,00005,00005,MHD BASSEL ALZALEK,ELEKTRİK,SUSURLUK,07:49,-,07:49,17:00,07:49,7.5,1.5,7.5,7.5,0.0,0.0,7.5,ÇIKIŞ_YOK_SABAH,True,"Giriş: 07:49 | Çıkış Basılmadı (Tam Gün 7,5s yazıldı)"
24.09.2026,24,Perşembe,99347757876,00116,00116,MUHAMMED SAMİH SERHAN,AMBAR,GÖBEL,20:31,07:59,00:00,07:59,"20:31, 07:59",11.47,0.5,7.5,7.5,0.0,0.0,7.5,NORMAL,False,
24.09.2026,24,Perşembe,23329391024,00514,00514,MUKATDES KARAMANOĞLU,BALIK TEMİZLEME,BALIKESİR,07:47,17:22,08:00,17:22,"07:47, 17:22",9.58,1.5,7.5,7.5,0.0,0.0,7.5,NORMAL,False,
24.09.2026,24,Perşembe,15205679746,00572,00572,MURAT YONSUL,AMBAR,GÖBEL,07:43,22:46,08:00,22:46,"07:43, 22:46",15.05,1.5,13.0,7.5,5.5,0.0,13.0,NORMAL,False,
24.09.2026,24,Perşembe,,01373,01373,MUSTAFA KURT,,HALİL DİĞRENCİ,07:49,17:05,08:00,17:05,"07:49, 17:05",9.27,1.5,7.5,7.5,0.0,0.0,7.5,NORMAL,False,
24.09.2026,24,Perşembe,21976553468,00234,00234,MÜCAHİT ÇOLAK,BALIK TEMİZLEME,KARACABEY,07:50,17:27,08:00,17:27,"07:50, 17:27",9.62,1.5,8.0,7.5,0.5,0.0,8.0,NORMAL,False,
24.09.2026,24,Perşembe,31195265912,01056,01056,MÜRVET ÇAKAN,BALIK TEMİZLEME,HALİL DİĞRENCİ,08:00,17:25,08:00,17:25,"08:00, 17:25",9.42,1.5,7.5,7.5,0.0,0.0,7.5,NORMAL,False,
24.09.2026,24,Perşembe,33124024560,00120,00120,MÜZEYYEN ERDİNÇ,BALIK TEMİZLEME,BALIKESİR,07:47,17:25,08:00,17:25,"07:47, 17:25",9.63,1.5,7.5,7.5,0.0,0.0,7.5,NORMAL,False,
24.09.2026,24,Perşembe,12556753194,00235,00235,NACİYE KARABULUT,BALIK TEMİZLEME,BALIKESİR,07:48,17:22,08:00,17:22,"07:48, 17:22",9.57,1.5,7.5,7.5,0.0,0.0,7.5,NORMAL,False,
24.09.2026,24,Perşembe,28510235804,00121,00121,NAİL AKSOY,ŞÖFÖR,SUSURLUK,16:06,23:59,16:00,23:59,"16:06, 23:59",7.88,0.5,7.5,7.5,0.0,0.0,7.5,NORMAL,False,
24.09.2026,24,Perşembe,24031385950,00380,00380,NECMİ SEVER,MEYDAN,GÖBEL,07:46,17:11,08:00,17:11,"07:46, 17:11",9.42,1.5,7.5,7.5,0.0,0.0,7.5,NORMAL,False,
24.09.2026,24,Perşembe,21991561554,00930,00930,NECMİYE ÜÜLKER,BALIK TEMİZLEME,GÜVEN MUSTAFAKEMALPAŞA,07:58,17:23,08:00,17:23,"07:58, 17:23",9.42,1.5,7.5,7.5,0.0,0.0,7.5,NORMAL,False,
24.09.2026,24,Perşembe,54874132756,00974,00974,NECİFE BAĞ,BALIK TEMİZLEME,KARACABEY,07:49,17:31,08:00,17:31,"07:49, 17:31",9.7,1.5,8.0,7.5,0.5,0.0,8.0,NORMAL,False,
24.09.2026,24,Perşembe,14452686422,00371,00371,NESRİN GÜZEL,BALIK TEMİZLEME,BALIKESİR,07:47,17:24,08:00,17:24,"07:47, 17:24",9.62,1.5,7.5,7.5,0.0,0.0,7.5,NORMAL,False,
24.09.2026,24,Perşembe,17902565544,00128,00128,NURAY AVCI,YEMEKHANE,BALIKESİR,07:48,17:20,08:00,17:20,"07:48, 17:20",9.53,1.5,7.5,7.5,0.0,0.0,7.5,NORMAL,False,
24.09.2026,24,Perşembe,25970637896,00129,00129,NURAY ELİSÇIKIŞ,AMBAR,BALIKESİR,07:49,17:19,08:00,17:19,"07:49, 17:19",9.5,1.5,7.5,7.5,0.0,0.0,7.5,NORMAL,False,
24.09.2026,24,Perşembe,21478446602,00236,00236,NURCAN EREN,BALIK TEMİZLEME,BALIKESİR,07:47,17:21,08:00,17:21,"07:47, 17:21",9.57,1.5,7.5,7.5,0.0,0.0,7.5,NORMAL,False,
24.09.2026,24,Perşembe,15736612786,01352,01352,NURGÜL ADIGÜL,ÜRETİM,BİGADİÇ,15:52,01:10,15:52,01:10,"15:52, 01:10",9.3,0.5,8.5,7.5,1.0,0.0,8.5,NORMAL,False,
24.09.2026,24,Perşembe,13318692676,01064,01064,NURGÜL PARLAS,ÜRETİM,BİGADİÇ,15:52,01:10,15:52,01:10,"15:52, 01:10",9.3,0.5,8.5,7.5,1.0,0.0,8.5,NORMAL,False,
24.09.2026,24,Perşembe,22186447318,00137,00137,NURTEN CAN,ÜRETİM,SUSURLUK TUR-REŞAT,07:49,17:09,08:00,17:09,"07:49, 17:09",9.33,1.5,7.5,7.5,0.0,0.0,7.5,NORMAL,False,
24.09.2026,24,Perşembe,27289383990,00931,00931,NURTEN ERDEM,BALIK TEMİZLEME,GÜVEN MUSTAFAKEMALPAŞA,07:58,17:28,08:00,17:28,"07:58, 17:28",9.5,1.5,8.0,7.5,0.5,0.0,8.0,NORMAL,False,
24.09.2026,24,Perşembe,13420739290,00003,00003,NURİ GÜLSER,KAPI GÖREVLİSİ,GÖBEL,07:50,16:09,08:00,16:09,"07:50, 16:09",8.32,0.5,7.5,7.5,0.0,0.0,7.5,NORMAL,False,
24.09.2026,24,Perşembe,52996654668,00237,00237,NURİYE AKKUŞ,BALIK TEMİZLEME,BANDIRMA,07:42,17:27,08:00,17:27,"07:42, 17:27",9.75,1.5,8.0,7.5,0.5,0.0,8.0,NORMAL,False,
24.09.2026,24,Perşembe,13189854302,00006,00006,OZAN BUĞA,BAKIM,MKP,08:04,16:54,08:00,16:54,"08:04, 16:54",8.83,1.5,7.5,7.5,0.0,0.0,7.5,NORMAL,False,
24.09.2026,24,Perşembe,29677146866,00238,00238,RABİYE ÇENECİOĞLU,BALIK TEMİZLEME,BALIKESİR,07:48,17:23,08:00,17:23,"07:48, 17:23",9.58,1.5,7.5,7.5,0.0,0.0,7.5,NORMAL,False,
24.09.2026,24,Perşembe,24022385860,01316,01316,RECEP İÇÖZ,MEYDAN,GÖBEL,07:59,17:03,08:00,17:03,"07:59, 17:03",9.07,1.5,7.5,7.5,0.0,0.0,7.5,NORMAL,False,
24.09.2026,24,Perşembe,28108249688,00146,00146,RIDVAN DEMİRDAK,ŞÖFÖR,GÖBEL,23:55,07:52,00:00,07:52,"23:55, 07:52",7.95,0.5,7.5,7.5,0.0,0.0,7.5,NORMAL,False,
24.09.2026,24,Perşembe,16561742068,00842,00842,RUKİYE UZUN,BALIK TEMİZLEME,GÜVEN TURİZM,07:36,17:29,08:00,17:29,"07:36, 17:29",9.88,1.5,8.0,7.5,0.5,0.0,8.0,NORMAL,False,
24.09.2026,24,Perşembe,34807027090,00536,00536,SABRİ ACAR,YENİ BALIK HATTI,SUSURLUK,23:50,07:54,00:00,07:54,"23:50, 07:54",8.07,0.5,7.5,7.5,0.0,0.0,7.5,NORMAL,False,
24.09.2026,24,Perşembe,31027151864,00147,00147,SABİHA GİRGİN,ÜRETİM,SUSURLUK TUR-REŞAT,07:49,17:08,08:00,17:08,"07:49, 17:08",9.32,1.5,7.5,7.5,0.0,0.0,7.5,NORMAL,False,
24.09.2026,24,Perşembe,33640164108,01130,01130,SAMET YUMİTKEN,ÜRETİM,HALİL DİĞRENCİ,08:02,20:01,08:00,20:01,"08:02, 20:01",11.98,1.5,10.5,7.5,3.0,0.0,10.5,NORMAL,False,
24.09.2026,24,Perşembe,30373124058,00149,00149,SANİYE CEYLAN,AMBAR,BİGADİÇ,07:51,17:14,08:00,17:14,"07:51, 17:14",9.38,1.5,7.5,7.5,0.0,0.0,7.5,NORMAL,False,
24.09.2026,24,Perşembe,24178356332,00153,00153,SEHER ÖZDEN,YEMEKHANE,BALIKESİR,07:48,17:21,08:00,17:21,"07:48, 17:21",9.55,1.5,7.5,7.5,0.0,0.0,7.5,NORMAL,False,
24.09.2026,24,Perşembe,11248811624,00009,00009,SELAHATTİN SÖĞÜT,ŞÖFÖR,GÖBEL,07:50,19:20,08:00,19:20,"07:50, 19:20",11.5,1.5,9.5,7.5,2.0,0.0,9.5,NORMAL,False,
24.09.2026,24,Perşembe,19723478966,01069,01069,SELMA AYHAN,ÜRETİM,BİGADİÇ,15:51,01:10,15:51,01:10,"15:51, 01:10",9.32,0.5,8.5,7.5,1.0,0.0,8.5,NORMAL,False,
24.09.2026,24,Perşembe,49369567458,00559,00559,SELMA TUNÇ,BALIK TEMİZLEME,BALIKESİR,07:47,17:22,08:00,17:22,"07:47, 17:22",9.58,1.5,7.5,7.5,0.0,0.0,7.5,NORMAL,False,
24.09.2026,24,Perşembe,,01371,01371,SELİM KIRAY,,GÜVEN MUSTAFAKEMALPAŞA,07:52,17:46,08:00,17:46,"07:52, 17:46",9.9,1.5,8.0,7.5,0.5,0.0,8.0,NORMAL,False,
24.09.2026,24,Perşembe,46825626414,00724,00724,SEMANUR GÜLIŞIK,FORMEN,KARACABEY,07:49,17:26,08:00,17:26,"07:49, 17:26",9.62,1.5,8.0,7.5,0.5,0.0,8.0,NORMAL,False,
24.09.2026,24,Perşembe,16231745504,01129,01129,SERKAN YUMİTKEN,ÜRETİM,HALİL DİĞRENCİ,08:02,20:10,08:00,20:10,"08:02, 20:10",12.13,1.5,10.5,7.5,3.0,0.0,10.5,NORMAL,False,
24.09.2026,24,Perşembe,13696829374,01361,01361,SERPİL İİPEK,,HALİL DİĞRENCİ,08:02,20:02,08:00,20:02,"08:02, 20:02",12.0,1.5,10.5,7.5,3.0,0.0,10.5,NORMAL,False,
24.09.2026,24,Perşembe,17611699134,00884,00884,SEVİLAY DÖNMEZ,BALIK TEMİZLEME,GÜVEN TURİZM,07:36,17:30,08:00,17:30,"07:36, 17:30",9.9,1.5,8.0,7.5,0.5,0.0,8.0,NORMAL,False,
24.09.2026,24,Perşembe,29200163070,01066,01066,SEZGİN YILDIRIM,ÜRETİM,BİGADİÇ,15:51,01:11,15:51,01:11,"15:51, 01:11",9.33,0.5,8.5,7.5,1.0,0.0,8.5,NORMAL,False,
24.09.2026,24,Perşembe,01370,01370,01370,SEZGİN İRGÖREN,DİĞER,GÜVEN MUSTAFAKEMALPAŞA,07:52,17:46,08:00,17:46,"07:52, 17:46",9.9,1.5,8.0,7.5,0.5,0.0,8.0,NORMAL,False,
24.09.2026,24,Perşembe,18847656960,00740,00740,SEÇİL ARIBOĞA,ÜRETİM,HALİL DİĞRENCİ,08:02,20:01,08:00,20:01,"08:02, 20:01",11.98,1.5,10.5,7.5,3.0,0.0,10.5,NORMAL,False,
24.09.2026,24,Perşembe,55963096430,00240,00240,SULTAN BAĞ,BALIK TEMİZLEME,KARACABEY,07:50,17:31,08:00,17:31,"07:50, 17:31",9.68,1.5,8.0,7.5,0.5,0.0,8.0,NORMAL,False,
24.09.2026,24,Perşembe,42014033940,01072,01072,SÇEVİKAT ÇELİK,ÜRETİM,SÇEVİKAT ÇELİK,07:56,07:54,07:56,07:54,"07:56, 07:57, 19:50, 07:54",0.05,0.0,7.5,7.5,0.0,0.0,7.5,ÇOKLU_BASIM_MIN_MAX,True,"Çoklu Basım: İlk Giriş 07:56, Son Çıkış 07:54 (7,5s)"
24.09.2026,24,Perşembe,10582783284,00170,00170,SİBEL ÇÇAKIR,ÜRETİM,BİGADİÇ,15:51,01:11,15:51,01:11,"15:51, 01:11",9.33,0.5,8.5,7.5,1.0,0.0,8.5,NORMAL,False,
24.09.2026,24,Perşembe,29761139378,01038,01038,TALHA YAVAŞ,KALİTE,BANDIRMA,23:25,08:14,00:00,08:14,"23:25, 08:14",8.82,0.5,7.5,7.5,0.0,0.0,7.5,NORMAL,False,
24.09.2026,24,Perşembe,10705928394,00976,00976,TAYFUN GÜNCÜ,BALIK TEMİZLEME,HALİL DİĞRENCİ,08:04,17:27,08:00,17:27,"08:04, 17:27",9.38,1.5,8.0,7.5,0.5,0.0,8.0,NORMAL,False,
24.09.2026,24,Perşembe,13252843738,00243,00243,TAYFUN TIĞRAK,FORMEN,KARACABEY,07:48,18:09,08:00,18:09,"07:48, 18:09",10.35,1.5,8.5,7.5,1.0,0.0,8.5,NORMAL,False,
24.09.2026,24,Perşembe,32938871292,00183,00183,TAYFUN ÇELİK,MEYDAN,MKP,07:47,10:41,08:00,10:41,"07:47, 07:48, 10:41, 18:20",2.9,0.0,2.5,2.5,0.0,0.0,2.5,ÇOKLU_BASIM_MIN_MAX,True,"Çoklu Basım: İlk Giriş 07:47, Son Çıkış 10:41 (2,5s)"
24.09.2026,24,Perşembe,30925156292,00501,00501,TUNCAY METİN,KAPI GÖREVLİSİ,SUSURLUK,23:45,08:00,00:00,08:00,"23:45, 08:00",8.25,0.5,7.5,7.5,0.0,0.0,7.5,NORMAL,False,
24.09.2026,24,Perşembe,14701796544,00582,00582,YUSUF SAMAR,MUHASEBE,KARACABEY,07:54,17:28,08:00,17:28,"07:54, 17:28",9.57,1.5,8.0,7.5,0.5,0.0,8.0,NORMAL,False,
24.09.2026,24,Perşembe,31861120316,00191,00191,ZAHİDE GÜRBÜZ,BALIK TEMİZLEME,BALIKESİR,07:48,17:24,08:00,17:24,"07:48, 17:24",9.6,1.5,7.5,7.5,0.0,0.0,7.5,NORMAL,False,
24.09.2026,24,Perşembe,27560597764,01048,01048,ZAHİDE HAĞİ,BALIK TEMİZLEME,HALİL DİĞRENCİ,08:00,17:31,08:00,17:31,"08:00, 17:31",9.52,1.5,8.0,7.5,0.5,0.0,8.0,NORMAL,False,
24.09.2026,24,Perşembe,31552110794,00935,00935,ZAHİDE KALDEMİR,BALIK TEMİZLEME,GÜVEN MUSTAFAKEMALPAŞA,07:59,17:27,08:00,17:27,"07:59, 17:27",9.47,1.5,8.0,7.5,0.5,0.0,8.0,NORMAL,False,
24.09.2026,24,Perşembe,22249543988,00192,00192,ZAHİDE NEDİRLİ,KALİTE,KARACABEY,07:48,17:26,08:00,17:26,"07:48, 17:26",9.63,1.5,8.0,7.5,0.5,0.0,8.0,NORMAL,False,
24.09.2026,24,Perşembe,10820807680,01097,01097,ZEHRA ONUK,ÜRETİM,HALİL DİĞRENCİ,08:02,17:24,08:00,17:24,"08:02, 17:24",9.37,1.5,7.5,7.5,0.0,0.0,7.5,NORMAL,False,
24.09.2026,24,Perşembe,28729335166,00936,00936,ZELİHA KEİREMETÇİ,BALIK TEMİZLEME,GÜVEN MUSTAFAKEMALPAŞA,07:58,17:29,08:00,17:29,"07:58, 17:29",9.52,1.5,8.0,7.5,0.5,0.0,8.0,NORMAL,False,
24.09.2026,24,Perşembe,14047825472,00937,00937,ZELİHA ORUÇ,BALIK TEMİZLEME,GÜVEN MUSTAFAKEMALPAŞA,07:58,17:26,08:00,17:26,"07:58, 17:26",9.47,1.5,8.0,7.5,0.5,0.0,8.0,NORMAL,False,
24.09.2026,24,Perşembe,24289352612,00244,00244,ZEYNEP KARAMAN,BALIK TEMİZLEME,BALIKESİR,07:47,17:21,08:00,17:21,"07:47, 17:21",9.57,1.5,7.5,7.5,0.0,0.0,7.5,NORMAL,False,
24.09.2026,24,Perşembe,33742169780,00246,00246,ZEYNEP KURT,BALIK DOLUM,MKP,07:52,17:46,08:00,17:46,"07:52, 17:46",9.9,1.5,8.0,7.5,2.5,2.0,10.0,BÖLÜM_PRİMLİ,False,"Balık Dolum ve Kesim Primi: Fiili 8,0s -> Bonuslu 10,0s (+2,0s Prim)"
24.09.2026,24,Perşembe,22498412394,00765,00765,ZEYNEP ONBAŞI,YEMEKHANE,BALIKESİR,07:48,17:18,08:00,17:18,"07:48, 17:18",9.5,1.5,7.5,7.5,0.0,0.0,7.5,NORMAL,False,
24.09.2026,24,Perşembe,22319750032,00782,00782,ÇİDEM FİDAN,BALIK TEMİZLEME,BANDIRMA,07:42,17:28,08:00,17:28,"07:42, 17:28",9.77,1.5,8.0,7.5,0.5,0.0,8.0,NORMAL,False,
24.09.2026,24,Perşembe,17749594400,00033,00033,ÇİSEM BÇAKIR,KALİTE,SUSURLUK,16:07,23:58,16:00,23:58,"16:07, 23:58",7.85,0.5,7.5,7.5,0.0,0.0,7.5,NORMAL,False,
24.09.2026,24,Perşembe,33037193346,01349,01349,ÖMÜR SEPETÇİ,ÜRETİM,GÜVEN MUSTAFAKEMALPAŞA,08:00,17:21,08:00,17:21,"08:00, 17:21",9.35,1.5,7.5,7.5,0.0,0.0,7.5,NORMAL,False,
24.09.2026,24,Perşembe,27235386938,00139,00139,ÖMÜRLÜ FERİK,KAZAN,MKP,07:51,20:18,08:00,20:18,"07:51, 20:18",12.45,1.5,10.5,7.5,3.0,0.0,10.5,NORMAL,False,
24.09.2026,24,Perşembe,12268777280,00185,00185,ÜMMÜ AYDOĞAN,ÜRETİM,SUSURLUK TUR-REŞAT,07:49,17:10,08:00,17:10,"07:49, 17:10",9.35,1.5,7.5,7.5,0.0,0.0,7.5,NORMAL,False,
24.09.2026,24,Perşembe,57541044000,01195,01195,ÜMMÜGÜLSÜM BAĞ,BALIK TEMİZLEME,KARACABEY,07:50,17:31,08:00,17:31,"07:50, 17:31",9.68,1.5,8.0,7.5,0.5,0.0,8.0,NORMAL,False,
24.09.2026,24,Perşembe,37075059770,01350,01350,ÜVEYS SEPETÇİ,ÜRETİM,GÜVEN MUSTAFAKEMALPAŞA,08:00,17:21,08:00,17:21,"08:00, 17:21",9.35,1.5,7.5,7.5,0.0,0.0,7.5,NORMAL,False,
24.09.2026,24,Perşembe,29515203096,00092,00092,İBÜŞRAHİM YILDIRIM,MEYDAN,MKP,07:50,20:18,08:00,20:18,"07:50, 20:18",12.47,1.5,10.5,7.5,3.0,0.0,10.5,NORMAL,False,
24.09.2026,24,Perşembe,42844787082,00783,00783,İSMAİL BARAK,BALIK KESİM,HALİL DİĞRENCİ,08:01,17:20,08:00,17:20,"08:01, 17:20",9.32,1.5,7.5,7.5,2.0,2.0,9.5,BÖLÜM_PRİMLİ,False,"Balık Dolum ve Kesim Primi: Fiili 7,5s -> Bonuslu 9,5s (+2,0s Prim)"
24.09.2026,24,Perşembe,25060351046,00230,00230,İSMAİL İMİR,OTOKLAV OPERATÖRÜ,SUSURLUK,08:14,04:10,08:00,04:10,"04:10, 08:14",19.93,1.5,18.5,7.5,11.0,0.0,18.5,NORMAL,False,
24.09.2026,24,Perşembe,13720827796,00176,00176,ŞADİ BAŞARICI,BAKIM,KARACABEY,15:20,23:55,15:20,23:55,"15:20, 23:55",8.58,0.5,8.0,8.0,0.0,0.0,8.0,NORMAL,False,
24.09.2026,24,Perşembe,38233180558,00178,00178,ŞAKİR KARAKAŞ,AMBAR,BANDIRMA,07:47,17:28,08:00,17:28,"07:47, 17:28",9.68,1.5,8.0,7.5,0.5,0.0,8.0,NORMAL,False,
24.09.2026,24,Perşembe,25192322242,00179,00179,ŞAYİKA KOPARAN,AMBAR,BİGADİÇ,07:52,17:08,08:00,17:08,"07:52, 17:08",9.27,1.5,7.5,7.5,0.0,0.0,7.5,NORMAL,False,
24.09.2026,24,Perşembe,10255820520,00242,00242,ŞERBANE SARAN,BALIK TEMİZLEME,BALIKESİR,07:48,17:25,08:00,17:25,"07:48, 17:25",9.62,1.5,7.5,7.5,0.0,0.0,7.5,NORMAL,False,
24.09.2026,24,Perşembe,,01384,01384,ŞEYMA İİPEK,,HALİL DİĞRENCİ,08:04,20:04,08:00,20:04,"08:04, 20:04",12.0,1.5,10.5,7.5,3.0,0.0,10.5,NORMAL,False,
25.09.2026,25,Cuma,18655664102,00011,00011,ADVİYE YARICI,BALIK TEMİZLEME,HALİL DİĞRENCİ,08:02,17:20,08:00,17:20,"08:02, 17:20",9.3,1.5,7.5,7.5,0.0,0.0,7.5,NORMAL,False,
25.09.2026,25,Cuma,23527501454,00583,00583,AHMET BEYHAN,BAKIM,KARACABEY,08:01,20:06,08:00,20:06,"08:01, 20:06",12.08,1.5,10.5,7.5,3.0,0.0,10.5,NORMAL,False,
25.09.2026,25,Cuma,21925456598,00830,00830,AHMET ÇÇAYLAK,AMBAR,BALIKESİR,07:44,17:11,08:00,17:11,"07:44, 17:11",9.45,1.5,7.5,7.5,0.0,0.0,7.5,NORMAL,False,
25.09.2026,25,Cuma,16510742668,01154,01154,AKİF TÜRKÇÜ,BALIK TEMİZLİK,MKP,-,17:41,08:00,17:41,17:41,9.68,1.5,8.0,7.5,0.5,0.0,8.0,GİRİŞ_YOK_AKŞAM,True,"Çıkış: 17:41 | Giriş Basılmadı (08:00 başı ile 8,0s korundu)"
25.09.2026,25,Cuma,,01382,01382,ALİ BALTA,,HALİL DİĞRENCİ,08:06,17:12,08:00,17:12,"08:06, 17:12",9.1,1.5,7.5,7.5,0.0,0.0,7.5,NORMAL,False,
25.09.2026,25,Cuma,18394573482,00208,00208,ANIL DEMİRTAŞ,KONSERVE ÜRETİM ELEMANI,GÖBEL,15:50,23:50,15:50,23:50,"15:50, 23:50",8.0,0.5,7.5,7.5,0.0,0.0,7.5,NORMAL,False,
25.09.2026,25,Cuma,28336192374,00308,00308,ARZU KILA,AMBAR,BİGADİÇ,07:53,17:11,08:00,17:11,"07:53, 17:11",9.3,1.5,7.5,7.5,0.0,0.0,7.5,NORMAL,False,
25.09.2026,25,Cuma,28033351500,01357,01357,ARZU ÖZTÜRK,BALIK TEMİZLEME,GÜVEN MUSTAFAKEMALPAŞA,07:57,17:21,08:00,17:21,"07:57, 17:21",9.4,1.5,7.5,7.5,0.0,0.0,7.5,NORMAL,False,
25.09.2026,25,Cuma,24709461474,00894,00894,ASLI BAYRAKTAR,BALIK DOLUM,GÜVEN TURİZM,07:38,17:22,08:00,17:22,"07:38, 17:22",9.73,1.5,7.5,7.5,2.0,2.0,9.5,BÖLÜM_PRİMLİ,False,"Balık Dolum ve Kesim Primi: Fiili 7,5s -> Bonuslu 9,5s (+2,0s Prim)"
25.09.2026,25,Cuma,12572550074,00209,00209,ASYA TİLKİ,BALIK TEMİZLEME,KARACABEY,08:03,17:21,08:00,17:21,"08:03, 17:20, 17:21",9.3,1.5,7.5,7.5,0.0,0.0,7.5,ÇOKLU_BASIM_MIN_MAX,True,"Çoklu Basım: İlk Giriş 08:03, Son Çıkış 17:21 (7,5s)"
25.09.2026,25,Cuma,22426711476,00754,00754,AYNUR DEMİRCAN,BALIK TEMİZLEME,HALİL DİĞRENCİ,08:02,17:19,08:00,17:19,"08:02, 17:19",9.28,1.5,7.5,7.5,0.0,0.0,7.5,NORMAL,False,
25.09.2026,25,Cuma,13543834438,01145,01145,AYSEL ÇETİNTAŞ,ÜRETİM,HALİL DİĞRENCİ,08:03,20:05,08:00,20:05,"08:03, 20:05",12.03,1.5,10.5,7.5,3.0,0.0,10.5,NORMAL,False,
25.09.2026,25,Cuma,,01385,01385,AYÇA KARAMAN,,HALİL DİĞRENCİ,07:35,20:01,08:00,20:01,"07:35, 20:01",12.43,1.5,10.5,7.5,3.0,0.0,10.5,NORMAL,False,
25.09.2026,25,Cuma,25567503092,00211,00211,AYÇA SEZER,KALİTE,BANDIRMA,07:40,17:18,08:00,17:18,"07:40, 17:18",9.63,1.5,7.5,7.5,0.0,0.0,7.5,NORMAL,False,
25.09.2026,25,Cuma,33253033204,00021,00021,AYŞE KURT,ÜRETİM,BİGADİÇ,15:57,00:03,15:57,00:03,"15:57, 00:03",8.1,0.5,7.5,7.5,0.0,0.0,7.5,NORMAL,False,
25.09.2026,25,Cuma,34120156552,00215,00215,AYŞE YILMAZ,BALIK DOLUM,MKP,09:48,17:49,09:30,17:49,"09:48, 17:49",8.02,1.5,6.5,6.0,2.5,2.0,8.5,BÖLÜM_PRİMLİ,False,"Balık Dolum ve Kesim Primi: Fiili 6,5s -> Bonuslu 8,5s (+2,0s Prim)"
25.09.2026,25,Cuma,11284759850,00018,00018,AYŞE ÇENECİOĞLU,AMBAR,BİGADİÇ,07:52,17:11,08:00,17:11,"07:52, 17:11",9.32,1.5,7.5,7.5,0.0,0.0,7.5,NORMAL,False,
25.09.2026,25,Cuma,12496719380,01139,01139,BEDİA KAYMAZ,AMBAR,BİGADİÇ,07:52,17:17,08:00,17:17,"07:52, 17:17",9.42,1.5,7.5,7.5,0.0,0.0,7.5,NORMAL,False,
25.09.2026,25,Cuma,14725695762,00025,00025,BEHİCE YALMAN,BALIK DOLUM,GÖBEL,09:48,17:50,09:30,17:50,"09:48, 17:50",8.03,1.5,7.0,6.0,3.0,2.0,9.0,BÖLÜM_PRİMLİ,False,"Balık Dolum ve Kesim Primi: Fiili 7,0s -> Bonuslu 9,0s (+2,0s Prim)"
25.09.2026,25,Cuma,11206757414,00902,00902,BERK BERBER,ÇEVRE MÜHENDİSİ,BANDIRMA,10:06,15:13,10:00,15:13,"10:06, 15:13",5.12,1.5,3.5,3.5,0.0,0.0,3.5,NORMAL,False,
25.09.2026,25,Cuma,25297298992,00216,00216,BETÜL TUNÇ,BALIK TEMİZLEME,BANDIRMA,07:40,17:18,08:00,17:18,"07:40, 17:18",9.63,1.5,7.5,7.5,0.0,0.0,7.5,NORMAL,False,
25.09.2026,25,Cuma,10201948476,01170,01170,BUKET DÖNMEZ,KALİTE,HALİL DİĞRENCİ,08:03,17:12,08:00,17:12,"08:03, 17:12",9.15,1.5,7.5,7.5,0.0,0.0,7.5,NORMAL,False,
25.09.2026,25,Cuma,33316051664,01339,01339,BİLGİNUR SÜMER,BALIK TEMİZLEME,BALIKESİR,07:48,17:15,08:00,17:15,"07:48, 17:15",9.45,1.5,7.5,7.5,0.0,0.0,7.5,NORMAL,False,
25.09.2026,25,Cuma,11950763822,01348,01348,BİLGİYE TOPAL,BALIK TEMİZLEME,GÜVEN MUSTAFAKEMALPAŞA,07:56,17:13,08:00,17:13,"07:56, 17:13",9.28,1.5,7.5,7.5,0.0,0.0,7.5,NORMAL,False,
25.09.2026,25,Cuma,31678238334,00922,00922,CANSEL AKCAN,BALIK TEMİZLEME,GÜVEN MUSTAFAKEMALPAŞA,07:56,17:19,08:00,17:19,"07:56, 17:19",9.38,1.5,7.5,7.5,0.0,0.0,7.5,NORMAL,False,
25.09.2026,25,Cuma,16933572286,00030,00030,CANSEVER ÇÇAKMAK,AMBAR,BİGADİÇ,07:53,17:14,08:00,17:14,"07:53, 17:14",9.35,1.5,7.5,7.5,0.0,0.0,7.5,NORMAL,False,
25.09.2026,25,Cuma,33154180038,00031,00031,CEMALETTİN BEDİZCİ,BAKIM,KARACABEY,07:48,18:04,08:00,18:04,"07:48, 18:04",10.27,1.5,8.5,7.5,1.0,0.0,8.5,NORMAL,False,
25.09.2026,25,Cuma,17488585028,00217,00217,CEMİLE KARAN,BALIK TEMİZLEME,BALIKESİR,07:47,17:12,08:00,17:12,"07:47, 17:12",9.42,1.5,7.5,7.5,0.0,0.0,7.5,NORMAL,False,
25.09.2026,25,Cuma,23083367440,00320,00320,CEYDA ÖZ,KALİTE,BİGADİÇ,15:55,23:58,15:55,23:58,"15:55, 23:58",8.05,0.5,7.5,7.5,0.0,0.0,7.5,NORMAL,False,
25.09.2026,25,Cuma,16699736366,01330,01330,CEYLAN BATAN,BALIK TEMİZLEME,GÜVEN MUSTAFAKEMALPAŞA,07:57,17:21,08:00,17:21,"07:57, 17:21",9.4,1.5,7.5,7.5,0.0,0.0,7.5,NORMAL,False,
25.09.2026,25,Cuma,19313787324,00943,00943,CİHAN YILMAZ,BALIK,HALİL DİĞRENCİ,08:05,17:11,08:00,17:11,"08:05, 17:11",9.1,1.5,7.5,7.5,0.0,0.0,7.5,NORMAL,False,
25.09.2026,25,Cuma,,01378,01378,DEMİRHAN GÖKGÖZ,,HALİL DİĞRENCİ,07:37,20:01,08:00,20:01,"07:37, 20:01",12.4,1.5,10.5,7.5,3.0,0.0,10.5,NORMAL,False,
25.09.2026,25,Cuma,24961035246,01098,01098,DUDU ÖRENGÜL,KALİTE,GÜVEN MUSTAFAKEMALPAŞA,07:56,17:22,08:00,17:22,"07:56, 17:22",9.43,1.5,7.5,7.5,0.0,0.0,7.5,NORMAL,False,
25.09.2026,25,Cuma,99848635024,00283,00283,DUHA EL MUFADDİ,BALIK TEMİZLEME,MKP,07:48,17:49,08:00,17:49,"07:48, 17:49",10.02,1.5,8.0,7.5,0.5,0.0,8.0,NORMAL,False,
25.09.2026,25,Cuma,23509358892,00386,00386,DÖNDÜ ŞAHİN,KALİTE,BANDIRMA,23:21,08:32,00:00,08:32,"23:21, 08:32",9.18,0.5,8.0,7.5,0.5,0.0,8.0,NORMAL,False,
25.09.2026,25,Cuma,10456937386,01362,01362,DİLEK ÇETİN,,HALİL DİĞRENCİ,08:04,20:06,08:00,20:06,"08:04, 20:06",12.03,1.5,10.5,7.5,3.0,0.0,10.5,NORMAL,False,
25.09.2026,25,Cuma,12562741222,00872,00872,EBRU ÖÖZALP,BALIK TEMİZLEME,BALIKESİR,07:47,17:16,08:00,17:16,"07:47, 17:16",9.48,1.5,7.5,7.5,0.0,0.0,7.5,NORMAL,False,
25.09.2026,25,Cuma,29563469352,00563,00563,EDİP EKİNCİ,KAZAN,SUSURLUK,20:09,07:54,00:00,07:54,"20:09, 07:54",11.75,0.5,7.5,7.5,0.0,0.0,7.5,NORMAL,False,
25.09.2026,25,Cuma,10066843626,00374,00374,EFE EVİM,AMBAR,BİGADİÇ,07:52,17:13,08:00,17:13,"07:52, 17:13",9.35,1.5,7.5,7.5,0.0,0.0,7.5,NORMAL,False,
25.09.2026,25,Cuma,14266711334,00037,00037,EFRAİM DUMAN,AMBAR,SUSURLUK,22:35,08:00,00:00,08:00,"22:35, 08:00",9.42,0.5,7.5,7.5,0.0,0.0,7.5,NORMAL,False,
25.09.2026,25,Cuma,16591633060,00038,00038,ELİF TUNÇ,KALİTE,BANDIRMA,07:40,17:18,08:00,17:18,"07:40, 17:18",9.63,1.5,7.5,7.5,0.0,0.0,7.5,NORMAL,False,
25.09.2026,25,Cuma,20266511430,00002,00002,ELİF YAVAŞ,MUHASEBE,SUSURLUK,08:21,19:29,08:30,19:29,"08:21, 19:29",11.13,1.5,9.5,7.0,2.5,0.0,9.5,NORMAL,False,
25.09.2026,25,Cuma,31009103096,00204,00204,EMEL SANAN,AMBAR,BİGADİÇ,07:53,17:17,08:00,17:17,"07:53, 17:17",9.4,1.5,7.5,7.5,0.0,0.0,7.5,NORMAL,False,
25.09.2026,25,Cuma,21550576494,01091,01091,EMRE BAŞAR,ÜRETİM,GÜVEN MUSTAFAKEMALPAŞA,07:58,20:01,08:00,20:01,"07:58, 20:01",12.05,1.5,10.5,7.5,3.0,0.0,10.5,NORMAL,False,
25.09.2026,25,Cuma,01377,01377,01377,EMRİCAN DURMAN,DİĞER,HALİL DİĞRENCİ,07:37,20:05,08:00,20:05,"07:37, 20:05",12.47,1.5,10.5,7.5,3.0,0.0,10.5,NORMAL,False,
25.09.2026,25,Cuma,12523718256,00043,00043,EMİNE BAYER,AMBAR,BİGADİÇ,07:52,17:11,08:00,17:11,"07:52, 17:11",9.32,1.5,7.5,7.5,0.0,0.0,7.5,NORMAL,False,
25.09.2026,25,Cuma,16111749134,01300,01300,EMİNE KARAMAN,BALIK TEMİZLEME,HALİL DİĞRENCİ,08:05,17:19,08:00,17:19,"08:05, 17:19",9.23,1.5,7.5,7.5,0.0,0.0,7.5,NORMAL,False,
25.09.2026,25,Cuma,12379749978,00197,00197,EMİNE SARI,YEMEKHANE,BALIKESİR,07:48,17:18,08:00,17:18,"07:48, 17:18",9.5,1.5,7.5,7.5,0.0,0.0,7.5,NORMAL,False,
25.09.2026,25,Cuma,45328882280,00859,00859,EMİNE YAVUZ,BALIK TEMİZLEME,GÜVEN TURİZM,07:38,17:19,08:00,17:19,"07:38, 17:19",9.68,1.5,7.5,7.5,0.0,0.0,7.5,NORMAL,False,
25.09.2026,25,Cuma,20503503198,00045,00045,EMİNE ÇAPAR,YEMEKHANE,GÖBEL,18:34,04:02,18:30,04:02,"18:34, 04:02",9.47,0.5,9.0,5.0,4.0,0.0,9.0,NORMAL,False,
25.09.2026,25,Cuma,37030668238,01180,01180,EMİNE ŞENTÜRK CİNGÖZ,BALIK TEMİZLEME,GÜVEN TURİZM,07:38,17:22,08:00,17:22,"07:38, 17:22",9.73,1.5,7.5,7.5,0.0,0.0,7.5,NORMAL,False,
25.09.2026,25,Cuma,10036852948,00046,00046,EMİRHAN MUTLU,BAKIM,GÖBEL,08:20,17:16,08:00,17:16,"08:20, 17:16",8.93,1.5,7.5,7.5,0.0,0.0,7.5,NORMAL,False,
25.09.2026,25,Cuma,29470204244,00007,00007,ENDER BİLBAY,KAPI GÖREVLİSİ,GÖBEL,15:50,23:55,15:50,23:55,"15:50, 23:55",8.08,0.5,7.5,7.5,0.0,0.0,7.5,NORMAL,False,
25.09.2026,25,Cuma,34795126850,01351,01351,ERCAN POLAT,BİLGİSAYAR MÜHENDİSİ,KARACABEY,08:03,20:10,08:00,20:10,"08:03, 20:10",12.12,1.5,10.5,7.5,3.0,0.0,10.5,NORMAL,False,
25.09.2026,25,Cuma,23131415628,00047,00047,ERDİN TETİK,MEYDAN,SUSURLUK,23:42,08:00,00:00,08:00,"23:42, 08:00",8.3,0.5,7.5,7.5,0.0,0.0,7.5,NORMAL,False,
25.09.2026,25,Cuma,22260441248,00198,00198,ERSİN ESER,BAKIM,GÖBEL,19:56,07:54,20:00,07:54,"19:56, 07:54",11.97,0.5,11.5,3.5,8.0,0.0,11.5,NORMAL,False,
25.09.2026,25,Cuma,11633067636,00221,00221,EİREMŞAH KIZILKAYA,BALIK DOLUM,GÖBEL,09:48,17:50,09:30,17:50,"09:48, 17:50",8.03,1.5,7.0,6.0,3.0,2.0,9.0,BÖLÜM_PRİMLİ,False,"Balık Dolum ve Kesim Primi: Fiili 7,0s -> Bonuslu 9,0s (+2,0s Prim)"
25.09.2026,25,Cuma,35183294274,00926,00926,FATMA DEMİRER,BALIK TEMİZLEME,GÜVEN MUSTAFAKEMALPAŞA,07:56,-,07:56,17:00,"07:56, 17:17",7.5,1.5,7.5,7.5,0.0,0.0,7.5,ÇIKIŞ_YOK_SABAH,True,"Giriş: 07:56 | Çıkış Basılmadı (Tam Gün 7,5s yazıldı)"
25.09.2026,25,Cuma,31594082608,00057,00057,FATMA ÖZÇAM,ÜRETİM,BİGADİÇ,15:55,00:03,15:55,00:03,"15:55, 00:03",8.13,0.5,7.5,7.5,0.0,0.0,7.5,NORMAL,False,
25.09.2026,25,Cuma,11890896888,00223,00223,FATMAGÜL ÇEKİ,BALIK DOLUM,MKP,09:48,17:50,09:30,17:50,"09:48, 17:50",8.03,1.5,7.0,6.0,3.0,2.0,9.0,BÖLÜM_PRİMLİ,False,"Balık Dolum ve Kesim Primi: Fiili 7,0s -> Bonuslu 9,0s (+2,0s Prim)"
25.09.2026,25,Cuma,21898406446,01065,01065,FERUDUN BAKAN,ÜRETİM,BİGADİÇ,15:56,00:01,15:56,00:01,"15:56, 00:01",8.08,0.5,7.5,7.5,0.0,0.0,7.5,NORMAL,False,
25.09.2026,25,Cuma,17431713232,00927,00927,FİSUN ETİLER,,GÜVEN MUSTAFAKEMALPAŞA,07:56,17:15,08:00,17:15,"07:56, 17:15",9.32,1.5,7.5,7.5,0.0,0.0,7.5,NORMAL,False,
25.09.2026,25,Cuma,33739783340,00739,00739,GURBET DUMAN,BALIK TEMİZLEME,HALİL DİĞRENCİ,08:05,17:18,08:00,17:18,"08:05, 17:18",9.22,1.5,7.5,7.5,0.0,0.0,7.5,NORMAL,False,
25.09.2026,25,Cuma,24541318660,00065,00065,GÜLCAN BİLGİÇ,AMBAR,BİGADİÇ,07:52,17:12,08:00,17:12,"07:52, 17:12",9.33,1.5,7.5,7.5,0.0,0.0,7.5,NORMAL,False,
25.09.2026,25,Cuma,15041774032,00882,00882,GÜLPERİ KALENDER,BALIK TEMİZLEME,BANDIRMA,07:40,17:20,08:00,17:20,"07:40, 17:20",9.67,1.5,7.5,7.5,0.0,0.0,7.5,NORMAL,False,
25.09.2026,25,Cuma,53689106020,00073,00073,GÜLSÜM GÖRGÜLÜ,AMBAR,BİGADİÇ,07:52,17:12,08:00,17:12,"07:52, 17:12",9.33,1.5,7.5,7.5,0.0,0.0,7.5,NORMAL,False,
25.09.2026,25,Cuma,45184908278,00226,00226,GÜLTEN DURMAZ,BALIK DOLUM,GÖBEL,09:48,17:50,09:30,17:50,"09:48, 17:50",8.03,1.5,7.0,6.0,3.0,2.0,9.0,BÖLÜM_PRİMLİ,False,"Balık Dolum ve Kesim Primi: Fiili 7,0s -> Bonuslu 9,0s (+2,0s Prim)"
25.09.2026,25,Cuma,10996768938,00071,00071,GÜLTEN GİDER,AMBAR,BİGADİÇ,07:53,17:13,08:00,17:13,"07:53, 17:13",9.33,1.5,7.5,7.5,0.0,0.0,7.5,NORMAL,False,
25.09.2026,25,Cuma,21010592606,01022,01022,GÜLÜMSER KARABIYIK,BALIK TEMİZLEME,GÜVEN MUSTAFAKEMALPAŞA,07:57,17:12,08:00,17:12,"07:57, 17:12",9.25,1.5,7.5,7.5,0.0,0.0,7.5,NORMAL,False,
25.09.2026,25,Cuma,11593899780,00773,00773,GÜRAY PALA,BALIK KESİM,HALİL DİĞRENCİ,08:01,17:11,08:00,17:11,"08:01, 17:11",9.17,1.5,7.5,7.5,2.0,2.0,9.5,BÖLÜM_PRİMLİ,False,"Balık Dolum ve Kesim Primi: Fiili 7,5s -> Bonuslu 9,5s (+2,0s Prim)"
25.09.2026,25,Cuma,23638497776,00075,00075,HACER BEYHAN,BALIK TEMİZLEME,HALİL DİĞRENCİ,08:02,17:18,08:00,17:18,"08:02, 17:18",9.27,1.5,7.5,7.5,0.0,0.0,7.5,NORMAL,False,
25.09.2026,25,Cuma,22639531168,01078,01078,HAFİZE AVCIOĞLU,BALIK TEMİZLEME,GÜVEN TURİZM,07:37,17:18,08:00,17:18,"07:37, 17:18",9.68,1.5,7.5,7.5,0.0,0.0,7.5,NORMAL,False,
25.09.2026,25,Cuma,13708835836,01159,01159,HAMİT GİRGİN,BALIK TEMİZLEME,GÜVEN MUSTAFAKEMALPAŞA,09:49,17:33,09:30,17:33,"09:49, 17:33",7.73,1.5,6.5,6.0,0.5,0.0,6.5,NORMAL,False,
25.09.2026,25,Cuma,52240399666,01020,01020,HANDAN TOPTİK,ÜRETİM,HALİL DİĞRENCİ,08:03,20:02,08:00,20:02,"08:03, 20:02",11.98,1.5,10.5,7.5,3.0,0.0,10.5,NORMAL,False,
25.09.2026,25,Cuma,20290485820,01060,01060,HANİFE YILDIRIM,BALIK TEMİZLEME,BALIKESİR,07:46,17:15,08:00,17:15,"07:46, 17:15",9.48,1.5,7.5,7.5,0.0,0.0,7.5,NORMAL,False,
25.09.2026,25,Cuma,14779989510,00080,00080,HARUN YAHYA DURSUN,BALIK DOLUM,GÖBEL,08:15,19:25,08:00,19:25,"08:15, 19:25",11.17,1.5,9.5,7.5,4.0,2.0,11.5,BÖLÜM_PRİMLİ,False,"Balık Dolum ve Kesim Primi: Fiili 9,5s -> Bonuslu 11,5s (+2,0s Prim)"
25.09.2026,25,Cuma,32194063110,00574,00574,HATİCE ERBAŞ,AMBAR,BİGADİÇ,07:52,17:17,08:00,17:17,"07:52, 17:17",9.42,1.5,7.5,7.5,0.0,0.0,7.5,NORMAL,False,
25.09.2026,25,Cuma,45823635220,01148,01148,HATİCE GÖLBAŞ,ÜRETİM,HALİL DİĞRENCİ,08:06,20:05,08:00,20:05,"08:06, 20:05",11.98,1.5,10.5,7.5,3.0,0.0,10.5,NORMAL,False,
25.09.2026,25,Cuma,31324091924,00084,00084,HATİCE KURT,ÜRETİM,BİGADİÇ,15:55,00:03,15:55,00:03,"15:55, 00:03",8.13,0.5,7.5,7.5,0.0,0.0,7.5,NORMAL,False,
25.09.2026,25,Cuma,10817807990,01096,01096,HATİCE ONUK,ÜRETİM,HALİL DİĞRENCİ,08:03,20:02,08:00,20:02,"08:03, 20:02",11.98,1.5,10.5,7.5,3.0,0.0,10.5,NORMAL,False,
25.09.2026,25,Cuma,33850041688,00577,00577,HATİCE SAVAŞÇI,BALIK TEMİZLEME,BALIKESİR,07:47,17:14,08:00,17:14,"07:47, 17:14",9.45,1.5,7.5,7.5,0.0,0.0,7.5,NORMAL,False,
25.09.2026,25,Cuma,26002427744,00227,00227,HAVVA ALPER,BALIK DOLUM,MKP,09:48,17:50,09:30,17:50,"09:48, 17:50",8.03,1.5,7.0,6.0,3.0,2.0,9.0,BÖLÜM_PRİMLİ,False,"Balık Dolum ve Kesim Primi: Fiili 7,0s -> Bonuslu 9,0s (+2,0s Prim)"
25.09.2026,25,Cuma,26653281238,00228,00228,HAVVA BAYRAM,BALIK TEMİZLEME,BALIKESİR,07:47,17:13,08:00,17:13,"07:47, 17:13",9.43,1.5,7.5,7.5,0.0,0.0,7.5,NORMAL,False,
25.09.2026,25,Cuma,30367150308,00852,00852,HAYRULLAH TOPRAK,AMBAR,GÜVEN TURİZM,07:53,17:15,08:00,17:15,"07:53, 17:15",9.37,1.5,7.5,7.5,0.0,0.0,7.5,NORMAL,False,
25.09.2026,25,Cuma,10156949566,01270,01270,HAYRİYE BEYİRKEN,ÜRETİM,HALİL DİĞRENCİ,08:06,20:00,08:00,20:00,"08:06, 20:00",11.9,1.5,10.5,7.5,3.0,0.0,10.5,NORMAL,False,
25.09.2026,25,Cuma,33289026430,00480,00480,HÜLYA TOPAL,AMBAR,BİGADİÇ,07:52,17:17,08:00,17:17,"07:52, 17:17",9.42,1.5,7.5,7.5,0.0,0.0,7.5,NORMAL,False,
25.09.2026,25,Cuma,30856107820,00091,00091,HÜLYA ÜÜNAL,AMBAR,BİGADİÇ,07:52,17:17,08:00,17:17,"07:52, 17:17",9.42,1.5,7.5,7.5,0.0,0.0,7.5,NORMAL,False,
25.09.2026,25,Cuma,23524501518,00231,00231,KADRİYE BEYHAN,BALIK TEMİZLEME,HALİL DİĞRENCİ,08:02,17:18,08:00,17:18,"08:02, 17:18",9.27,1.5,7.5,7.5,0.0,0.0,7.5,NORMAL,False,
25.09.2026,25,Cuma,49981303052,00093,00093,KADİR AZAR,AMBAR,KARACABEY,08:02,17:16,08:00,17:16,"08:02, 17:16",9.23,1.5,7.5,7.5,0.0,0.0,7.5,NORMAL,False,
25.09.2026,25,Cuma,27448226656,00095,00095,KAMİLE DAĞDÇELEN,AMBAR,BİGADİÇ,07:52,17:11,08:00,17:11,"07:52, 17:11",9.32,1.5,7.5,7.5,0.0,0.0,7.5,NORMAL,False,
25.09.2026,25,Cuma,99656887974,00294,00294,KEFA EL HUDUR,BALIK TEMİZLEME,MKP,07:48,17:49,08:00,17:49,"07:48, 17:49",10.02,1.5,8.0,7.5,0.5,0.0,8.0,NORMAL,False,
25.09.2026,25,Cuma,33067084584,00097,00097,KEMAL DURMUŞ,İŞLETME,SUSURLUK,20:09,10:22,00:00,10:22,"20:09, 10:22",14.22,0.5,9.5,7.5,2.0,0.0,9.5,NORMAL,False,
25.09.2026,25,Cuma,33397029286,01327,01327,KÜBÜŞRA ALTAY,SATIN ALMA,BANDIRMA,07:40,17:12,08:00,17:12,"07:40, 17:12",9.53,1.5,7.5,7.5,0.0,0.0,7.5,NORMAL,False,
25.09.2026,25,Cuma,25657430024,00199,00199,KÜRŞAT TÜRKAN,BAKIM,KARACABEY,08:31,18:42,08:30,18:42,"08:31, 18:42",10.18,1.5,8.5,7.0,1.5,0.0,8.5,NORMAL,False,
25.09.2026,25,Cuma,99959615564,00200,00200,MAHMOUD ALZALEK,ELEKTRİK,SUSURLUK,20:09,08:00,00:00,08:00,"20:09, 08:00",11.85,0.5,7.5,7.5,0.0,0.0,7.5,NORMAL,False,
25.09.2026,25,Cuma,20458603738,00528,00528,MAHMURE ESEN,BALIK TEMİZLEME,HALİL DİĞRENCİ,08:02,17:20,08:00,17:20,"08:02, 17:19, 17:20",9.3,1.5,7.5,7.5,0.0,0.0,7.5,ÇOKLU_BASIM_MIN_MAX,True,"Çoklu Basım: İlk Giriş 08:02, Son Çıkış 17:20 (7,5s)"
25.09.2026,25,Cuma,29749160806,00104,00104,MAHİR HİLMİ ULUKÖK,YENİ BALIK HATTI,SUSURLUK,08:20,17:43,08:00,17:43,"08:20, 17:43",9.38,1.5,8.0,7.5,0.5,0.0,8.0,NORMAL,False,
25.09.2026,25,Cuma,54871132810,00232,00232,MAHİZER BAĞ,BALIK TEMİZLEME,KARACABEY,08:03,17:23,08:00,17:23,"08:03, 17:23",9.33,1.5,7.5,7.5,0.0,0.0,7.5,NORMAL,False,
25.09.2026,25,Cuma,,01387,01387,MEHMET EMİN BATUR,,HALİL DİĞRENCİ,07:46,20:01,08:00,20:01,"07:46, 20:01",12.25,1.5,10.5,7.5,3.0,0.0,10.5,NORMAL,False,
25.09.2026,25,Cuma,13876724772,00500,00500,MEHMET KARTAL,AMBAR,SUSURLUK,07:44,17:11,08:00,17:11,"07:44, 17:11",9.45,1.5,7.5,7.5,0.0,0.0,7.5,NORMAL,False,
25.09.2026,25,Cuma,01345,01345,01345,MELEK CEYHAN,DİĞER,HALİL DİĞRENCİ,08:00,-,08:00,17:00,08:00,7.5,1.5,7.5,7.5,0.0,0.0,7.5,ÇIKIŞ_YOK_SABAH,True,"Giriş: 08:00 | Çıkış Basılmadı (Tam Gün 7,5s yazıldı)"
25.09.2026,25,Cuma,40483844500,01126,01126,MELİSA YILMAZ,ÜRETİM,HALİL DİĞRENCİ,08:06,20:05,08:00,20:05,"08:06, 20:05",11.98,1.5,10.5,7.5,3.0,0.0,10.5,NORMAL,False,
25.09.2026,25,Cuma,,01386,01386,MENEKŞE DURMAN,,HALİL DİĞRENCİ,07:36,20:05,08:00,20:05,"07:36, 20:05",12.48,1.5,10.5,7.5,3.0,0.0,10.5,NORMAL,False,
25.09.2026,25,Cuma,61984174392,01070,01070,MESERRET DAĞ,ÜRETİM,SÇEVİKAT ÇELİK,-,19:51,08:00,19:51,19:51,11.85,1.5,10.5,7.5,3.0,0.0,10.5,GİRİŞ_YOK_AKŞAM,True,"Çıkış: 19:51 | Giriş Basılmadı (08:00 başı ile 10,5s korundu)"
25.09.2026,25,Cuma,28027546004,00112,00112,MESUT ERDEL,BAKIM,SUSURLUK,08:02,17:35,08:00,17:35,"08:02, 17:35",9.55,1.5,8.0,7.5,0.5,0.0,8.0,NORMAL,False,
25.09.2026,25,Cuma,99248627704,00005,00005,MHD BASSEL ALZALEK,ELEKTRİK,SUSURLUK,07:44,-,07:44,17:00,07:44,7.5,1.5,7.5,7.5,0.0,0.0,7.5,ÇIKIŞ_YOK_SABAH,True,"Giriş: 07:44 | Çıkış Basılmadı (Tam Gün 7,5s yazıldı)"
25.09.2026,25,Cuma,23329391024,00514,00514,MUKATDES KARAMANOĞLU,BALIK TEMİZLEME,BALIKESİR,07:47,17:16,08:00,17:16,"07:47, 17:16",9.48,1.5,7.5,7.5,0.0,0.0,7.5,NORMAL,False,
25.09.2026,25,Cuma,15205679746,00572,00572,MURAT YONSUL,AMBAR,GÖBEL,07:45,23:40,08:00,23:40,"07:45, 23:40",15.92,1.5,14.0,7.5,6.5,0.0,14.0,NORMAL,False,
25.09.2026,25,Cuma,25621221832,00118,00118,MUSTAFA KAYA,İŞLETME,MKP,07:48,20:09,08:00,20:09,"07:48, 20:09",12.35,1.5,10.5,7.5,3.0,0.0,10.5,NORMAL,False,
25.09.2026,25,Cuma,,01373,01373,MUSTAFA KURT,,HALİL DİĞRENCİ,07:44,13:25,08:00,13:25,"07:44, 13:25",5.68,1.5,4.0,4.0,0.0,0.0,4.0,NORMAL,False,
25.09.2026,25,Cuma,21976553468,00234,00234,MÜCAHİT ÇOLAK,BALIK TEMİZLEME,KARACABEY,08:05,17:21,08:00,17:21,"08:05, 17:21",9.27,1.5,7.5,7.5,0.0,0.0,7.5,NORMAL,False,
25.09.2026,25,Cuma,31195265912,01056,01056,MÜRVET ÇAKAN,BALIK TEMİZLEME,HALİL DİĞRENCİ,08:02,17:17,08:00,17:17,"08:02, 17:17",9.25,1.5,7.5,7.5,0.0,0.0,7.5,NORMAL,False,
25.09.2026,25,Cuma,23539402008,00716,00716,MÜRVET ŞAFAK,ÜRETİM,SUSURLUK TUR-REŞAT,07:44,17:08,08:00,17:08,"07:44, 17:08",9.4,1.5,7.5,7.5,0.0,0.0,7.5,NORMAL,False,
25.09.2026,25,Cuma,33124024560,00120,00120,MÜZEYYEN ERDİNÇ,BALIK TEMİZLEME,BALIKESİR,07:47,17:18,08:00,17:18,"07:47, 17:18",9.52,1.5,7.5,7.5,0.0,0.0,7.5,NORMAL,False,
25.09.2026,25,Cuma,12556753194,00235,00235,NACİYE KARABULUT,BALIK TEMİZLEME,BALIKESİR,07:47,17:16,08:00,17:16,"07:47, 17:16",9.48,1.5,7.5,7.5,0.0,0.0,7.5,NORMAL,False,
25.09.2026,25,Cuma,16324748870,01178,01178,NAZMİYE ÇELİK,BALIK TEMİZLEME,GÜVEN MUSTAFAKEMALPAŞA,07:56,17:21,08:00,17:21,"07:56, 17:21",9.42,1.5,7.5,7.5,0.0,0.0,7.5,NORMAL,False,
25.09.2026,25,Cuma,28510235804,00121,00121,NAİL AKSOY,ŞÖFÖR,SUSURLUK,15:50,23:57,15:50,23:57,"15:50, 23:57",8.12,0.5,7.5,7.5,0.0,0.0,7.5,NORMAL,False,
25.09.2026,25,Cuma,24031385950,00380,00380,NECMİ SEVER,MEYDAN,GÖBEL,07:53,17:12,08:00,17:12,"07:53, 17:12",9.32,1.5,7.5,7.5,0.0,0.0,7.5,NORMAL,False,
25.09.2026,25,Cuma,21991561554,00930,00930,NECMİYE ÜÜLKER,BALIK TEMİZLEME,GÜVEN MUSTAFAKEMALPAŞA,07:56,17:16,08:00,17:16,"07:56, 17:16",9.33,1.5,7.5,7.5,0.0,0.0,7.5,NORMAL,False,
25.09.2026,25,Cuma,54874132756,00974,00974,NECİFE BAĞ,BALIK TEMİZLEME,KARACABEY,08:03,17:23,08:00,17:23,"08:03, 17:23",9.33,1.5,7.5,7.5,0.0,0.0,7.5,NORMAL,False,
25.09.2026,25,Cuma,17902565544,00128,00128,NURAY AVCI,YEMEKHANE,BALIKESİR,07:47,17:12,08:00,17:12,"07:47, 17:12",9.42,1.5,7.5,7.5,0.0,0.0,7.5,NORMAL,False,
25.09.2026,25,Cuma,25970637896,00129,00129,NURAY ELİSÇIKIŞ,AMBAR,BALIKESİR,07:48,17:13,08:00,17:13,"07:48, 17:13",9.42,1.5,7.5,7.5,0.0,0.0,7.5,NORMAL,False,
25.09.2026,25,Cuma,21478446602,00236,00236,NURCAN EREN,BALIK TEMİZLEME,BALIKESİR,07:47,17:14,08:00,17:14,"07:47, 17:14",9.45,1.5,7.5,7.5,0.0,0.0,7.5,NORMAL,False,
25.09.2026,25,Cuma,15736612786,01352,01352,NURGÜL ADIGÜL,ÜRETİM,BİGADİÇ,15:56,00:01,15:56,00:01,"15:56, 00:01",8.08,0.5,7.5,7.5,0.0,0.0,7.5,NORMAL,False,
25.09.2026,25,Cuma,13318692676,01064,01064,NURGÜL PARLAS,ÜRETİM,BİGADİÇ,-,15:56,08:00,15:56,15:56,7.93,0.5,7.5,7.5,0.0,0.0,7.5,GİRİŞ_YOK_AKŞAM,True,"Çıkış: 15:56 | Giriş Basılmadı (08:00 başı ile 7,5s korundu)"
25.09.2026,25,Cuma,22186447318,00137,00137,NURTEN CAN,ÜRETİM,SUSURLUK TUR-REŞAT,07:44,17:08,08:00,17:08,"07:44, 17:08",9.4,1.5,7.5,7.5,0.0,0.0,7.5,NORMAL,False,
25.09.2026,25,Cuma,27289383990,00931,00931,NURTEN ERDEM,BALIK TEMİZLEME,GÜVEN MUSTAFAKEMALPAŞA,07:56,17:19,08:00,17:19,"07:56, 17:19",9.38,1.5,7.5,7.5,0.0,0.0,7.5,NORMAL,False,
25.09.2026,25,Cuma,13420739290,00003,00003,NURİ GÜLSER,KAPI GÖREVLİSİ,GÖBEL,07:45,15:59,08:00,15:59,"07:45, 15:59",8.23,0.5,7.5,7.5,0.0,0.0,7.5,NORMAL,False,
25.09.2026,25,Cuma,52996654668,00237,00237,NURİYE AKKUŞ,BALIK TEMİZLEME,BANDIRMA,07:40,17:18,08:00,17:18,"07:40, 17:18",9.63,1.5,7.5,7.5,0.0,0.0,7.5,NORMAL,False,
25.09.2026,25,Cuma,13189854302,00006,00006,OZAN BUĞA,BAKIM,MKP,07:49,16:52,08:00,16:52,"07:49, 16:52",9.05,1.5,7.5,7.5,0.0,0.0,7.5,NORMAL,False,
25.09.2026,25,Cuma,29677146866,00238,00238,RABİYE ÇENECİOĞLU,BALIK TEMİZLEME,BALIKESİR,07:47,17:19,08:00,17:19,"07:47, 17:18, 17:19",9.53,1.5,7.5,7.5,0.0,0.0,7.5,ÇOKLU_BASIM_MIN_MAX,True,"Çoklu Basım: İlk Giriş 07:47, Son Çıkış 17:19 (7,5s)"
25.09.2026,25,Cuma,29359208356,00145,00145,RAMAZAN KÜÇÜKÇÇAKIR,ŞÖFÖR,SUSURLUK,07:59,16:57,08:00,16:57,"07:59, 16:57",8.97,1.5,7.5,7.5,0.0,0.0,7.5,NORMAL,False,
25.09.2026,25,Cuma,24022385860,01316,01316,RECEP İÇÖZ,MEYDAN,GÖBEL,07:48,17:03,08:00,17:03,"07:48, 17:03",9.25,1.5,7.5,7.5,0.0,0.0,7.5,NORMAL,False,
25.09.2026,25,Cuma,28108249688,00146,00146,RIDVAN DEMİRDAK,ŞÖFÖR,GÖBEL,23:57,08:14,00:00,08:14,"23:57, 08:14",8.28,0.5,7.5,7.5,0.0,0.0,7.5,NORMAL,False,
25.09.2026,25,Cuma,16561742068,00842,00842,RUKİYE UZUN,BALIK TEMİZLEME,GÜVEN TURİZM,07:37,17:21,08:00,17:21,"07:37, 17:21",9.73,1.5,7.5,7.5,0.0,0.0,7.5,NORMAL,False,
25.09.2026,25,Cuma,34807027090,00536,00536,SABRİ ACAR,YENİ BALIK HATTI,SUSURLUK,23:49,07:55,00:00,07:55,"23:49, 07:55",8.1,0.5,7.5,7.5,0.0,0.0,7.5,NORMAL,False,
25.09.2026,25,Cuma,17335367982,01021,01021,SABİHA AKIN,ÜRETİM,HALİL DİĞRENCİ,08:04,20:05,08:00,20:05,"08:04, 20:05",12.02,1.5,10.5,7.5,3.0,0.0,10.5,NORMAL,False,
25.09.2026,25,Cuma,33640164108,01130,01130,SAMET YUMİTKEN,ÜRETİM,HALİL DİĞRENCİ,08:04,-,08:04,17:00,08:04,7.5,1.5,7.5,7.5,0.0,0.0,7.5,ÇIKIŞ_YOK_SABAH,True,"Giriş: 08:04 | Çıkış Basılmadı (Tam Gün 7,5s yazıldı)"
25.09.2026,25,Cuma,30373124058,00149,00149,SANİYE CEYLAN,AMBAR,BİGADİÇ,07:52,17:11,08:00,17:11,"07:52, 17:11",9.32,1.5,7.5,7.5,0.0,0.0,7.5,NORMAL,False,
25.09.2026,25,Cuma,24178356332,00153,00153,SEHER ÖZDEN,YEMEKHANE,BALIKESİR,07:47,17:12,08:00,17:12,"07:47, 17:12",9.42,1.5,7.5,7.5,0.0,0.0,7.5,NORMAL,False,
25.09.2026,25,Cuma,11248811624,00009,00009,SELAHATTİN SÖĞÜT,ŞÖFÖR,GÖBEL,07:51,19:00,08:00,19:00,"07:51, 19:00",11.15,1.5,9.5,7.5,2.0,0.0,9.5,NORMAL,False,
25.09.2026,25,Cuma,19723478966,01069,01069,SELMA AYHAN,ÜRETİM,BİGADİÇ,15:55,00:03,15:55,00:03,"15:55, 00:03",8.13,0.5,7.5,7.5,0.0,0.0,7.5,NORMAL,False,
25.09.2026,25,Cuma,49369567458,00559,00559,SELMA TUNÇ,BALIK TEMİZLEME,BALIKESİR,07:46,17:15,08:00,17:15,"07:46, 17:15",9.48,1.5,7.5,7.5,0.0,0.0,7.5,NORMAL,False,
25.09.2026,25,Cuma,,01371,01371,SELİM KIRAY,,GÜVEN MUSTAFAKEMALPAŞA,09:49,17:49,09:30,17:49,"09:49, 17:49",8.0,1.5,6.5,6.0,0.5,0.0,6.5,NORMAL,False,
25.09.2026,25,Cuma,46825626414,00724,00724,SEMANUR GÜLIŞIK,FORMEN,KARACABEY,08:02,17:16,08:00,17:16,"08:02, 17:16",9.23,1.5,7.5,7.5,0.0,0.0,7.5,NORMAL,False,
25.09.2026,25,Cuma,13696829374,01361,01361,SERPİL İİPEK,,HALİL DİĞRENCİ,08:04,20:08,08:00,20:08,"08:04, 20:08",12.07,1.5,10.5,7.5,3.0,0.0,10.5,NORMAL,False,
25.09.2026,25,Cuma,15250777510,01063,01063,SEZAİ ÇELİK,BALIK,HALİL DİĞRENCİ,08:05,17:12,08:00,17:12,"08:05, 17:12",9.12,1.5,7.5,7.5,0.0,0.0,7.5,NORMAL,False,
25.09.2026,25,Cuma,29200163070,01066,01066,SEZGİN YILDIRIM,ÜRETİM,BİGADİÇ,15:56,00:03,15:56,00:03,"15:56, 00:03",8.12,0.5,7.5,7.5,0.0,0.0,7.5,NORMAL,False,
25.09.2026,25,Cuma,01370,01370,01370,SEZGİN İRGÖREN,DİĞER,GÜVEN MUSTAFAKEMALPAŞA,09:49,17:49,09:30,17:49,"09:49, 17:49",8.0,1.5,6.5,6.0,0.5,0.0,6.5,NORMAL,False,
25.09.2026,25,Cuma,18847656960,00740,00740,SEÇİL ARIBOĞA,ÜRETİM,HALİL DİĞRENCİ,08:04,20:02,08:00,20:02,"08:04, 20:02",11.97,1.5,10.5,7.5,3.0,0.0,10.5,NORMAL,False,
25.09.2026,25,Cuma,55963096430,00240,00240,SULTAN BAĞ,BALIK TEMİZLEME,KARACABEY,08:03,17:23,08:00,17:23,"08:03, 17:23",9.33,1.5,7.5,7.5,0.0,0.0,7.5,NORMAL,False,
25.09.2026,25,Cuma,42014033940,01072,01072,SÇEVİKAT ÇELİK,ÜRETİM,SÇEVİKAT ÇELİK,-,19:51,08:00,19:51,19:51,11.85,1.5,10.5,7.5,3.0,0.0,10.5,GİRİŞ_YOK_AKŞAM,True,"Çıkış: 19:51 | Giriş Basılmadı (08:00 başı ile 10,5s korundu)"
25.09.2026,25,Cuma,10582783284,00170,00170,SİBEL ÇÇAKIR,ÜRETİM,BİGADİÇ,15:56,00:04,15:56,00:04,"15:56, 00:04",8.13,0.5,7.5,7.5,0.0,0.0,7.5,NORMAL,False,
25.09.2026,25,Cuma,29761139378,01038,01038,TALHA YAVAŞ,KALİTE,BANDIRMA,23:21,08:32,00:00,08:32,"23:21, 08:32",9.18,0.5,8.0,7.5,0.5,0.0,8.0,NORMAL,False,
25.09.2026,25,Cuma,10705928394,00976,00976,TAYFUN GÜNCÜ,BALIK TEMİZLEME,HALİL DİĞRENCİ,08:05,17:20,08:00,17:20,"08:05, 17:20",9.25,1.5,7.5,7.5,0.0,0.0,7.5,NORMAL,False,
25.09.2026,25,Cuma,13252843738,00243,00243,TAYFUN TIĞRAK,FORMEN,KARACABEY,07:48,18:04,08:00,18:04,"07:48, 18:04",10.27,1.5,8.5,7.5,1.0,0.0,8.5,NORMAL,False,
25.09.2026,25,Cuma,32938871292,00183,00183,TAYFUN ÇELİK,MEYDAN,MKP,07:49,17:23,08:00,17:23,"07:49, 17:23",9.57,1.5,7.5,7.5,0.0,0.0,7.5,NORMAL,False,
25.09.2026,25,Cuma,30925156292,00501,00501,TUNCAY METİN,KAPI GÖREVLİSİ,SUSURLUK,23:41,08:01,00:00,08:01,"23:41, 08:01",8.33,0.5,7.5,7.5,0.0,0.0,7.5,NORMAL,False,
25.09.2026,25,Cuma,14701796544,00582,00582,YUSUF SAMAR,MUHASEBE,KARACABEY,08:02,17:15,08:00,17:15,"08:02, 17:15",9.22,1.5,7.5,7.5,0.0,0.0,7.5,NORMAL,False,
25.09.2026,25,Cuma,31861120316,00191,00191,ZAHİDE GÜRBÜZ,BALIK TEMİZLEME,BALIKESİR,07:47,17:17,08:00,17:17,"07:47, 17:17",9.5,1.5,7.5,7.5,0.0,0.0,7.5,NORMAL,False,
25.09.2026,25,Cuma,27560597764,01048,01048,ZAHİDE HAĞİ,BALIK TEMİZLEME,HALİL DİĞRENCİ,08:02,17:23,08:00,17:23,"08:02, 17:23",9.35,1.5,7.5,7.5,0.0,0.0,7.5,NORMAL,False,
25.09.2026,25,Cuma,31552110794,00935,00935,ZAHİDE KALDEMİR,BALIK TEMİZLEME,GÜVEN MUSTAFAKEMALPAŞA,07:57,17:22,08:00,17:22,"07:57, 17:22",9.42,1.5,7.5,7.5,0.0,0.0,7.5,NORMAL,False,
25.09.2026,25,Cuma,22249543988,00192,00192,ZAHİDE NEDİRLİ,KALİTE,KARACABEY,08:02,17:16,08:00,17:16,"08:02, 17:16",9.23,1.5,7.5,7.5,0.0,0.0,7.5,NORMAL,False,
25.09.2026,25,Cuma,10820807680,01097,01097,ZEHRA ONUK,ÜRETİM,HALİL DİĞRENCİ,08:04,20:02,08:00,20:02,"08:04, 20:02",11.97,1.5,10.5,7.5,3.0,0.0,10.5,NORMAL,False,
25.09.2026,25,Cuma,28729335166,00936,00936,ZELİHA KEİREMETÇİ,BALIK TEMİZLEME,GÜVEN MUSTAFAKEMALPAŞA,07:56,17:22,08:00,17:22,"07:56, 17:22",9.43,1.5,7.5,7.5,0.0,0.0,7.5,NORMAL,False,
25.09.2026,25,Cuma,14047825472,00937,00937,ZELİHA ORUÇ,BALIK TEMİZLEME,GÜVEN MUSTAFAKEMALPAŞA,07:56,17:19,08:00,17:19,"07:56, 17:19",9.38,1.5,7.5,7.5,0.0,0.0,7.5,NORMAL,False,
25.09.2026,25,Cuma,24289352612,00244,00244,ZEYNEP KARAMAN,BALIK TEMİZLEME,BALIKESİR,07:46,17:14,08:00,17:14,"07:46, 17:14",9.47,1.5,7.5,7.5,0.0,0.0,7.5,NORMAL,False,
25.09.2026,25,Cuma,33742169780,00246,00246,ZEYNEP KURT,BALIK DOLUM,MKP,09:48,17:50,09:30,17:50,"09:48, 17:50",8.03,1.5,7.0,6.0,3.0,2.0,9.0,BÖLÜM_PRİMLİ,False,"Balık Dolum ve Kesim Primi: Fiili 7,0s -> Bonuslu 9,0s (+2,0s Prim)"
25.09.2026,25,Cuma,22498412394,00765,00765,ZEYNEP ONBAŞI,YEMEKHANE,BALIKESİR,07:47,17:12,08:00,17:12,"07:47, 17:12",9.42,1.5,7.5,7.5,0.0,0.0,7.5,NORMAL,False,
25.09.2026,25,Cuma,22319750032,00782,00782,ÇİDEM FİDAN,BALIK TEMİZLEME,BANDIRMA,07:41,17:20,08:00,17:20,"07:41, 17:20",9.65,1.5,7.5,7.5,0.0,0.0,7.5,NORMAL,False,
25.09.2026,25,Cuma,17749594400,00033,00033,ÇİSEM BÇAKIR,KALİTE,SUSURLUK,15:50,23:58,15:50,23:58,"15:50, 23:58",8.13,0.5,7.5,7.5,0.0,0.0,7.5,NORMAL,False,
25.09.2026,25,Cuma,33037193346,01349,01349,ÖMÜR SEPETÇİ,ÜRETİM,GÜVEN MUSTAFAKEMALPAŞA,07:57,17:23,08:00,17:23,"07:57, 17:23",9.43,1.5,7.5,7.5,0.0,0.0,7.5,NORMAL,False,
25.09.2026,25,Cuma,27235386938,00139,00139,ÖMÜRLÜ FERİK,KAZAN,MKP,07:47,20:15,08:00,20:15,"07:47, 20:15",12.47,1.5,10.5,7.5,3.0,0.0,10.5,NORMAL,False,
25.09.2026,25,Cuma,12268777280,00185,00185,ÜMMÜ AYDOĞAN,ÜRETİM,SUSURLUK TUR-REŞAT,07:45,17:08,08:00,17:08,"07:45, 17:08",9.38,1.5,7.5,7.5,0.0,0.0,7.5,NORMAL,False,
25.09.2026,25,Cuma,57541044000,01195,01195,ÜMMÜGÜLSÜM BAĞ,BALIK TEMİZLEME,KARACABEY,08:03,17:23,08:00,17:23,"08:03, 17:23",9.33,1.5,7.5,7.5,0.0,0.0,7.5,NORMAL,False,
25.09.2026,25,Cuma,29515203096,00092,00092,İBÜŞRAHİM YILDIRIM,MEYDAN,MKP,07:47,19:25,08:00,19:25,"07:47, 19:25",11.63,1.5,9.5,7.5,2.0,0.0,9.5,NORMAL,False,
25.09.2026,25,Cuma,42844787082,00783,00783,İSMAİL BARAK,BALIK KESİM,HALİL DİĞRENCİ,08:06,17:12,08:00,17:12,"08:06, 17:12",9.1,1.5,7.5,7.5,2.0,2.0,9.5,BÖLÜM_PRİMLİ,False,"Balık Dolum ve Kesim Primi: Fiili 7,5s -> Bonuslu 9,5s (+2,0s Prim)"
25.09.2026,25,Cuma,25060351046,00230,00230,İSMAİL İMİR,OTOKLAV OPERATÖRÜ,SUSURLUK,05:00,-,05:00,17:00,05:00,7.5,1.5,7.5,7.5,0.0,0.0,7.5,ÇIKIŞ_YOK_SABAH,True,"Giriş: 05:00 | Çıkış Basılmadı (Tam Gün 7,5s yazıldı)"
25.09.2026,25,Cuma,37276043530,00426,00426,İİLKNUR KURDEŞ,BALIK TEMİZLEME,HALİL DİĞRENCİ,08:02,17:22,08:00,17:22,"08:02, 17:22",9.33,1.5,7.5,7.5,0.0,0.0,7.5,NORMAL,False,
25.09.2026,25,Cuma,13720827796,00176,00176,ŞADİ BAŞARICI,BAKIM,KARACABEY,15:30,00:04,15:30,00:04,"15:30, 00:04",8.57,0.5,7.5,7.5,0.0,0.0,7.5,NORMAL,False,
25.09.2026,25,Cuma,38233180558,00178,00178,ŞAKİR KARAKAŞ,AMBAR,BANDIRMA,07:43,17:16,08:00,17:16,"07:43, 17:16",9.55,1.5,7.5,7.5,0.0,0.0,7.5,NORMAL,False,
25.09.2026,25,Cuma,25192322242,00179,00179,ŞAYİKA KOPARAN,AMBAR,BİGADİÇ,07:52,17:13,08:00,17:13,"07:52, 17:13",9.35,1.5,7.5,7.5,0.0,0.0,7.5,NORMAL,False,
25.09.2026,25,Cuma,38240191356,01161,01161,ŞENGÜL ALEMİN,ÜRETİM,HALİL DİĞRENCİ,20:02,07:54,00:00,07:54,"20:02, 07:54",11.87,0.5,7.5,7.5,0.0,0.0,7.5,NORMAL,False,
25.09.2026,25,Cuma,10255820520,00242,00242,ŞERBANE SARAN,BALIK TEMİZLEME,BALIKESİR,07:47,17:14,08:00,17:14,"07:47, 17:14",9.45,1.5,7.5,7.5,0.0,0.0,7.5,NORMAL,False,
25.09.2026,25,Cuma,,01384,01384,ŞEYMA İİPEK,,HALİL DİĞRENCİ,08:06,20:06,08:00,20:06,"08:06, 20:06",12.0,1.5,10.5,7.5,3.0,0.0,10.5,NORMAL,False,
26.09.2026,26,Cumartesi,18655664102,00011,00011,ADVİYE YARICI,BALIK TEMİZLEME,HALİL DİĞRENCİ,08:07,17:01,08:00,17:01,"08:07, 17:01",8.9,1.5,7.5,7.5,0.0,0.0,7.5,NORMAL,False,
26.09.2026,26,Cumartesi,23527501454,00583,00583,AHMET BEYHAN,BAKIM,KARACABEY,08:06,18:24,08:00,18:24,"08:06, 18:24",10.3,1.5,8.5,7.5,1.0,0.0,8.5,NORMAL,False,
26.09.2026,26,Cumartesi,16510742668,01154,01154,AKİF TÜRKÇÜ,BALIK TEMİZLİK,MKP,-,18:22,08:00,18:22,18:22,10.37,1.5,8.5,7.5,1.0,0.0,8.5,GİRİŞ_YOK_AKŞAM,True,"Çıkış: 18:22 | Giriş Basılmadı (08:00 başı ile 8,5s korundu)"
26.09.2026,26,Cumartesi,,01382,01382,ALİ BALTA,,HALİL DİĞRENCİ,08:10,20:01,08:00,20:01,"08:10, 20:01",11.85,1.5,10.5,7.5,3.0,0.0,10.5,NORMAL,False,
26.09.2026,26,Cumartesi,13183506030,01102,01102,ALİ EŞREF AKIN,ÜRETİM,HALİL DİĞRENCİ,08:08,20:01,08:00,20:01,"08:08, 20:01",11.88,1.5,10.5,7.5,3.0,0.0,10.5,NORMAL,False,
26.09.2026,26,Cumartesi,99320980932,00247,00247,ANUD ELMEAŞİ,BALIK TEMİZLEME,GÜVEN TURİZM,07:38,17:07,08:00,17:07,"07:38, 17:07",9.48,1.5,7.5,7.5,0.0,0.0,7.5,NORMAL,False,
26.09.2026,26,Cumartesi,28336192374,00308,00308,ARZU KILA,AMBAR,BİGADİÇ,07:51,19:27,08:00,19:27,"07:51, 19:27",11.6,1.5,10.0,7.5,2.5,0.0,10.0,NORMAL,False,
26.09.2026,26,Cumartesi,28033351500,01357,01357,ARZU ÖZTÜRK,BALIK TEMİZLEME,GÜVEN MUSTAFAKEMALPAŞA,07:56,17:06,08:00,17:06,"07:56, 17:06",9.17,1.5,7.5,7.5,0.0,0.0,7.5,NORMAL,False,
26.09.2026,26,Cumartesi,24709461474,00894,00894,ASLI BAYRAKTAR,BALIK DOLUM,GÜVEN TURİZM,07:38,17:06,08:00,17:06,"07:38, 17:06",9.47,1.5,7.5,7.5,2.0,2.0,9.5,BÖLÜM_PRİMLİ,False,"Balık Dolum ve Kesim Primi: Fiili 7,5s -> Bonuslu 9,5s (+2,0s Prim)"
26.09.2026,26,Cumartesi,12572550074,00209,00209,ASYA TİLKİ,BALIK TEMİZLEME,KARACABEY,07:47,17:05,08:00,17:05,"07:47, 17:04, 17:05",9.3,1.5,7.5,7.5,0.0,0.0,7.5,ÇOKLU_BASIM_MIN_MAX,True,"Çoklu Basım: İlk Giriş 07:47, Son Çıkış 17:05 (7,5s)"
26.09.2026,26,Cumartesi,22426711476,00754,00754,AYNUR DEMİRCAN,BALIK TEMİZLEME,HALİL DİĞRENCİ,08:09,17:05,08:00,17:05,"08:09, 17:05",8.93,1.5,7.5,7.5,0.0,0.0,7.5,NORMAL,False,
26.09.2026,26,Cumartesi,13543834438,01145,01145,AYSEL ÇETİNTAŞ,ÜRETİM,HALİL DİĞRENCİ,08:08,20:10,08:00,20:10,"08:08, 20:10",12.03,1.5,10.5,7.5,3.0,0.0,10.5,NORMAL,False,
26.09.2026,26,Cumartesi,,01385,01385,AYÇA KARAMAN,,HALİL DİĞRENCİ,07:39,20:03,08:00,20:03,"07:39, 20:03",12.4,1.5,10.5,7.5,3.0,0.0,10.5,NORMAL,False,
26.09.2026,26,Cumartesi,25567503092,00211,00211,AYÇA SEZER,KALİTE,BANDIRMA,07:38,17:05,08:00,17:05,"07:38, 17:05",9.45,1.5,7.5,7.5,0.0,0.0,7.5,NORMAL,False,
26.09.2026,26,Cumartesi,33253033204,00021,00021,AYŞE KURT,ÜRETİM,BİGADİÇ,15:57,00:08,15:57,00:08,"15:57, 00:08",8.18,0.5,7.5,7.5,0.0,0.0,7.5,NORMAL,False,
26.09.2026,26,Cumartesi,34120156552,00215,00215,AYŞE YILMAZ,BALIK DOLUM,MKP,09:41,17:55,09:30,17:55,"09:41, 17:55",8.23,1.5,7.0,6.0,3.0,2.0,9.0,BÖLÜM_PRİMLİ,False,"Balık Dolum ve Kesim Primi: Fiili 7,0s -> Bonuslu 9,0s (+2,0s Prim)"
26.09.2026,26,Cumartesi,11284759850,00018,00018,AYŞE ÇENECİOĞLU,AMBAR,BİGADİÇ,07:51,19:26,08:00,19:26,"07:51, 19:26",11.58,1.5,10.0,7.5,2.5,0.0,10.0,NORMAL,False,
26.09.2026,26,Cumartesi,12496719380,01139,01139,BEDİA KAYMAZ,AMBAR,BİGADİÇ,07:51,19:27,08:00,19:27,"07:51, 19:27",11.6,1.5,10.0,7.5,2.5,0.0,10.0,NORMAL,False,
26.09.2026,26,Cumartesi,14725695762,00025,00025,BEHİCE YALMAN,BALIK DOLUM,GÖBEL,09:41,17:36,09:30,17:36,"09:41, 17:36",7.92,1.5,6.5,6.0,2.5,2.0,8.5,BÖLÜM_PRİMLİ,False,"Balık Dolum ve Kesim Primi: Fiili 6,5s -> Bonuslu 8,5s (+2,0s Prim)"
26.09.2026,26,Cumartesi,11206757414,00902,00902,BERK BERBER,ÇEVRE MÜHENDİSİ,BANDIRMA,-,17:13,08:00,17:13,17:13,9.22,1.5,7.5,7.5,0.0,0.0,7.5,GİRİŞ_YOK_AKŞAM,True,"Çıkış: 17:13 | Giriş Basılmadı (08:00 başı ile 7,5s korundu)"
26.09.2026,26,Cumartesi,10201948476,01170,01170,BUKET DÖNMEZ,KALİTE,HALİL DİĞRENCİ,08:08,20:13,08:00,20:13,"08:08, 20:13",12.08,1.5,10.5,7.5,3.0,0.0,10.5,NORMAL,False,
26.09.2026,26,Cumartesi,33316051664,01339,01339,BİLGİNUR SÜMER,BALIK TEMİZLEME,BALIKESİR,07:51,16:58,08:00,16:58,"07:51, 16:58",9.12,1.5,7.5,7.5,0.0,0.0,7.5,NORMAL,False,
26.09.2026,26,Cumartesi,11950763822,01348,01348,BİLGİYE TOPAL,BALIK TEMİZLEME,GÜVEN MUSTAFAKEMALPAŞA,07:56,17:09,08:00,17:09,"07:56, 17:09",9.22,1.5,7.5,7.5,0.0,0.0,7.5,NORMAL,False,
26.09.2026,26,Cumartesi,31678238334,00922,00922,CANSEL AKCAN,BALIK TEMİZLEME,GÜVEN MUSTAFAKEMALPAŞA,07:55,17:06,08:00,17:06,"07:55, 17:06",9.18,1.5,7.5,7.5,0.0,0.0,7.5,NORMAL,False,
26.09.2026,26,Cumartesi,16933572286,00030,00030,CANSEVER ÇÇAKMAK,AMBAR,BİGADİÇ,07:51,19:36,08:00,19:36,"07:51, 19:36",11.75,1.5,10.0,7.5,2.5,0.0,10.0,NORMAL,False,
26.09.2026,26,Cumartesi,33154180038,00031,00031,CEMALETTİN BEDİZCİ,BAKIM,KARACABEY,07:46,17:38,08:00,17:38,"07:46, 17:38",9.87,1.5,8.0,7.5,0.5,0.0,8.0,NORMAL,False,
26.09.2026,26,Cumartesi,17488585028,00217,00217,CEMİLE KARAN,BALIK TEMİZLEME,BALIKESİR,07:50,16:57,08:00,16:57,"07:50, 16:57",9.12,1.5,7.5,7.5,0.0,0.0,7.5,NORMAL,False,
26.09.2026,26,Cumartesi,23083367440,00320,00320,CEYDA ÖZ,KALİTE,BİGADİÇ,15:56,00:00,15:56,00:00,"15:56, 00:00",8.07,0.5,7.5,7.5,0.0,0.0,7.5,NORMAL,False,
26.09.2026,26,Cumartesi,16699736366,01330,01330,CEYLAN BATAN,BALIK TEMİZLEME,GÜVEN MUSTAFAKEMALPAŞA,07:56,17:08,08:00,17:08,"07:56, 17:08",9.2,1.5,7.5,7.5,0.0,0.0,7.5,NORMAL,False,
26.09.2026,26,Cumartesi,19313787324,00943,00943,CİHAN YILMAZ,BALIK,HALİL DİĞRENCİ,08:09,20:01,08:00,20:01,"08:09, 20:01",11.87,1.5,10.5,7.5,3.0,0.0,10.5,NORMAL,False,
26.09.2026,26,Cumartesi,24961035246,01098,01098,DUDU ÖRENGÜL,KALİTE,GÜVEN MUSTAFAKEMALPAŞA,07:55,17:08,08:00,17:08,"07:55, 17:08",9.22,1.5,7.5,7.5,0.0,0.0,7.5,NORMAL,False,
26.09.2026,26,Cumartesi,99848635024,00283,00283,DUHA EL MUFADDİ,BALIK TEMİZLEME,MKP,07:43,17:55,08:00,17:55,"07:43, 17:55",10.2,1.5,8.5,7.5,1.0,0.0,8.5,NORMAL,False,
26.09.2026,26,Cumartesi,23509358892,00386,00386,DÖNDÜ ŞAHİN,KALİTE,BANDIRMA,23:23,09:26,00:00,09:26,"23:23, 09:26",10.05,0.5,9.0,7.5,1.5,0.0,9.0,NORMAL,False,
26.09.2026,26,Cumartesi,10456937386,01362,01362,DİLEK ÇETİN,,HALİL DİĞRENCİ,08:08,20:01,08:00,20:01,"08:08, 20:01",11.88,1.5,10.5,7.5,3.0,0.0,10.5,NORMAL,False,
26.09.2026,26,Cumartesi,29563469352,00563,00563,EDİP EKİNCİ,KAZAN,SUSURLUK,19:52,08:56,20:00,08:56,"19:52, 08:56",13.07,0.5,12.5,3.5,9.0,0.0,12.5,NORMAL,False,
26.09.2026,26,Cumartesi,10066843626,00374,00374,EFE EVİM,AMBAR,BİGADİÇ,07:52,19:26,08:00,19:26,"07:52, 19:26",11.57,1.5,10.0,7.5,2.5,0.0,10.0,NORMAL,False,
26.09.2026,26,Cumartesi,14266711334,00037,00037,EFRAİM DUMAN,AMBAR,SUSURLUK,19:52,08:00,20:00,08:00,"19:52, 08:00",12.13,0.5,11.5,3.5,8.0,0.0,11.5,NORMAL,False,
26.09.2026,26,Cumartesi,20266511430,00002,00002,ELİF YAVAŞ,MUHASEBE,SUSURLUK,08:26,16:58,08:30,16:58,"08:26, 16:58",8.53,1.5,7.0,7.0,0.0,0.0,7.0,NORMAL,False,
26.09.2026,26,Cumartesi,31009103096,00204,00204,EMEL SANAN,AMBAR,BİGADİÇ,07:50,19:27,08:00,19:27,"07:50, 19:27",11.62,1.5,10.0,7.5,2.5,0.0,10.0,NORMAL,False,
26.09.2026,26,Cumartesi,01377,01377,01377,EMRİCAN DURMAN,DİĞER,HALİL DİĞRENCİ,07:40,20:09,08:00,20:09,"07:40, 20:09",12.48,1.5,10.5,7.5,3.0,0.0,10.5,NORMAL,False,
26.09.2026,26,Cumartesi,12523718256,00043,00043,EMİNE BAYER,AMBAR,BİGADİÇ,07:52,19:26,08:00,19:26,"07:52, 19:26",11.57,1.5,10.0,7.5,2.5,0.0,10.0,NORMAL,False,
26.09.2026,26,Cumartesi,16111749134,01300,01300,EMİNE KARAMAN,BALIK TEMİZLEME,HALİL DİĞRENCİ,08:09,17:04,08:00,17:04,"08:09, 17:04",8.92,1.5,7.5,7.5,0.0,0.0,7.5,NORMAL,False,
26.09.2026,26,Cumartesi,12379749978,00197,00197,EMİNE SARI,YEMEKHANE,BALIKESİR,07:51,16:57,08:00,16:57,"07:51, 16:57",9.1,1.5,7.5,7.5,0.0,0.0,7.5,NORMAL,False,
26.09.2026,26,Cumartesi,45328882280,00859,00859,EMİNE YAVUZ,BALIK TEMİZLEME,GÜVEN TURİZM,07:38,17:06,08:00,17:06,"07:38, 17:06",9.47,1.5,7.5,7.5,0.0,0.0,7.5,NORMAL,False,
26.09.2026,26,Cumartesi,20503503198,00045,00045,EMİNE ÇAPAR,YEMEKHANE,GÖBEL,18:40,03:55,18:30,03:55,"18:40, 03:55",9.25,0.5,9.0,5.0,4.0,0.0,9.0,NORMAL,False,
26.09.2026,26,Cumartesi,10036852948,00046,00046,EMİRHAN MUTLU,BAKIM,GÖBEL,08:21,19:58,08:30,19:58,"08:21, 19:58",11.62,1.5,10.0,7.0,3.0,0.0,10.0,NORMAL,False,
26.09.2026,26,Cumartesi,29470204244,00007,00007,ENDER BİLBAY,KAPI GÖREVLİSİ,GÖBEL,15:56,23:58,15:56,23:58,"15:56, 23:58",8.03,0.5,7.5,7.5,0.0,0.0,7.5,NORMAL,False,
26.09.2026,26,Cumartesi,98284188514,00293,00293,ENES ABDE,BALIK TEMİZLEME,MKP,07:42,17:56,08:00,17:56,"07:42, 17:56",10.23,1.5,8.5,7.5,1.0,0.0,8.5,NORMAL,False,
26.09.2026,26,Cumartesi,34795126850,01351,01351,ERCAN POLAT,BİLGİSAYAR MÜHENDİSİ,KARACABEY,07:46,-,07:46,17:00,07:46,7.5,1.5,7.5,7.5,0.0,0.0,7.5,ÇIKIŞ_YOK_SABAH,True,"Giriş: 07:46 | Çıkış Basılmadı (Tam Gün 7,5s yazıldı)"
26.09.2026,26,Cumartesi,23131415628,00047,00047,ERDİN TETİK,MEYDAN,SUSURLUK,23:43,08:01,00:00,08:01,"23:43, 08:01",8.3,0.5,7.5,7.5,0.0,0.0,7.5,NORMAL,False,
26.09.2026,26,Cumartesi,22260441248,00198,00198,ERSİN ESER,BAKIM,GÖBEL,-,19:57,08:00,19:57,19:57,11.95,1.5,10.5,7.5,3.0,0.0,10.5,GİRİŞ_YOK_AKŞAM,True,"Çıkış: 19:57 | Giriş Basılmadı (08:00 başı ile 10,5s korundu)"
26.09.2026,26,Cumartesi,11633067636,00221,00221,EİREMŞAH KIZILKAYA,BALIK DOLUM,GÖBEL,09:41,17:36,09:30,17:36,"09:41, 17:36",7.92,1.5,6.5,6.0,2.5,2.0,8.5,BÖLÜM_PRİMLİ,False,"Balık Dolum ve Kesim Primi: Fiili 6,5s -> Bonuslu 8,5s (+2,0s Prim)"
26.09.2026,26,Cumartesi,35183294274,00926,00926,FATMA DEMİRER,BALIK TEMİZLEME,GÜVEN MUSTAFAKEMALPAŞA,07:55,17:06,08:00,17:06,"07:55, 17:06",9.18,1.5,7.5,7.5,0.0,0.0,7.5,NORMAL,False,
26.09.2026,26,Cumartesi,32986036254,00056,00056,FATMA ÇAM,ÜRETİM,BİGADİÇ,15:56,00:05,15:56,00:05,"15:56, 00:05",8.15,0.5,7.5,7.5,0.0,0.0,7.5,NORMAL,False,
26.09.2026,26,Cumartesi,11890896888,00223,00223,FATMAGÜL ÇEKİ,BALIK DOLUM,MKP,09:41,17:55,09:30,17:55,"09:41, 17:55",8.23,1.5,7.0,6.0,3.0,2.0,9.0,BÖLÜM_PRİMLİ,False,"Balık Dolum ve Kesim Primi: Fiili 7,0s -> Bonuslu 9,0s (+2,0s Prim)"
26.09.2026,26,Cumartesi,21898406446,01065,01065,FERUDUN BAKAN,ÜRETİM,BİGADİÇ,15:56,00:01,15:56,00:01,"15:56, 00:01",8.08,0.5,7.5,7.5,0.0,0.0,7.5,NORMAL,False,
26.09.2026,26,Cumartesi,17431713232,00927,00927,FİSUN ETİLER,,GÜVEN MUSTAFAKEMALPAŞA,07:56,17:00,08:00,17:00,"07:56, 17:00",9.07,1.5,7.5,7.5,0.0,0.0,7.5,NORMAL,False,
26.09.2026,26,Cumartesi,33739783340,00739,00739,GURBET DUMAN,BALIK TEMİZLEME,HALİL DİĞRENCİ,08:09,17:03,08:00,17:03,"08:09, 17:03",8.9,1.5,7.5,7.5,0.0,0.0,7.5,NORMAL,False,
26.09.2026,26,Cumartesi,24541318660,00065,00065,GÜLCAN BİLGİÇ,AMBAR,BİGADİÇ,07:52,19:36,08:00,19:36,"07:52, 19:36",11.73,1.5,10.0,7.5,2.5,0.0,10.0,NORMAL,False,
26.09.2026,26,Cumartesi,53689106020,00073,00073,GÜLSÜM GÖRGÜLÜ,AMBAR,BİGADİÇ,07:52,19:37,08:00,19:37,"07:52, 19:37",11.75,1.5,10.0,7.5,2.5,0.0,10.0,NORMAL,False,
26.09.2026,26,Cumartesi,45184908278,00226,00226,GÜLTEN DURMAZ,BALIK DOLUM,GÖBEL,09:41,17:37,09:30,17:37,"09:41, 17:37",7.93,1.5,6.5,6.0,2.5,2.0,8.5,BÖLÜM_PRİMLİ,False,"Balık Dolum ve Kesim Primi: Fiili 6,5s -> Bonuslu 8,5s (+2,0s Prim)"
26.09.2026,26,Cumartesi,10996768938,00071,00071,GÜLTEN GİDER,AMBAR,BİGADİÇ,07:52,19:26,08:00,19:26,"07:52, 19:26",11.57,1.5,10.0,7.5,2.5,0.0,10.0,NORMAL,False,
26.09.2026,26,Cumartesi,11593899780,00773,00773,GÜRAY PALA,BALIK KESİM,HALİL DİĞRENCİ,08:06,17:01,08:00,17:01,"08:06, 17:01",8.92,1.5,7.5,7.5,2.0,2.0,9.5,BÖLÜM_PRİMLİ,False,"Balık Dolum ve Kesim Primi: Fiili 7,5s -> Bonuslu 9,5s (+2,0s Prim)"
26.09.2026,26,Cumartesi,23638497776,00075,00075,HACER BEYHAN,BALIK TEMİZLEME,HALİL DİĞRENCİ,08:07,17:00,08:00,17:00,"08:07, 17:00",8.88,1.5,7.5,7.5,0.0,0.0,7.5,NORMAL,False,
26.09.2026,26,Cumartesi,22639531168,01078,01078,HAFİZE AVCIOĞLU,BALIK TEMİZLEME,GÜVEN TURİZM,07:38,17:03,08:00,17:03,"07:38, 17:03",9.42,1.5,7.5,7.5,0.0,0.0,7.5,NORMAL,False,
26.09.2026,26,Cumartesi,52240399666,01020,01020,HANDAN TOPTİK,ÜRETİM,HALİL DİĞRENCİ,08:07,20:01,08:00,20:01,"08:07, 20:01",11.9,1.5,10.5,7.5,3.0,0.0,10.5,NORMAL,False,
26.09.2026,26,Cumartesi,20290485820,01060,01060,HANİFE YILDIRIM,BALIK TEMİZLEME,BALIKESİR,07:50,17:01,08:00,17:01,"07:50, 17:01",9.18,1.5,7.5,7.5,0.0,0.0,7.5,NORMAL,False,
26.09.2026,26,Cumartesi,14779989510,00080,00080,HARUN YAHYA DURSUN,BALIK DOLUM,GÖBEL,09:15,19:01,09:00,19:01,"09:15, 19:01",9.77,1.5,8.5,6.5,4.0,2.0,10.5,BÖLÜM_PRİMLİ,False,"Balık Dolum ve Kesim Primi: Fiili 8,5s -> Bonuslu 10,5s (+2,0s Prim)"
26.09.2026,26,Cumartesi,32194063110,00574,00574,HATİCE ERBAŞ,AMBAR,BİGADİÇ,07:52,19:27,08:00,19:27,"07:52, 19:27",11.58,1.5,10.0,7.5,2.5,0.0,10.0,NORMAL,False,
26.09.2026,26,Cumartesi,45823635220,01148,01148,HATİCE GÖLBAŞ,ÜRETİM,HALİL DİĞRENCİ,08:10,20:09,08:00,20:09,"08:10, 20:09",11.98,1.5,10.5,7.5,3.0,0.0,10.5,NORMAL,False,
26.09.2026,26,Cumartesi,31324091924,00084,00084,HATİCE KURT,ÜRETİM,BİGADİÇ,15:56,00:08,15:56,00:08,"15:56, 00:08",8.2,0.5,7.5,7.5,0.0,0.0,7.5,NORMAL,False,
26.09.2026,26,Cumartesi,10817807990,01096,01096,HATİCE ONUK,ÜRETİM,HALİL DİĞRENCİ,08:08,17:13,08:00,17:13,"08:08, 17:13",9.08,1.5,7.5,7.5,0.0,0.0,7.5,NORMAL,False,
26.09.2026,26,Cumartesi,33850041688,00577,00577,HATİCE SAVAŞÇI,BALIK TEMİZLEME,BALIKESİR,07:50,17:00,08:00,17:00,"07:50, 17:00",9.17,1.5,7.5,7.5,0.0,0.0,7.5,NORMAL,False,
26.09.2026,26,Cumartesi,26002427744,00227,00227,HAVVA ALPER,BALIK DOLUM,MKP,09:41,17:55,09:30,17:55,"09:41, 17:55",8.23,1.5,7.0,6.0,3.0,2.0,9.0,BÖLÜM_PRİMLİ,False,"Balık Dolum ve Kesim Primi: Fiili 7,0s -> Bonuslu 9,0s (+2,0s Prim)"
26.09.2026,26,Cumartesi,26653281238,00228,00228,HAVVA BAYRAM,BALIK TEMİZLEME,BALIKESİR,07:50,16:59,08:00,16:59,"07:50, 16:59",9.15,1.5,7.5,7.5,0.0,0.0,7.5,NORMAL,False,
26.09.2026,26,Cumartesi,30367150308,00852,00852,HAYRULLAH TOPRAK,AMBAR,GÜVEN TURİZM,07:59,17:07,08:00,17:07,"07:59, 17:07",9.13,1.5,7.5,7.5,0.0,0.0,7.5,NORMAL,False,
26.09.2026,26,Cumartesi,10156949566,01270,01270,HAYRİYE BEYİRKEN,ÜRETİM,HALİL DİĞRENCİ,08:10,20:00,08:00,20:00,"08:10, 20:00",11.83,1.5,10.5,7.5,3.0,0.0,10.5,NORMAL,False,
26.09.2026,26,Cumartesi,33289026430,00480,00480,HÜLYA TOPAL,AMBAR,BİGADİÇ,07:52,19:27,08:00,19:27,"07:52, 19:27",11.58,1.5,10.0,7.5,2.5,0.0,10.0,NORMAL,False,
26.09.2026,26,Cumartesi,30856107820,00091,00091,HÜLYA ÜÜNAL,AMBAR,BİGADİÇ,07:52,19:27,08:00,19:27,"07:52, 19:27",11.58,1.5,10.0,7.5,2.5,0.0,10.0,NORMAL,False,
26.09.2026,26,Cumartesi,23524501518,00231,00231,KADRİYE BEYHAN,BALIK TEMİZLEME,HALİL DİĞRENCİ,08:09,17:03,08:00,17:03,"08:09, 17:03",8.9,1.5,7.5,7.5,0.0,0.0,7.5,NORMAL,False,
26.09.2026,26,Cumartesi,49981303052,00093,00093,KADİR AZAR,AMBAR,KARACABEY,07:46,20:22,08:00,20:22,"07:46, 20:22",12.6,1.5,10.5,7.5,3.0,0.0,10.5,NORMAL,False,
26.09.2026,26,Cumartesi,27448226656,00095,00095,KAMİLE DAĞDÇELEN,AMBAR,BİGADİÇ,07:51,19:28,08:00,19:28,"07:51, 19:28",11.62,1.5,10.0,7.5,2.5,0.0,10.0,NORMAL,False,
26.09.2026,26,Cumartesi,99656887974,00294,00294,KEFA EL HUDUR,BALIK TEMİZLEME,MKP,07:43,17:56,08:00,17:56,"07:43, 17:56",10.22,1.5,8.5,7.5,1.0,0.0,8.5,NORMAL,False,
26.09.2026,26,Cumartesi,33067084584,00097,00097,KEMAL DURMUŞ,İŞLETME,SUSURLUK,19:53,08:11,20:00,08:11,"19:53, 08:11",12.3,0.5,11.5,3.5,8.0,0.0,11.5,NORMAL,False,
26.09.2026,26,Cumartesi,25657430024,00199,00199,KÜRŞAT TÜRKAN,BAKIM,KARACABEY,08:11,18:24,08:00,18:24,"08:11, 18:24",10.22,1.5,8.5,7.5,1.0,0.0,8.5,NORMAL,False,
26.09.2026,26,Cumartesi,99959615564,00200,00200,MAHMOUD ALZALEK,ELEKTRİK,SUSURLUK,19:25,08:00,19:30,08:00,"19:25, 08:00",12.58,0.5,12.0,4.0,8.0,0.0,12.0,NORMAL,False,
26.09.2026,26,Cumartesi,20458603738,00528,00528,MAHMURE ESEN,BALIK TEMİZLEME,HALİL DİĞRENCİ,08:07,17:03,08:00,17:03,"08:07, 17:03",8.93,1.5,7.5,7.5,0.0,0.0,7.5,NORMAL,False,
26.09.2026,26,Cumartesi,29749160806,00104,00104,MAHİR HİLMİ ULUKÖK,YENİ BALIK HATTI,SUSURLUK,08:05,17:02,08:00,17:02,"08:05, 17:02",8.95,1.5,7.5,7.5,0.0,0.0,7.5,NORMAL,False,
26.09.2026,26,Cumartesi,54871132810,00232,00232,MAHİZER BAĞ,BALIK TEMİZLEME,KARACABEY,07:47,17:05,08:00,17:05,"07:47, 17:05",9.3,1.5,7.5,7.5,0.0,0.0,7.5,NORMAL,False,
26.09.2026,26,Cumartesi,,01387,01387,MEHMET EMİN BATUR,,HALİL DİĞRENCİ,07:39,20:00,08:00,20:00,"07:39, 20:00",12.35,1.5,10.5,7.5,3.0,0.0,10.5,NORMAL,False,
26.09.2026,26,Cumartesi,13876724772,00500,00500,MEHMET KARTAL,AMBAR,SUSURLUK,07:44,19:01,08:00,19:01,"07:44, 19:01",11.28,1.5,9.5,7.5,2.0,0.0,9.5,NORMAL,False,
26.09.2026,26,Cumartesi,00839,00839,00839,MELEK LALE,DİĞER,GÜVEN TURİZM,-,17:04,08:00,17:04,17:04,9.07,1.5,7.5,7.5,0.0,0.0,7.5,GİRİŞ_YOK_AKŞAM,True,"Çıkış: 17:04 | Giriş Basılmadı (08:00 başı ile 7,5s korundu)"
26.09.2026,26,Cumartesi,40483844500,01126,01126,MELİSA YILMAZ,ÜRETİM,HALİL DİĞRENCİ,08:11,20:10,08:00,20:10,"08:11, 20:10",11.98,1.5,10.5,7.5,3.0,0.0,10.5,NORMAL,False,
26.09.2026,26,Cumartesi,,01386,01386,MENEKŞE DURMAN,,HALİL DİĞRENCİ,07:40,20:01,08:00,20:01,"07:40, 20:01",12.35,1.5,10.5,7.5,3.0,0.0,10.5,NORMAL,False,
26.09.2026,26,Cumartesi,28027546004,00112,00112,MESUT ERDEL,BAKIM,SUSURLUK,08:07,18:28,08:00,18:28,"08:07, 18:28",10.35,1.5,9.0,7.5,1.5,0.0,9.0,NORMAL,False,
26.09.2026,26,Cumartesi,99248627704,00005,00005,MHD BASSEL ALZALEK,ELEKTRİK,SUSURLUK,07:44,-,07:44,17:00,07:44,7.5,1.5,7.5,7.5,0.0,0.0,7.5,ÇIKIŞ_YOK_SABAH,True,"Giriş: 07:44 | Çıkış Basılmadı (Tam Gün 7,5s yazıldı)"
26.09.2026,26,Cumartesi,99347757876,00116,00116,MUHAMMED SAMİH SERHAN,AMBAR,GÖBEL,08:44,-,08:44,17:00,08:44,7.5,1.5,7.5,7.5,0.0,0.0,7.5,ÇIKIŞ_YOK_SABAH,True,"Giriş: 08:44 | Çıkış Basılmadı (Tam Gün 7,5s yazıldı)"
26.09.2026,26,Cumartesi,23329391024,00514,00514,MUKATDES KARAMANOĞLU,BALIK TEMİZLEME,BALIKESİR,07:50,17:04,08:00,17:04,"07:50, 17:04",9.23,1.5,7.5,7.5,0.0,0.0,7.5,NORMAL,False,
26.09.2026,26,Cumartesi,15205679746,00572,00572,MURAT YONSUL,AMBAR,GÖBEL,07:46,22:02,08:00,22:02,"07:46, 22:02",14.27,1.5,12.5,7.5,5.0,0.0,12.5,NORMAL,False,
26.09.2026,26,Cumartesi,21976553468,00234,00234,MÜCAHİT ÇOLAK,BALIK TEMİZLEME,KARACABEY,07:47,17:07,08:00,17:07,"07:47, 17:07",9.33,1.5,7.5,7.5,0.0,0.0,7.5,NORMAL,False,
26.09.2026,26,Cumartesi,31195265912,01056,01056,MÜRVET ÇAKAN,BALIK TEMİZLEME,HALİL DİĞRENCİ,08:07,17:02,08:00,17:02,"08:07, 17:02",8.92,1.5,7.5,7.5,0.0,0.0,7.5,NORMAL,False,
26.09.2026,26,Cumartesi,23539402008,00716,00716,MÜRVET ŞAFAK,ÜRETİM,SUSURLUK TUR-REŞAT,07:44,16:58,08:00,16:58,"07:44, 16:58",9.23,1.5,7.5,7.5,0.0,0.0,7.5,NORMAL,False,
26.09.2026,26,Cumartesi,33124024560,00120,00120,MÜZEYYEN ERDİNÇ,BALIK TEMİZLEME,BALIKESİR,07:49,17:04,08:00,17:04,"07:49, 17:04",9.25,1.5,7.5,7.5,0.0,0.0,7.5,NORMAL,False,
26.09.2026,26,Cumartesi,12556753194,00235,00235,NACİYE KARABULUT,BALIK TEMİZLEME,BALIKESİR,07:50,17:00,08:00,17:00,"07:50, 17:00",9.17,1.5,7.5,7.5,0.0,0.0,7.5,NORMAL,False,
26.09.2026,26,Cumartesi,16324748870,01178,01178,NAZMİYE ÇELİK,BALIK TEMİZLEME,GÜVEN MUSTAFAKEMALPAŞA,07:56,17:08,08:00,17:08,"07:56, 17:08",9.2,1.5,7.5,7.5,0.0,0.0,7.5,NORMAL,False,
26.09.2026,26,Cumartesi,28510235804,00121,00121,NAİL AKSOY,ŞÖFÖR,SUSURLUK,-,15:42,08:00,15:42,15:42,7.7,1.5,6.0,6.0,0.0,0.0,6.0,GİRİŞ_YOK_AKŞAM,True,"Çıkış: 15:42 | Giriş Basılmadı (08:00 başı ile 6,0s korundu)"
26.09.2026,26,Cumartesi,24031385950,00380,00380,NECMİ SEVER,MEYDAN,GÖBEL,07:52,16:55,08:00,16:55,"07:52, 16:55",9.05,1.5,7.5,7.5,0.0,0.0,7.5,NORMAL,False,
26.09.2026,26,Cumartesi,21991561554,00930,00930,NECMİYE ÜÜLKER,BALIK TEMİZLEME,GÜVEN MUSTAFAKEMALPAŞA,07:56,17:00,08:00,17:00,"07:56, 17:00",9.07,1.5,7.5,7.5,0.0,0.0,7.5,NORMAL,False,
26.09.2026,26,Cumartesi,54874132756,00974,00974,NECİFE BAĞ,BALIK TEMİZLEME,KARACABEY,07:47,17:05,08:00,17:05,"07:47, 17:05",9.3,1.5,7.5,7.5,0.0,0.0,7.5,NORMAL,False,
26.09.2026,26,Cumartesi,14452686422,00371,00371,NESRİN GÜZEL,BALIK TEMİZLEME,BALIKESİR,07:50,17:00,08:00,17:00,"07:50, 17:00",9.17,1.5,7.5,7.5,0.0,0.0,7.5,NORMAL,False,
26.09.2026,26,Cumartesi,17902565544,00128,00128,NURAY AVCI,YEMEKHANE,BALIKESİR,07:51,16:57,08:00,16:57,"07:51, 16:57",9.1,1.5,7.5,7.5,0.0,0.0,7.5,NORMAL,False,
26.09.2026,26,Cumartesi,25970637896,00129,00129,NURAY ELİSÇIKIŞ,AMBAR,BALIKESİR,07:51,17:04,08:00,17:04,"07:51, 17:04",9.22,1.5,7.5,7.5,0.0,0.0,7.5,NORMAL,False,
26.09.2026,26,Cumartesi,21478446602,00236,00236,NURCAN EREN,BALIK TEMİZLEME,BALIKESİR,07:49,17:00,08:00,17:00,"07:49, 17:00",9.18,1.5,7.5,7.5,0.0,0.0,7.5,NORMAL,False,
26.09.2026,26,Cumartesi,15736612786,01352,01352,NURGÜL ADIGÜL,ÜRETİM,BİGADİÇ,15:56,00:02,15:56,00:02,"15:56, 00:02",8.1,0.5,7.5,7.5,0.0,0.0,7.5,NORMAL,False,
26.09.2026,26,Cumartesi,13318692676,01064,01064,NURGÜL PARLAS,ÜRETİM,BİGADİÇ,15:56,00:02,15:56,00:02,"15:56, 00:02",8.1,0.5,7.5,7.5,0.0,0.0,7.5,NORMAL,False,
26.09.2026,26,Cumartesi,22186447318,00137,00137,NURTEN CAN,ÜRETİM,SUSURLUK TUR-REŞAT,07:44,17:04,08:00,17:04,"07:44, 17:04",9.33,1.5,7.5,7.5,0.0,0.0,7.5,NORMAL,False,
26.09.2026,26,Cumartesi,27289383990,00931,00931,NURTEN ERDEM,BALIK TEMİZLEME,GÜVEN MUSTAFAKEMALPAŞA,07:55,17:06,08:00,17:06,"07:55, 17:06",9.18,1.5,7.5,7.5,0.0,0.0,7.5,NORMAL,False,
26.09.2026,26,Cumartesi,13420739290,00003,00003,NURİ GÜLSER,KAPI GÖREVLİSİ,GÖBEL,07:46,16:00,08:00,16:00,"07:46, 16:00",8.23,0.5,7.5,7.5,0.0,0.0,7.5,NORMAL,False,
26.09.2026,26,Cumartesi,52996654668,00237,00237,NURİYE AKKUŞ,BALIK TEMİZLEME,BANDIRMA,07:39,17:05,08:00,17:05,"07:39, 17:05",9.43,1.5,7.5,7.5,0.0,0.0,7.5,NORMAL,False,
26.09.2026,26,Cumartesi,13189854302,00006,00006,OZAN BUĞA,BAKIM,MKP,07:49,16:56,08:00,16:56,"07:49, 16:56",9.12,1.5,7.5,7.5,0.0,0.0,7.5,NORMAL,False,
26.09.2026,26,Cumartesi,29677146866,00238,00238,RABİYE ÇENECİOĞLU,BALIK TEMİZLEME,BALIKESİR,07:50,17:04,08:00,17:04,"07:50, 17:04",9.23,1.5,7.5,7.5,0.0,0.0,7.5,NORMAL,False,
26.09.2026,26,Cumartesi,29359208356,00145,00145,RAMAZAN KÜÇÜKÇÇAKIR,ŞÖFÖR,SUSURLUK,07:57,16:02,08:00,16:02,"07:57, 16:02",8.08,0.5,7.5,7.5,0.0,0.0,7.5,NORMAL,False,
26.09.2026,26,Cumartesi,24022385860,01316,01316,RECEP İÇÖZ,MEYDAN,GÖBEL,07:46,16:55,08:00,16:55,"07:46, 16:55",9.15,1.5,7.5,7.5,0.0,0.0,7.5,NORMAL,False,
26.09.2026,26,Cumartesi,16561742068,00842,00842,RUKİYE UZUN,BALIK TEMİZLEME,GÜVEN TURİZM,07:38,17:03,08:00,17:03,"07:38, 17:03",9.42,1.5,7.5,7.5,0.0,0.0,7.5,NORMAL,False,
26.09.2026,26,Cumartesi,17335367982,01021,01021,SABİHA AKIN,ÜRETİM,HALİL DİĞRENCİ,08:08,20:11,08:00,20:11,"08:08, 20:11",12.05,1.5,10.5,7.5,3.0,0.0,10.5,NORMAL,False,
26.09.2026,26,Cumartesi,33640164108,01130,01130,SAMET YUMİTKEN,ÜRETİM,HALİL DİĞRENCİ,08:08,-,08:08,17:00,08:08,7.5,1.5,7.5,7.5,0.0,0.0,7.5,ÇIKIŞ_YOK_SABAH,True,"Giriş: 08:08 | Çıkış Basılmadı (Tam Gün 7,5s yazıldı)"
26.09.2026,26,Cumartesi,24178356332,00153,00153,SEHER ÖZDEN,YEMEKHANE,BALIKESİR,07:49,16:57,08:00,16:57,"07:49, 16:57",9.13,1.5,7.5,7.5,0.0,0.0,7.5,NORMAL,False,
26.09.2026,26,Cumartesi,11248811624,00009,00009,SELAHATTİN SÖĞÜT,ŞÖFÖR,GÖBEL,10:20,19:36,10:00,19:36,"10:20, 19:36",9.27,1.5,8.0,5.5,2.5,0.0,8.0,NORMAL,False,
26.09.2026,26,Cumartesi,19723478966,01069,01069,SELMA AYHAN,ÜRETİM,BİGADİÇ,15:56,00:06,15:56,00:06,"15:56, 00:06",8.17,0.5,7.5,7.5,0.0,0.0,7.5,NORMAL,False,
26.09.2026,26,Cumartesi,49369567458,00559,00559,SELMA TUNÇ,BALIK TEMİZLEME,BALIKESİR,07:50,17:01,08:00,17:01,"07:50, 17:01",9.18,1.5,7.5,7.5,0.0,0.0,7.5,NORMAL,False,
26.09.2026,26,Cumartesi,33451458564,01227,01227,SELMATA ANIK,ÜRETİM,HALİL DİĞRENCİ,19:57,08:00,20:00,08:00,"19:57, 08:00",12.05,0.5,11.5,3.5,8.0,0.0,11.5,NORMAL,False,
26.09.2026,26,Cumartesi,,01371,01371,SELİM KIRAY,,GÜVEN MUSTAFAKEMALPAŞA,09:41,17:56,09:30,17:56,"09:41, 17:56",8.25,1.5,7.0,6.0,1.0,0.0,7.0,NORMAL,False,
26.09.2026,26,Cumartesi,46825626414,00724,00724,SEMANUR GÜLIŞIK,FORMEN,KARACABEY,07:46,17:02,08:00,17:02,"07:46, 17:02",9.27,1.5,7.5,7.5,0.0,0.0,7.5,NORMAL,False,
26.09.2026,26,Cumartesi,17611699134,00884,00884,SEVİLAY DÖNMEZ,BALIK TEMİZLEME,GÜVEN TURİZM,07:38,17:06,08:00,17:06,"07:38, 17:06",9.47,1.5,7.5,7.5,0.0,0.0,7.5,NORMAL,False,
26.09.2026,26,Cumartesi,15250777510,01063,01063,SEZAİ ÇELİK,BALIK,HALİL DİĞRENCİ,08:09,17:01,08:00,17:01,"08:09, 17:01",8.87,1.5,7.5,7.5,0.0,0.0,7.5,NORMAL,False,
26.09.2026,26,Cumartesi,29200163070,01066,01066,SEZGİN YILDIRIM,ÜRETİM,BİGADİÇ,15:56,00:05,15:56,00:05,"15:56, 00:05",8.15,0.5,7.5,7.5,0.0,0.0,7.5,NORMAL,False,
26.09.2026,26,Cumartesi,01370,01370,01370,SEZGİN İRGÖREN,DİĞER,GÜVEN MUSTAFAKEMALPAŞA,09:41,17:56,09:30,17:56,"09:41, 17:56",8.25,1.5,7.0,6.0,1.0,0.0,7.0,NORMAL,False,
26.09.2026,26,Cumartesi,18847656960,00740,00740,SEÇİL ARIBOĞA,ÜRETİM,HALİL DİĞRENCİ,08:08,20:00,08:00,20:00,"08:08, 20:00",11.87,1.5,10.5,7.5,3.0,0.0,10.5,NORMAL,False,
26.09.2026,26,Cumartesi,55963096430,00240,00240,SULTAN BAĞ,BALIK TEMİZLEME,KARACABEY,07:47,17:05,08:00,17:05,"07:47, 17:05",9.3,1.5,7.5,7.5,0.0,0.0,7.5,NORMAL,False,
26.09.2026,26,Cumartesi,10582783284,00170,00170,SİBEL ÇÇAKIR,ÜRETİM,BİGADİÇ,15:56,00:06,15:56,00:06,"15:56, 00:06",8.17,0.5,7.5,7.5,0.0,0.0,7.5,NORMAL,False,
26.09.2026,26,Cumartesi,29761139378,01038,01038,TALHA YAVAŞ,KALİTE,BANDIRMA,23:23,09:26,00:00,09:26,"23:23, 09:26",10.05,0.5,9.0,7.5,1.5,0.0,9.0,NORMAL,False,
26.09.2026,26,Cumartesi,10705928394,00976,00976,TAYFUN GÜNCÜ,BALIK TEMİZLEME,HALİL DİĞRENCİ,08:06,17:04,08:00,17:04,"08:06, 17:04",8.97,1.5,7.5,7.5,0.0,0.0,7.5,NORMAL,False,
26.09.2026,26,Cumartesi,13252843738,00243,00243,TAYFUN TIĞRAK,FORMEN,KARACABEY,07:46,17:39,08:00,17:39,"07:46, 17:39",9.88,1.5,8.0,7.5,0.5,0.0,8.0,NORMAL,False,
26.09.2026,26,Cumartesi,32938871292,00183,00183,TAYFUN ÇELİK,MEYDAN,MKP,07:43,20:01,08:00,20:01,"07:43, 20:01",12.3,1.5,10.5,7.5,3.0,0.0,10.5,NORMAL,False,
26.09.2026,26,Cumartesi,14701796544,00582,00582,YUSUF SAMAR,MUHASEBE,KARACABEY,07:47,17:05,08:00,17:05,"07:47, 17:05",9.3,1.5,7.5,7.5,0.0,0.0,7.5,NORMAL,False,
26.09.2026,26,Cumartesi,10528936408,01364,01364,YUSUF ÇETİN,,HALİL DİĞRENCİ,08:10,20:01,08:00,20:01,"08:10, 20:01",11.85,1.5,10.5,7.5,3.0,0.0,10.5,NORMAL,False,
26.09.2026,26,Cumartesi,31861120316,00191,00191,ZAHİDE GÜRBÜZ,BALIK TEMİZLEME,BALIKESİR,07:50,17:01,08:00,17:01,"07:50, 17:01",9.18,1.5,7.5,7.5,0.0,0.0,7.5,NORMAL,False,
26.09.2026,26,Cumartesi,27560597764,01048,01048,ZAHİDE HAĞİ,BALIK TEMİZLEME,HALİL DİĞRENCİ,08:07,17:06,08:00,17:06,"08:07, 17:06",8.98,1.5,7.5,7.5,0.0,0.0,7.5,NORMAL,False,
26.09.2026,26,Cumartesi,31552110794,00935,00935,ZAHİDE KALDEMİR,BALIK TEMİZLEME,GÜVEN MUSTAFAKEMALPAŞA,07:56,17:06,08:00,17:06,"07:56, 17:06",9.17,1.5,7.5,7.5,0.0,0.0,7.5,NORMAL,False,
26.09.2026,26,Cumartesi,22249543988,00192,00192,ZAHİDE NEDİRLİ,KALİTE,KARACABEY,07:46,17:02,08:00,17:02,"07:46, 17:02",9.27,1.5,7.5,7.5,0.0,0.0,7.5,NORMAL,False,
26.09.2026,26,Cumartesi,10820807680,01097,01097,ZEHRA ONUK,ÜRETİM,HALİL DİĞRENCİ,08:08,-,08:08,17:00,08:08,7.5,1.5,7.5,7.5,0.0,0.0,7.5,ÇIKIŞ_YOK_SABAH,True,"Giriş: 08:08 | Çıkış Basılmadı (Tam Gün 7,5s yazıldı)"
26.09.2026,26,Cumartesi,23782492962,01049,01049,ZEKİYE ŞEKER,BALIK TEMİZLEME,HALİL DİĞRENCİ,08:07,17:04,08:00,17:04,"08:07, 17:04",8.95,1.5,7.5,7.5,0.0,0.0,7.5,NORMAL,False,
26.09.2026,26,Cumartesi,28729335166,00936,00936,ZELİHA KEİREMETÇİ,BALIK TEMİZLEME,GÜVEN MUSTAFAKEMALPAŞA,07:56,17:06,08:00,17:06,"07:56, 17:06",9.17,1.5,7.5,7.5,0.0,0.0,7.5,NORMAL,False,
26.09.2026,26,Cumartesi,14047825472,00937,00937,ZELİHA ORUÇ,BALIK TEMİZLEME,GÜVEN MUSTAFAKEMALPAŞA,07:56,17:04,08:00,17:04,"07:56, 17:04",9.13,1.5,7.5,7.5,0.0,0.0,7.5,NORMAL,False,
26.09.2026,26,Cumartesi,24289352612,00244,00244,ZEYNEP KARAMAN,BALIK TEMİZLEME,BALIKESİR,07:49,16:59,08:00,16:59,"07:49, 16:59",9.17,1.5,7.5,7.5,0.0,0.0,7.5,NORMAL,False,
26.09.2026,26,Cumartesi,33742169780,00246,00246,ZEYNEP KURT,BALIK DOLUM,MKP,09:41,17:55,09:30,17:55,"09:41, 17:55",8.23,1.5,7.0,6.0,3.0,2.0,9.0,BÖLÜM_PRİMLİ,False,"Balık Dolum ve Kesim Primi: Fiili 7,0s -> Bonuslu 9,0s (+2,0s Prim)"
26.09.2026,26,Cumartesi,22498412394,00765,00765,ZEYNEP ONBAŞI,YEMEKHANE,BALIKESİR,07:51,16:57,08:00,16:57,"07:51, 16:57",9.1,1.5,7.5,7.5,0.0,0.0,7.5,NORMAL,False,
26.09.2026,26,Cumartesi,22319750032,00782,00782,ÇİDEM FİDAN,BALIK TEMİZLEME,BANDIRMA,07:39,17:07,08:00,17:07,"07:39, 17:07",9.47,1.5,7.5,7.5,0.0,0.0,7.5,NORMAL,False,
26.09.2026,26,Cumartesi,17749594400,00033,00033,ÇİSEM BÇAKIR,KALİTE,SUSURLUK,15:42,00:00,15:42,00:00,"15:42, 00:00",8.3,0.5,7.5,7.5,0.0,0.0,7.5,NORMAL,False,
26.09.2026,26,Cumartesi,33037193346,01349,01349,ÖMÜR SEPETÇİ,ÜRETİM,GÜVEN MUSTAFAKEMALPAŞA,07:56,17:01,08:00,17:01,"07:56, 17:01",9.08,1.5,7.5,7.5,0.0,0.0,7.5,NORMAL,False,
26.09.2026,26,Cumartesi,27235386938,00139,00139,ÖMÜRLÜ FERİK,KAZAN,MKP,07:43,20:11,08:00,20:11,"07:43, 20:11",12.47,1.5,10.5,7.5,3.0,0.0,10.5,NORMAL,False,
26.09.2026,26,Cumartesi,12268777280,00185,00185,ÜMMÜ AYDOĞAN,ÜRETİM,SUSURLUK TUR-REŞAT,07:44,17:03,08:00,17:03,"07:44, 17:03",9.32,1.5,7.5,7.5,0.0,0.0,7.5,NORMAL,False,
26.09.2026,26,Cumartesi,37075059770,01350,01350,ÜVEYS SEPETÇİ,ÜRETİM,GÜVEN MUSTAFAKEMALPAŞA,07:56,17:01,08:00,17:01,"07:56, 17:01",9.08,1.5,7.5,7.5,0.0,0.0,7.5,NORMAL,False,
26.09.2026,26,Cumartesi,29515203096,00092,00092,İBÜŞRAHİM YILDIRIM,MEYDAN,MKP,07:44,16:55,08:00,16:55,"07:44, 16:55",9.18,1.5,7.5,7.5,0.0,0.0,7.5,NORMAL,False,
26.09.2026,26,Cumartesi,42844787082,00783,00783,İSMAİL BARAK,BALIK KESİM,HALİL DİĞRENCİ,08:06,17:01,08:00,17:01,"08:06, 17:01",8.92,1.5,7.5,7.5,2.0,2.0,9.5,BÖLÜM_PRİMLİ,False,"Balık Dolum ve Kesim Primi: Fiili 7,5s -> Bonuslu 9,5s (+2,0s Prim)"
26.09.2026,26,Cumartesi,25060351046,00230,00230,İSMAİL İMİR,OTOKLAV OPERATÖRÜ,SUSURLUK,08:05,20:10,08:00,20:10,"08:05, 20:10",12.08,1.5,10.5,7.5,3.0,0.0,10.5,NORMAL,False,
26.09.2026,26,Cumartesi,13720827796,00176,00176,ŞADİ BAŞARICI,BAKIM,KARACABEY,15:29,00:02,15:29,00:02,"15:29, 00:02",8.55,0.5,7.5,7.5,0.0,0.0,7.5,NORMAL,False,
26.09.2026,26,Cumartesi,38233180558,00178,00178,ŞAKİR KARAKAŞ,AMBAR,BANDIRMA,07:43,17:08,08:00,17:08,"07:43, 17:08",9.42,1.5,7.5,7.5,0.0,0.0,7.5,NORMAL,False,
26.09.2026,26,Cumartesi,25192322242,00179,00179,ŞAYİKA KOPARAN,AMBAR,BİGADİÇ,07:52,19:28,08:00,19:28,"07:52, 19:28",11.6,1.5,10.0,7.5,2.5,0.0,10.0,NORMAL,False,
26.09.2026,26,Cumartesi,38240191356,01161,01161,ŞENGÜL ALEMİN,ÜRETİM,HALİL DİĞRENCİ,19:58,07:58,20:00,07:58,"19:58, 07:58",12.0,0.5,11.5,3.5,8.0,0.0,11.5,NORMAL,False,
26.09.2026,26,Cumartesi,10255820520,00242,00242,ŞERBANE SARAN,BALIK TEMİZLEME,BALIKESİR,07:50,17:02,08:00,17:02,"07:50, 17:02",9.2,1.5,7.5,7.5,0.0,0.0,7.5,NORMAL,False,
26.09.2026,26,Cumartesi,,01384,01384,ŞEYMA İİPEK,,HALİL DİĞRENCİ,08:10,17:13,08:00,17:13,"08:10, 17:13",9.05,1.5,7.5,7.5,0.0,0.0,7.5,NORMAL,False,
27.09.2026,27,Pazar,23527501454,00583,00583,AHMET BEYHAN,BAKIM,KARACABEY,08:14,18:18,08:00,18:18,"08:14, 18:18",10.07,1.5,8.5,7.5,1.0,0.0,8.5,NORMAL,False,
27.09.2026,27,Pazar,,01382,01382,ALİ BALTA,,HALİL DİĞRENCİ,07:48,20:00,08:00,20:00,"07:48, 20:00",12.2,1.5,10.5,7.5,3.0,0.0,10.5,NORMAL,False,
27.09.2026,27,Pazar,18394573482,00208,00208,ANIL DEMİRTAŞ,KONSERVE ÜRETİM ELEMANI,GÖBEL,16:17,00:03,16:00,00:03,"16:17, 00:03",7.77,0.5,7.5,7.5,0.0,0.0,7.5,NORMAL,False,
27.09.2026,27,Pazar,33154180038,00031,00031,CEMALETTİN BEDİZCİ,BAKIM,KARACABEY,08:07,16:20,08:00,16:20,"08:07, 16:20",8.22,0.5,7.5,7.5,0.0,0.0,7.5,NORMAL,False,
27.09.2026,27,Pazar,19313787324,00943,00943,CİHAN YILMAZ,BALIK,HALİL DİĞRENCİ,07:48,20:00,08:00,20:00,"07:48, 20:00",12.2,1.5,10.5,7.5,3.0,0.0,10.5,NORMAL,False,
27.09.2026,27,Pazar,23509358892,00386,00386,DÖNDÜ ŞAHİN,KALİTE,BANDIRMA,23:34,08:21,00:00,08:21,"23:34, 08:21",8.78,0.5,7.5,7.5,0.0,0.0,7.5,NORMAL,False,
27.09.2026,27,Pazar,10456937386,01362,01362,DİLEK ÇETİN,,HALİL DİĞRENCİ,07:46,16:00,08:00,16:00,"07:46, 16:00",8.23,0.5,7.5,7.5,0.0,0.0,7.5,NORMAL,False,
27.09.2026,27,Pazar,29563469352,00563,00563,EDİP EKİNCİ,KAZAN,SUSURLUK,19:51,07:54,20:00,07:54,"19:51, 07:54",12.05,0.5,11.5,3.5,8.0,0.0,11.5,NORMAL,False,
27.09.2026,27,Pazar,14266711334,00037,00037,EFRAİM DUMAN,AMBAR,SUSURLUK,19:51,07:58,20:00,07:58,"19:51, 07:58",12.12,0.5,11.5,3.5,8.0,0.0,11.5,NORMAL,False,
27.09.2026,27,Pazar,20503503198,00045,00045,EMİNE ÇAPAR,YEMEKHANE,GÖBEL,18:56,04:09,19:00,04:09,"18:56, 04:09",9.22,0.5,8.5,4.5,4.0,0.0,8.5,NORMAL,False,
27.09.2026,27,Pazar,10036852948,00046,00046,EMİRHAN MUTLU,BAKIM,GÖBEL,08:12,18:27,08:00,18:27,"08:12, 18:27",10.25,1.5,9.0,7.5,1.5,0.0,9.0,NORMAL,False,
27.09.2026,27,Pazar,29470204244,00007,00007,ENDER BİLBAY,KAPI GÖREVLİSİ,GÖBEL,16:07,00:08,16:00,00:08,"16:07, 00:08",8.02,0.5,7.5,7.5,0.0,0.0,7.5,NORMAL,False,
27.09.2026,27,Pazar,22260441248,00198,00198,ERSİN ESER,BAKIM,GÖBEL,19:57,07:56,20:00,07:56,"19:57, 07:56",11.98,0.5,11.5,3.5,8.0,0.0,11.5,NORMAL,False,
27.09.2026,27,Pazar,10817807990,01096,01096,HATİCE ONUK,ÜRETİM,HALİL DİĞRENCİ,07:46,16:05,08:00,16:05,"07:46, 16:05",8.32,0.5,7.5,7.5,0.0,0.0,7.5,NORMAL,False,
27.09.2026,27,Pazar,49981303052,00093,00093,KADİR AZAR,AMBAR,KARACABEY,08:06,15:38,08:00,15:38,"08:06, 15:38",7.53,1.5,6.0,6.0,0.0,0.0,6.0,NORMAL,False,
27.09.2026,27,Pazar,33067084584,00097,00097,KEMAL DURMUŞ,İŞLETME,SUSURLUK,19:51,08:04,20:00,08:04,"19:51, 08:04",12.22,0.5,11.5,3.5,8.0,0.0,11.5,NORMAL,False,
27.09.2026,27,Pazar,25657430024,00199,00199,KÜRŞAT TÜRKAN,BAKIM,KARACABEY,08:14,18:18,08:00,18:18,"08:14, 18:18",10.07,1.5,8.5,7.5,1.0,0.0,8.5,NORMAL,False,
27.09.2026,27,Pazar,99959615564,00200,00200,MAHMOUD ALZALEK,ELEKTRİK,SUSURLUK,19:51,07:59,20:00,07:59,"19:51, 07:59",12.13,0.5,11.5,3.5,8.0,0.0,11.5,NORMAL,False,
27.09.2026,27,Pazar,28027546004,00112,00112,MESUT ERDEL,BAKIM,SUSURLUK,09:27,18:27,09:30,18:27,"09:27, 18:27",9.0,1.5,7.5,6.0,1.5,0.0,7.5,NORMAL,False,
27.09.2026,27,Pazar,99248627704,00005,00005,MHD BASSEL ALZALEK,ELEKTRİK,SUSURLUK,07:26,-,07:26,17:00,07:26,7.5,1.5,7.5,7.5,0.0,0.0,7.5,ÇIKIŞ_YOK_SABAH,True,"Giriş: 07:26 | Çıkış Basılmadı (Tam Gün 7,5s yazıldı)"
27.09.2026,27,Pazar,99347757876,00116,00116,MUHAMMED SAMİH SERHAN,AMBAR,GÖBEL,10:10,16:55,10:00,16:55,"10:10, 16:55",6.75,1.5,5.5,5.5,0.0,0.0,5.5,NORMAL,False,
27.09.2026,27,Pazar,15205679746,00572,00572,MURAT YONSUL,AMBAR,GÖBEL,07:46,20:59,08:00,20:59,"07:46, 20:59",13.22,1.5,11.5,7.5,4.0,0.0,11.5,NORMAL,False,
27.09.2026,27,Pazar,25621221832,00118,00118,MUSTAFA KAYA,İŞLETME,MKP,08:50,17:45,08:30,17:45,"08:50, 17:45",8.92,1.5,7.5,7.0,0.5,0.0,7.5,NORMAL,False,
27.09.2026,27,Pazar,28510235804,00121,00121,NAİL AKSOY,ŞÖFÖR,SUSURLUK,23:48,08:30,00:00,08:30,"23:48, 08:30",8.7,0.5,8.0,7.5,0.5,0.0,8.0,NORMAL,False,
27.09.2026,27,Pazar,13420739290,00003,00003,NURİ GÜLSER,KAPI GÖREVLİSİ,GÖBEL,07:47,16:08,08:00,16:08,"07:47, 16:08",8.35,0.5,7.5,7.5,0.0,0.0,7.5,NORMAL,False,
27.09.2026,27,Pazar,24022385860,01316,01316,RECEP İÇÖZ,MEYDAN,GÖBEL,07:40,16:55,08:00,16:55,"07:40, 16:55",9.25,1.5,7.5,7.5,0.0,0.0,7.5,NORMAL,False,
27.09.2026,27,Pazar,28108249688,00146,00146,RIDVAN DEMİRDAK,ŞÖFÖR,GÖBEL,15:54,23:53,15:54,23:53,"08:08, 15:54, 23:53",7.98,0.5,7.5,7.5,0.0,0.0,7.5,ÇOKLU_BASIM_MIN_MAX,True,"Çoklu Basım: İlk Giriş 15:54, Son Çıkış 23:53 (7,5s)"
27.09.2026,27,Pazar,34807027090,00536,00536,SABRİ ACAR,YENİ BALIK HATTI,SUSURLUK,23:51,08:00,00:00,08:00,"23:51, 08:00",8.15,0.5,7.5,7.5,0.0,0.0,7.5,NORMAL,False,
27.09.2026,27,Pazar,11248811624,00009,00009,SELAHATTİN SÖĞÜT,ŞÖFÖR,GÖBEL,07:47,17:33,08:00,17:33,"07:47, 17:33",9.77,1.5,8.0,7.5,0.5,0.0,8.0,NORMAL,False,
27.09.2026,27,Pazar,15250777510,01063,01063,SEZAİ ÇELİK,BALIK,HALİL DİĞRENCİ,07:48,20:00,08:00,20:00,"07:48, 20:00",12.2,1.5,10.5,7.5,3.0,0.0,10.5,NORMAL,False,
27.09.2026,27,Pazar,29761139378,01038,01038,TALHA YAVAŞ,KALİTE,BANDIRMA,23:34,08:21,00:00,08:21,"23:34, 08:21",8.78,0.5,7.5,7.5,0.0,0.0,7.5,NORMAL,False,
27.09.2026,27,Pazar,30925156292,00501,00501,TUNCAY METİN,KAPI GÖREVLİSİ,SUSURLUK,23:47,08:05,00:00,08:05,"23:47, 08:05",8.3,0.5,7.5,7.5,0.0,0.0,7.5,NORMAL,False,
27.09.2026,27,Pazar,10820807680,01097,01097,ZEHRA ONUK,ÜRETİM,HALİL DİĞRENCİ,07:46,15:55,08:00,15:55,"07:46, 15:55",8.15,0.5,7.5,7.5,0.0,0.0,7.5,NORMAL,False,
27.09.2026,27,Pazar,17749594400,00033,00033,ÇİSEM BÇAKIR,KALİTE,SUSURLUK,15:54,23:58,15:54,23:58,"15:54, 23:58",8.07,0.5,7.5,7.5,0.0,0.0,7.5,NORMAL,False,
27.09.2026,27,Pazar,27235386938,00139,00139,ÖMÜRLÜ FERİK,KAZAN,MKP,08:53,20:02,09:00,20:02,"08:53, 20:02",11.15,1.5,9.5,6.5,3.0,0.0,9.5,NORMAL,False,
27.09.2026,27,Pazar,29515203096,00092,00092,İBÜŞRAHİM YILDIRIM,MEYDAN,MKP,08:50,19:59,08:30,19:59,"08:50, 19:59",11.15,1.5,10.0,7.0,3.0,0.0,10.0,NORMAL,False,
27.09.2026,27,Pazar,38240191356,01161,01161,ŞENGÜL ALEMİN,ÜRETİM,HALİL DİĞRENCİ,19:54,08:04,20:00,08:04,"19:54, 08:04",12.17,0.5,11.5,3.5,8.0,0.0,11.5,NORMAL,False,
28.09.2026,28,Pazartesi,20437654348,00206,00206,ADALET KALAYCI,BALIK TEMİZLEME,BANDIRMA,07:43,-,07:43,17:00,07:43,7.5,1.5,7.5,7.5,0.0,0.0,7.5,ÇIKIŞ_YOK_SABAH,True,"Giriş: 07:43 | Çıkış Basılmadı (Tam Gün 7,5s yazıldı)"
28.09.2026,28,Pazartesi,18655664102,00011,00011,ADVİYE YARICI,BALIK TEMİZLEME,HALİL DİĞRENCİ,08:03,-,08:03,17:00,08:03,7.5,1.5,7.5,7.5,0.0,0.0,7.5,ÇIKIŞ_YOK_SABAH,True,"Giriş: 08:03 | Çıkış Basılmadı (Tam Gün 7,5s yazıldı)"
28.09.2026,28,Pazartesi,23527501454,00583,00583,AHMET BEYHAN,BAKIM,KARACABEY,08:03,-,08:03,17:00,08:03,7.5,1.5,7.5,7.5,0.0,0.0,7.5,ÇIKIŞ_YOK_SABAH,True,"Giriş: 08:03 | Çıkış Basılmadı (Tam Gün 7,5s yazıldı)"
28.09.2026,28,Pazartesi,21925456598,00830,00830,AHMET ÇÇAYLAK,AMBAR,BALIKESİR,07:44,-,07:44,17:00,07:44,7.5,1.5,7.5,7.5,0.0,0.0,7.5,ÇIKIŞ_YOK_SABAH,True,"Giriş: 07:44 | Çıkış Basılmadı (Tam Gün 7,5s yazıldı)"
28.09.2026,28,Pazartesi,,01382,01382,ALİ BALTA,,HALİL DİĞRENCİ,08:08,-,08:08,17:00,08:08,7.5,1.5,7.5,7.5,0.0,0.0,7.5,ÇIKIŞ_YOK_SABAH,True,"Giriş: 08:08 | Çıkış Basılmadı (Tam Gün 7,5s yazıldı)"
28.09.2026,28,Pazartesi,13183506030,01102,01102,ALİ EŞREF AKIN,ÜRETİM,HALİL DİĞRENCİ,08:06,-,08:06,17:00,08:06,7.5,1.5,7.5,7.5,0.0,0.0,7.5,ÇIKIŞ_YOK_SABAH,True,"Giriş: 08:06 | Çıkış Basılmadı (Tam Gün 7,5s yazıldı)"
28.09.2026,28,Pazartesi,99320980932,00247,00247,ANUD ELMEAŞİ,BALIK TEMİZLEME,GÜVEN TURİZM,07:37,-,07:37,17:00,07:37,7.5,1.5,7.5,7.5,0.0,0.0,7.5,ÇIKIŞ_YOK_SABAH,True,"Giriş: 07:37 | Çıkış Basılmadı (Tam Gün 7,5s yazıldı)"
28.09.2026,28,Pazartesi,28336192374,00308,00308,ARZU KILA,AMBAR,BİGADİÇ,08:01,-,08:01,17:00,08:01,7.5,1.5,7.5,7.5,0.0,0.0,7.5,ÇIKIŞ_YOK_SABAH,True,"Giriş: 08:01 | Çıkış Basılmadı (Tam Gün 7,5s yazıldı)"
28.09.2026,28,Pazartesi,28033351500,01357,01357,ARZU ÖZTÜRK,BALIK TEMİZLEME,GÜVEN MUSTAFAKEMALPAŞA,08:03,-,08:03,17:00,08:03,7.5,1.5,7.5,7.5,0.0,0.0,7.5,ÇIKIŞ_YOK_SABAH,True,"Giriş: 08:03 | Çıkış Basılmadı (Tam Gün 7,5s yazıldı)"
28.09.2026,28,Pazartesi,24709461474,00894,00894,ASLI BAYRAKTAR,BALIK DOLUM,GÜVEN TURİZM,07:37,-,07:37,17:00,07:37,7.5,1.5,7.5,7.5,2.0,2.0,9.5,BÖLÜM_PRİMLİ,True,"Giriş: 07:37 | Çıkış Basılmadı (Tam Gün 7,5s yazıldı) | Balık Dolum ve Kesim Primi: Fiili 7,5s -> Bonuslu 9,5s (+2,0s Prim)"
28.09.2026,28,Pazartesi,12572550074,00209,00209,ASYA TİLKİ,BALIK TEMİZLEME,KARACABEY,07:45,-,07:45,17:00,07:45,7.5,1.5,7.5,7.5,0.0,0.0,7.5,ÇIKIŞ_YOK_SABAH,True,"Giriş: 07:45 | Çıkış Basılmadı (Tam Gün 7,5s yazıldı)"
28.09.2026,28,Pazartesi,22426711476,00754,00754,AYNUR DEMİRCAN,BALIK TEMİZLEME,HALİL DİĞRENCİ,08:03,-,08:03,17:00,08:03,7.5,1.5,7.5,7.5,0.0,0.0,7.5,ÇIKIŞ_YOK_SABAH,True,"Giriş: 08:03 | Çıkış Basılmadı (Tam Gün 7,5s yazıldı)"
28.09.2026,28,Pazartesi,13543834438,01145,01145,AYSEL ÇETİNTAŞ,ÜRETİM,HALİL DİĞRENCİ,08:05,-,08:05,17:00,08:05,7.5,1.5,7.5,7.5,0.0,0.0,7.5,ÇIKIŞ_YOK_SABAH,True,"Giriş: 08:05 | Çıkış Basılmadı (Tam Gün 7,5s yazıldı)"
28.09.2026,28,Pazartesi,,01385,01385,AYÇA KARAMAN,,HALİL DİĞRENCİ,07:58,-,07:58,17:00,07:58,7.5,1.5,7.5,7.5,0.0,0.0,7.5,ÇIKIŞ_YOK_SABAH,True,"Giriş: 07:58 | Çıkış Basılmadı (Tam Gün 7,5s yazıldı)"
28.09.2026,28,Pazartesi,25567503092,00211,00211,AYÇA SEZER,KALİTE,BANDIRMA,07:56,-,07:56,17:00,07:56,7.5,1.5,7.5,7.5,0.0,0.0,7.5,ÇIKIŞ_YOK_SABAH,True,"Giriş: 07:56 | Çıkış Basılmadı (Tam Gün 7,5s yazıldı)"
28.09.2026,28,Pazartesi,24280352994,00214,00214,AYŞE KARAMAN,BALIK TEMİZLEME,BALIKESİR,07:56,-,07:56,17:00,07:56,7.5,1.5,7.5,7.5,0.0,0.0,7.5,ÇIKIŞ_YOK_SABAH,True,"Giriş: 07:56 | Çıkış Basılmadı (Tam Gün 7,5s yazıldı)"
28.09.2026,28,Pazartesi,11284759850,00018,00018,AYŞE ÇENECİOĞLU,AMBAR,BİGADİÇ,08:01,-,08:01,17:00,08:01,7.5,1.5,7.5,7.5,0.0,0.0,7.5,ÇIKIŞ_YOK_SABAH,True,"Giriş: 08:01 | Çıkış Basılmadı (Tam Gün 7,5s yazıldı)"
28.09.2026,28,Pazartesi,12496719380,01139,01139,BEDİA KAYMAZ,AMBAR,BİGADİÇ,08:00,-,08:00,17:00,08:00,7.5,1.5,7.5,7.5,0.0,0.0,7.5,ÇIKIŞ_YOK_SABAH,True,"Giriş: 08:00 | Çıkış Basılmadı (Tam Gün 7,5s yazıldı)"
28.09.2026,28,Pazartesi,11206757414,00902,00902,BERK BERBER,ÇEVRE MÜHENDİSİ,BANDIRMA,07:44,-,07:44,17:00,07:44,7.5,1.5,7.5,7.5,0.0,0.0,7.5,ÇIKIŞ_YOK_SABAH,True,"Giriş: 07:44 | Çıkış Basılmadı (Tam Gün 7,5s yazıldı)"
28.09.2026,28,Pazartesi,25297298992,00216,00216,BETÜL TUNÇ,BALIK TEMİZLEME,BANDIRMA,07:44,-,07:44,17:00,07:44,7.5,1.5,7.5,7.5,0.0,0.0,7.5,ÇIKIŞ_YOK_SABAH,True,"Giriş: 07:44 | Çıkış Basılmadı (Tam Gün 7,5s yazıldı)"
28.09.2026,28,Pazartesi,10201948476,01170,01170,BUKET DÖNMEZ,KALİTE,HALİL DİĞRENCİ,08:07,-,08:07,17:00,08:07,7.5,1.5,7.5,7.5,0.0,0.0,7.5,ÇIKIŞ_YOK_SABAH,True,"Giriş: 08:07 | Çıkış Basılmadı (Tam Gün 7,5s yazıldı)"
28.09.2026,28,Pazartesi,33316051664,01339,01339,BİLGİNUR SÜMER,BALIK TEMİZLEME,BALIKESİR,07:57,-,07:57,17:00,07:57,7.5,1.5,7.5,7.5,0.0,0.0,7.5,ÇIKIŞ_YOK_SABAH,True,"Giriş: 07:57 | Çıkış Basılmadı (Tam Gün 7,5s yazıldı)"
28.09.2026,28,Pazartesi,11950763822,01348,01348,BİLGİYE TOPAL,BALIK TEMİZLEME,GÜVEN MUSTAFAKEMALPAŞA,08:03,-,08:03,17:00,08:03,7.5,1.5,7.5,7.5,0.0,0.0,7.5,ÇIKIŞ_YOK_SABAH,True,"Giriş: 08:03 | Çıkış Basılmadı (Tam Gün 7,5s yazıldı)"
28.09.2026,28,Pazartesi,31678238334,00922,00922,CANSEL AKCAN,BALIK TEMİZLEME,GÜVEN MUSTAFAKEMALPAŞA,08:02,-,08:02,17:00,08:02,7.5,1.5,7.5,7.5,0.0,0.0,7.5,ÇIKIŞ_YOK_SABAH,True,"Giriş: 08:02 | Çıkış Basılmadı (Tam Gün 7,5s yazıldı)"
28.09.2026,28,Pazartesi,16933572286,00030,00030,CANSEVER ÇÇAKMAK,AMBAR,BİGADİÇ,08:01,-,08:01,17:00,08:01,7.5,1.5,7.5,7.5,0.0,0.0,7.5,ÇIKIŞ_YOK_SABAH,True,"Giriş: 08:01 | Çıkış Basılmadı (Tam Gün 7,5s yazıldı)"
28.09.2026,28,Pazartesi,33154180038,00031,00031,CEMALETTİN BEDİZCİ,BAKIM,KARACABEY,07:50,-,07:50,17:00,07:50,7.5,1.5,7.5,7.5,0.0,0.0,7.5,ÇIKIŞ_YOK_SABAH,True,"Giriş: 07:50 | Çıkış Basılmadı (Tam Gün 7,5s yazıldı)"
28.09.2026,28,Pazartesi,17488585028,00217,00217,CEMİLE KARAN,BALIK TEMİZLEME,BALIKESİR,07:57,-,07:57,17:00,07:57,7.5,1.5,7.5,7.5,0.0,0.0,7.5,ÇIKIŞ_YOK_SABAH,True,"Giriş: 07:57 | Çıkış Basılmadı (Tam Gün 7,5s yazıldı)"
28.09.2026,28,Pazartesi,16699736366,01330,01330,CEYLAN BATAN,BALIK TEMİZLEME,GÜVEN MUSTAFAKEMALPAŞA,08:03,-,08:03,17:00,08:03,7.5,1.5,7.5,7.5,0.0,0.0,7.5,ÇIKIŞ_YOK_SABAH,True,"Giriş: 08:03 | Çıkış Basılmadı (Tam Gün 7,5s yazıldı)"
28.09.2026,28,Pazartesi,19313787324,00943,00943,CİHAN YILMAZ,BALIK,HALİL DİĞRENCİ,08:06,-,08:06,17:00,08:06,7.5,1.5,7.5,7.5,0.0,0.0,7.5,ÇIKIŞ_YOK_SABAH,True,"Giriş: 08:06 | Çıkış Basılmadı (Tam Gün 7,5s yazıldı)"
28.09.2026,28,Pazartesi,,01378,01378,DEMİRHAN GÖKGÖZ,,HALİL DİĞRENCİ,08:02,-,08:02,17:00,08:02,7.5,1.5,7.5,7.5,0.0,0.0,7.5,ÇIKIŞ_YOK_SABAH,True,"Giriş: 08:02 | Çıkış Basılmadı (Tam Gün 7,5s yazıldı)"
28.09.2026,28,Pazartesi,37525041782,00218,00218,DERYA SEVİNÇ,FORMEN,MKP,07:45,-,07:45,17:00,07:45,7.5,1.5,7.5,7.5,0.0,0.0,7.5,ÇIKIŞ_YOK_SABAH,True,"Giriş: 07:45 | Çıkış Basılmadı (Tam Gün 7,5s yazıldı)"
28.09.2026,28,Pazartesi,24961035246,01098,01098,DUDU ÖRENGÜL,KALİTE,GÜVEN MUSTAFAKEMALPAŞA,08:02,-,08:02,17:00,08:02,7.5,1.5,7.5,7.5,0.0,0.0,7.5,ÇIKIŞ_YOK_SABAH,True,"Giriş: 08:02 | Çıkış Basılmadı (Tam Gün 7,5s yazıldı)"
28.09.2026,28,Pazartesi,99848635024,00283,00283,DUHA EL MUFADDİ,BALIK TEMİZLEME,MKP,07:45,-,07:45,17:00,07:45,7.5,1.5,7.5,7.5,0.0,0.0,7.5,ÇIKIŞ_YOK_SABAH,True,"Giriş: 07:45 | Çıkış Basılmadı (Tam Gün 7,5s yazıldı)"
28.09.2026,28,Pazartesi,10456937386,01362,01362,DİLEK ÇETİN,,HALİL DİĞRENCİ,08:06,-,08:06,17:00,08:06,7.5,1.5,7.5,7.5,0.0,0.0,7.5,ÇIKIŞ_YOK_SABAH,True,"Giriş: 08:06 | Çıkış Basılmadı (Tam Gün 7,5s yazıldı)"
28.09.2026,28,Pazartesi,12562741222,00872,00872,EBRU ÖÖZALP,BALIK TEMİZLEME,BALIKESİR,07:56,-,07:56,17:00,07:56,7.5,1.5,7.5,7.5,0.0,0.0,7.5,ÇIKIŞ_YOK_SABAH,True,"Giriş: 07:56 | Çıkış Basılmadı (Tam Gün 7,5s yazıldı)"
28.09.2026,28,Pazartesi,10066843626,00374,00374,EFE EVİM,AMBAR,BİGADİÇ,08:02,-,08:02,17:00,08:02,7.5,1.5,7.5,7.5,0.0,0.0,7.5,ÇIKIŞ_YOK_SABAH,True,"Giriş: 08:02 | Çıkış Basılmadı (Tam Gün 7,5s yazıldı)"
28.09.2026,28,Pazartesi,20036722080,00039,00039,ELMAS OMAY,AMBAR,BALIKESİR,07:55,-,07:55,17:00,07:55,7.5,1.5,7.5,7.5,0.0,0.0,7.5,ÇIKIŞ_YOK_SABAH,True,"Giriş: 07:55 | Çıkış Basılmadı (Tam Gün 7,5s yazıldı)"
28.09.2026,28,Pazartesi,16591633060,00038,00038,ELİF TUNÇ,KALİTE,BANDIRMA,07:43,-,07:43,17:00,07:43,7.5,1.5,7.5,7.5,0.0,0.0,7.5,ÇIKIŞ_YOK_SABAH,True,"Giriş: 07:43 | Çıkış Basılmadı (Tam Gün 7,5s yazıldı)"
28.09.2026,28,Pazartesi,20266511430,00002,00002,ELİF YAVAŞ,MUHASEBE,SUSURLUK,08:09,-,08:09,17:00,08:09,7.5,1.5,7.5,7.5,0.0,0.0,7.5,ÇIKIŞ_YOK_SABAH,True,"Giriş: 08:09 | Çıkış Basılmadı (Tam Gün 7,5s yazıldı)"
28.09.2026,28,Pazartesi,31009103096,00204,00204,EMEL SANAN,AMBAR,BİGADİÇ,08:01,-,08:01,17:00,08:01,7.5,1.5,7.5,7.5,0.0,0.0,7.5,ÇIKIŞ_YOK_SABAH,True,"Giriş: 08:01 | Çıkış Basılmadı (Tam Gün 7,5s yazıldı)"
28.09.2026,28,Pazartesi,21550576494,01091,01091,EMRE BAŞAR,ÜRETİM,GÜVEN MUSTAFAKEMALPAŞA,08:04,-,08:04,17:00,08:04,7.5,1.5,7.5,7.5,0.0,0.0,7.5,ÇIKIŞ_YOK_SABAH,True,"Giriş: 08:04 | Çıkış Basılmadı (Tam Gün 7,5s yazıldı)"
28.09.2026,28,Pazartesi,01377,01377,01377,EMRİCAN DURMAN,DİĞER,HALİL DİĞRENCİ,08:02,-,08:02,17:00,08:02,7.5,1.5,7.5,7.5,0.0,0.0,7.5,ÇIKIŞ_YOK_SABAH,True,"Giriş: 08:02 | Çıkış Basılmadı (Tam Gün 7,5s yazıldı)"
28.09.2026,28,Pazartesi,20584476770,00219,00219,EMİNE ATEŞ,BALIK TEMİZLEME,BALIKESİR,07:57,-,07:57,17:00,07:57,7.5,1.5,7.5,7.5,0.0,0.0,7.5,ÇIKIŞ_YOK_SABAH,True,"Giriş: 07:57 | Çıkış Basılmadı (Tam Gün 7,5s yazıldı)"
28.09.2026,28,Pazartesi,12523718256,00043,00043,EMİNE BAYER,AMBAR,BİGADİÇ,08:01,-,08:01,17:00,08:01,7.5,1.5,7.5,7.5,0.0,0.0,7.5,ÇIKIŞ_YOK_SABAH,True,"Giriş: 08:01 | Çıkış Basılmadı (Tam Gün 7,5s yazıldı)"
28.09.2026,28,Pazartesi,16111749134,01300,01300,EMİNE KARAMAN,BALIK TEMİZLEME,HALİL DİĞRENCİ,08:06,-,08:06,17:00,08:06,7.5,1.5,7.5,7.5,0.0,0.0,7.5,ÇIKIŞ_YOK_SABAH,True,"Giriş: 08:06 | Çıkış Basılmadı (Tam Gün 7,5s yazıldı)"
28.09.2026,28,Pazartesi,12379749978,00197,00197,EMİNE SARI,YEMEKHANE,BALIKESİR,07:57,-,07:57,17:00,07:57,7.5,1.5,7.5,7.5,0.0,0.0,7.5,ÇIKIŞ_YOK_SABAH,True,"Giriş: 07:57 | Çıkış Basılmadı (Tam Gün 7,5s yazıldı)"
28.09.2026,28,Pazartesi,45328882280,00859,00859,EMİNE YAVUZ,BALIK TEMİZLEME,GÜVEN TURİZM,07:36,-,07:36,17:00,07:36,7.5,1.5,7.5,7.5,0.0,0.0,7.5,ÇIKIŞ_YOK_SABAH,True,"Giriş: 07:36 | Çıkış Basılmadı (Tam Gün 7,5s yazıldı)"
28.09.2026,28,Pazartesi,37030668238,01180,01180,EMİNE ŞENTÜRK CİNGÖZ,BALIK TEMİZLEME,GÜVEN TURİZM,07:36,-,07:36,17:00,07:36,7.5,1.5,7.5,7.5,0.0,0.0,7.5,ÇIKIŞ_YOK_SABAH,True,"Giriş: 07:36 | Çıkış Basılmadı (Tam Gün 7,5s yazıldı)"
28.09.2026,28,Pazartesi,10036852948,00046,00046,EMİRHAN MUTLU,BAKIM,GÖBEL,08:13,-,08:13,17:00,08:13,7.5,1.5,7.5,7.5,0.0,0.0,7.5,ÇIKIŞ_YOK_SABAH,True,"Giriş: 08:13 | Çıkış Basılmadı (Tam Gün 7,5s yazıldı)"
28.09.2026,28,Pazartesi,34795126850,01351,01351,ERCAN POLAT,BİLGİSAYAR MÜHENDİSİ,KARACABEY,07:46,-,07:46,17:00,07:46,7.5,1.5,7.5,7.5,0.0,0.0,7.5,ÇIKIŞ_YOK_SABAH,True,"Giriş: 07:46 | Çıkış Basılmadı (Tam Gün 7,5s yazıldı)"
28.09.2026,28,Pazartesi,35183294274,00926,00926,FATMA DEMİRER,BALIK TEMİZLEME,GÜVEN MUSTAFAKEMALPAŞA,08:01,-,08:01,17:00,08:01,7.5,1.5,7.5,7.5,0.0,0.0,7.5,ÇIKIŞ_YOK_SABAH,True,"Giriş: 08:01 | Çıkış Basılmadı (Tam Gün 7,5s yazıldı)"
28.09.2026,28,Pazartesi,17431713232,00927,00927,FİSUN ETİLER,,GÜVEN MUSTAFAKEMALPAŞA,08:02,-,08:02,17:00,08:02,7.5,1.5,7.5,7.5,0.0,0.0,7.5,ÇIKIŞ_YOK_SABAH,True,"Giriş: 08:02 | Çıkış Basılmadı (Tam Gün 7,5s yazıldı)"
28.09.2026,28,Pazartesi,33379057108,00423,00423,GÜLAY GÜNDOĞDU,BALIK TEMİZLEME,BALIKESİR,07:55,-,07:55,17:00,07:55,7.5,1.5,7.5,7.5,0.0,0.0,7.5,ÇIKIŞ_YOK_SABAH,True,"Giriş: 07:55 | Çıkış Basılmadı (Tam Gün 7,5s yazıldı)"
28.09.2026,28,Pazartesi,24541318660,00065,00065,GÜLCAN BİLGİÇ,AMBAR,BİGADİÇ,08:01,-,08:01,17:00,08:01,7.5,1.5,7.5,7.5,0.0,0.0,7.5,ÇIKIŞ_YOK_SABAH,True,"Giriş: 08:01 | Çıkış Basılmadı (Tam Gün 7,5s yazıldı)"
28.09.2026,28,Pazartesi,53689106020,00073,00073,GÜLSÜM GÖRGÜLÜ,AMBAR,BİGADİÇ,08:02,-,08:02,17:00,08:02,7.5,1.5,7.5,7.5,0.0,0.0,7.5,ÇIKIŞ_YOK_SABAH,True,"Giriş: 08:02 | Çıkış Basılmadı (Tam Gün 7,5s yazıldı)"
28.09.2026,28,Pazartesi,10996768938,00071,00071,GÜLTEN GİDER,AMBAR,BİGADİÇ,08:02,-,08:02,17:00,08:02,7.5,1.5,7.5,7.5,0.0,0.0,7.5,ÇIKIŞ_YOK_SABAH,True,"Giriş: 08:02 | Çıkış Basılmadı (Tam Gün 7,5s yazıldı)"
28.09.2026,28,Pazartesi,11593899780,00773,00773,GÜRAY PALA,BALIK KESİM,HALİL DİĞRENCİ,08:04,-,08:04,17:00,08:04,7.5,1.5,7.5,7.5,2.0,2.0,9.5,BÖLÜM_PRİMLİ,True,"Giriş: 08:04 | Çıkış Basılmadı (Tam Gün 7,5s yazıldı) | Balık Dolum ve Kesim Primi: Fiili 7,5s -> Bonuslu 9,5s (+2,0s Prim)"
28.09.2026,28,Pazartesi,23638497776,00075,00075,HACER BEYHAN,BALIK TEMİZLEME,HALİL DİĞRENCİ,08:03,-,08:03,17:00,08:03,7.5,1.5,7.5,7.5,0.0,0.0,7.5,ÇIKIŞ_YOK_SABAH,True,"Giriş: 08:03 | Çıkış Basılmadı (Tam Gün 7,5s yazıldı)"
28.09.2026,28,Pazartesi,22639531168,01078,01078,HAFİZE AVCIOĞLU,BALIK TEMİZLEME,GÜVEN TURİZM,07:37,-,07:37,17:00,07:37,7.5,1.5,7.5,7.5,0.0,0.0,7.5,ÇIKIŞ_YOK_SABAH,True,"Giriş: 07:37 | Çıkış Basılmadı (Tam Gün 7,5s yazıldı)"
28.09.2026,28,Pazartesi,52240399666,01020,01020,HANDAN TOPTİK,ÜRETİM,HALİL DİĞRENCİ,08:03,-,08:03,17:00,08:03,7.5,1.5,7.5,7.5,0.0,0.0,7.5,ÇIKIŞ_YOK_SABAH,True,"Giriş: 08:03 | Çıkış Basılmadı (Tam Gün 7,5s yazıldı)"
28.09.2026,28,Pazartesi,20290485820,01060,01060,HANİFE YILDIRIM,BALIK TEMİZLEME,BALIKESİR,07:56,-,07:56,17:00,07:56,7.5,1.5,7.5,7.5,0.0,0.0,7.5,ÇIKIŞ_YOK_SABAH,True,"Giriş: 07:56 | Çıkış Basılmadı (Tam Gün 7,5s yazıldı)"
28.09.2026,28,Pazartesi,32194063110,00574,00574,HATİCE ERBAŞ,AMBAR,BİGADİÇ,08:01,-,08:01,17:00,08:01,7.5,1.5,7.5,7.5,0.0,0.0,7.5,ÇIKIŞ_YOK_SABAH,True,"Giriş: 08:01 | Çıkış Basılmadı (Tam Gün 7,5s yazıldı)"
28.09.2026,28,Pazartesi,45823635220,01148,01148,HATİCE GÖLBAŞ,ÜRETİM,HALİL DİĞRENCİ,08:08,-,08:08,17:00,08:08,7.5,1.5,7.5,7.5,0.0,0.0,7.5,ÇIKIŞ_YOK_SABAH,True,"Giriş: 08:08 | Çıkış Basılmadı (Tam Gün 7,5s yazıldı)"
28.09.2026,28,Pazartesi,10817807990,01096,01096,HATİCE ONUK,ÜRETİM,HALİL DİĞRENCİ,08:05,-,08:05,17:00,08:05,7.5,1.5,7.5,7.5,0.0,0.0,7.5,ÇIKIŞ_YOK_SABAH,True,"Giriş: 08:05 | Çıkış Basılmadı (Tam Gün 7,5s yazıldı)"
28.09.2026,28,Pazartesi,33850041688,00577,00577,HATİCE SAVAŞÇI,BALIK TEMİZLEME,BALIKESİR,07:57,-,07:57,17:00,07:57,7.5,1.5,7.5,7.5,0.0,0.0,7.5,ÇIKIŞ_YOK_SABAH,True,"Giriş: 07:57 | Çıkış Basılmadı (Tam Gün 7,5s yazıldı)"
28.09.2026,28,Pazartesi,26653281238,00228,00228,HAVVA BAYRAM,BALIK TEMİZLEME,BALIKESİR,07:56,-,07:56,17:00,07:56,7.5,1.5,7.5,7.5,0.0,0.0,7.5,ÇIKIŞ_YOK_SABAH,True,"Giriş: 07:56 | Çıkış Basılmadı (Tam Gün 7,5s yazıldı)"
28.09.2026,28,Pazartesi,30367150308,00852,00852,HAYRULLAH TOPRAK,AMBAR,GÜVEN TURİZM,08:09,-,08:09,17:00,08:09,7.5,1.5,7.5,7.5,0.0,0.0,7.5,ÇIKIŞ_YOK_SABAH,True,"Giriş: 08:09 | Çıkış Basılmadı (Tam Gün 7,5s yazıldı)"
28.09.2026,28,Pazartesi,10156949566,01270,01270,HAYRİYE BEYİRKEN,ÜRETİM,HALİL DİĞRENCİ,08:05,-,08:05,17:00,08:05,7.5,1.5,7.5,7.5,0.0,0.0,7.5,ÇIKIŞ_YOK_SABAH,True,"Giriş: 08:05 | Çıkış Basılmadı (Tam Gün 7,5s yazıldı)"
28.09.2026,28,Pazartesi,33289026430,00480,00480,HÜLYA TOPAL,AMBAR,BİGADİÇ,08:01,-,08:01,17:00,08:01,7.5,1.5,7.5,7.5,0.0,0.0,7.5,ÇIKIŞ_YOK_SABAH,True,"Giriş: 08:01 | Çıkış Basılmadı (Tam Gün 7,5s yazıldı)"
28.09.2026,28,Pazartesi,30856107820,00091,00091,HÜLYA ÜÜNAL,AMBAR,BİGADİÇ,08:01,-,08:01,17:00,08:01,7.5,1.5,7.5,7.5,0.0,0.0,7.5,ÇIKIŞ_YOK_SABAH,True,"Giriş: 08:01 | Çıkış Basılmadı (Tam Gün 7,5s yazıldı)"
28.09.2026,28,Pazartesi,49981303052,00093,00093,KADİR AZAR,AMBAR,KARACABEY,08:08,-,08:08,17:00,08:08,7.5,1.5,7.5,7.5,0.0,0.0,7.5,ÇIKIŞ_YOK_SABAH,True,"Giriş: 08:08 | Çıkış Basılmadı (Tam Gün 7,5s yazıldı)"
28.09.2026,28,Pazartesi,27448226656,00095,00095,KAMİLE DAĞDÇELEN,AMBAR,BİGADİÇ,08:01,-,08:01,17:00,08:01,7.5,1.5,7.5,7.5,0.0,0.0,7.5,ÇIKIŞ_YOK_SABAH,True,"Giriş: 08:01 | Çıkış Basılmadı (Tam Gün 7,5s yazıldı)"
28.09.2026,28,Pazartesi,99656887974,00294,00294,KEFA EL HUDUR,BALIK TEMİZLEME,MKP,07:45,-,07:45,17:00,07:45,7.5,1.5,7.5,7.5,0.0,0.0,7.5,ÇIKIŞ_YOK_SABAH,True,"Giriş: 07:45 | Çıkış Basılmadı (Tam Gün 7,5s yazıldı)"
28.09.2026,28,Pazartesi,33397029286,01327,01327,KÜBÜŞRA ALTAY,SATIN ALMA,BANDIRMA,07:43,-,07:43,17:00,07:43,7.5,1.5,7.5,7.5,0.0,0.0,7.5,ÇIKIŞ_YOK_SABAH,True,"Giriş: 07:43 | Çıkış Basılmadı (Tam Gün 7,5s yazıldı)"
28.09.2026,28,Pazartesi,25657430024,00199,00199,KÜRŞAT TÜRKAN,BAKIM,KARACABEY,07:54,-,07:54,17:00,07:54,7.5,1.5,7.5,7.5,0.0,0.0,7.5,ÇIKIŞ_YOK_SABAH,True,"Giriş: 07:54 | Çıkış Basılmadı (Tam Gün 7,5s yazıldı)"
28.09.2026,28,Pazartesi,54871132810,00232,00232,MAHİZER BAĞ,BALIK TEMİZLEME,KARACABEY,07:46,-,07:46,17:00,07:46,7.5,1.5,7.5,7.5,0.0,0.0,7.5,ÇIKIŞ_YOK_SABAH,True,"Giriş: 07:46 | Çıkış Basılmadı (Tam Gün 7,5s yazıldı)"
28.09.2026,28,Pazartesi,,01387,01387,MEHMET EMİN BATUR,,HALİL DİĞRENCİ,07:57,-,07:57,17:00,07:57,7.5,1.5,7.5,7.5,0.0,0.0,7.5,ÇIKIŞ_YOK_SABAH,True,"Giriş: 07:57 | Çıkış Basılmadı (Tam Gün 7,5s yazıldı)"
28.09.2026,28,Pazartesi,13876724772,00500,00500,MEHMET KARTAL,AMBAR,SUSURLUK,07:43,-,07:43,17:00,07:43,7.5,1.5,7.5,7.5,0.0,0.0,7.5,ÇIKIŞ_YOK_SABAH,True,"Giriş: 07:43 | Çıkış Basılmadı (Tam Gün 7,5s yazıldı)"
28.09.2026,28,Pazartesi,30181166332,00233,00233,MEMNUNE KARAMAN,BALIK TEMİZLEME,BALIKESİR,07:56,-,07:56,17:00,07:56,7.5,1.5,7.5,7.5,0.0,0.0,7.5,ÇIKIŞ_YOK_SABAH,True,"Giriş: 07:56 | Çıkış Basılmadı (Tam Gün 7,5s yazıldı)"
28.09.2026,28,Pazartesi,,01386,01386,MENEKŞE DURMAN,,HALİL DİĞRENCİ,08:02,-,08:02,17:00,08:02,7.5,1.5,7.5,7.5,0.0,0.0,7.5,ÇIKIŞ_YOK_SABAH,True,"Giriş: 08:02 | Çıkış Basılmadı (Tam Gün 7,5s yazıldı)"
28.09.2026,28,Pazartesi,28027546004,00112,00112,MESUT ERDEL,BAKIM,SUSURLUK,08:03,-,08:03,17:00,08:03,7.5,1.5,7.5,7.5,0.0,0.0,7.5,ÇIKIŞ_YOK_SABAH,True,"Giriş: 08:03 | Çıkış Basılmadı (Tam Gün 7,5s yazıldı)"
28.09.2026,28,Pazartesi,99248627704,00005,00005,MHD BASSEL ALZALEK,ELEKTRİK,SUSURLUK,07:43,-,07:43,17:00,07:43,7.5,1.5,7.5,7.5,0.0,0.0,7.5,ÇIKIŞ_YOK_SABAH,True,"Giriş: 07:43 | Çıkış Basılmadı (Tam Gün 7,5s yazıldı)"
28.09.2026,28,Pazartesi,99347757876,00116,00116,MUHAMMED SAMİH SERHAN,AMBAR,GÖBEL,08:20,-,08:20,17:00,08:20,7.5,1.5,7.5,7.5,0.0,0.0,7.5,ÇIKIŞ_YOK_SABAH,True,"Giriş: 08:20 | Çıkış Basılmadı (Tam Gün 7,5s yazıldı)"
28.09.2026,28,Pazartesi,23329391024,00514,00514,MUKATDES KARAMANOĞLU,BALIK TEMİZLEME,BALIKESİR,07:57,-,07:57,17:00,07:57,7.5,1.5,7.5,7.5,0.0,0.0,7.5,ÇIKIŞ_YOK_SABAH,True,"Giriş: 07:57 | Çıkış Basılmadı (Tam Gün 7,5s yazıldı)"
28.09.2026,28,Pazartesi,15205679746,00572,00572,MURAT YONSUL,AMBAR,GÖBEL,07:44,-,07:44,17:00,07:44,7.5,1.5,7.5,7.5,0.0,0.0,7.5,ÇIKIŞ_YOK_SABAH,True,"Giriş: 07:44 | Çıkış Basılmadı (Tam Gün 7,5s yazıldı)"
28.09.2026,28,Pazartesi,25621221832,00118,00118,MUSTAFA KAYA,İŞLETME,MKP,07:46,-,07:46,17:00,07:46,7.5,1.5,7.5,7.5,0.0,0.0,7.5,ÇIKIŞ_YOK_SABAH,True,"Giriş: 07:46 | Çıkış Basılmadı (Tam Gün 7,5s yazıldı)"
28.09.2026,28,Pazartesi,,01373,01373,MUSTAFA KURT,,HALİL DİĞRENCİ,07:43,-,07:43,17:00,07:43,7.5,1.5,7.5,7.5,0.0,0.0,7.5,ÇIKIŞ_YOK_SABAH,True,"Giriş: 07:43 | Çıkış Basılmadı (Tam Gün 7,5s yazıldı)"
28.09.2026,28,Pazartesi,21976553468,00234,00234,MÜCAHİT ÇOLAK,BALIK TEMİZLEME,KARACABEY,07:46,-,07:46,17:00,07:46,7.5,1.5,7.5,7.5,0.0,0.0,7.5,ÇIKIŞ_YOK_SABAH,True,"Giriş: 07:46 | Çıkış Basılmadı (Tam Gün 7,5s yazıldı)"
28.09.2026,28,Pazartesi,31195265912,01056,01056,MÜRVET ÇAKAN,BALIK TEMİZLEME,HALİL DİĞRENCİ,08:03,-,08:03,17:00,08:03,7.5,1.5,7.5,7.5,0.0,0.0,7.5,ÇIKIŞ_YOK_SABAH,True,"Giriş: 08:03 | Çıkış Basılmadı (Tam Gün 7,5s yazıldı)"
28.09.2026,28,Pazartesi,33124024560,00120,00120,MÜZEYYEN ERDİNÇ,BALIK TEMİZLEME,BALIKESİR,07:56,-,07:56,17:00,07:56,7.5,1.5,7.5,7.5,0.0,0.0,7.5,ÇIKIŞ_YOK_SABAH,True,"Giriş: 07:56 | Çıkış Basılmadı (Tam Gün 7,5s yazıldı)"
28.09.2026,28,Pazartesi,12556753194,00235,00235,NACİYE KARABULUT,BALIK TEMİZLEME,BALIKESİR,07:56,-,07:56,17:00,07:56,7.5,1.5,7.5,7.5,0.0,0.0,7.5,ÇIKIŞ_YOK_SABAH,True,"Giriş: 07:56 | Çıkış Basılmadı (Tam Gün 7,5s yazıldı)"
28.09.2026,28,Pazartesi,16324748870,01178,01178,NAZMİYE ÇELİK,BALIK TEMİZLEME,GÜVEN MUSTAFAKEMALPAŞA,08:02,-,08:02,17:00,08:02,7.5,1.5,7.5,7.5,0.0,0.0,7.5,ÇIKIŞ_YOK_SABAH,True,"Giriş: 08:02 | Çıkış Basılmadı (Tam Gün 7,5s yazıldı)"
28.09.2026,28,Pazartesi,38710924712,00887,00887,NECLA ABİ,BALIK TEMİZLEME,GÜVEN TURİZM,07:37,-,07:37,17:00,07:37,7.5,1.5,7.5,7.5,0.0,0.0,7.5,ÇIKIŞ_YOK_SABAH,True,"Giriş: 07:37 | Çıkış Basılmadı (Tam Gün 7,5s yazıldı)"
28.09.2026,28,Pazartesi,24031385950,00380,00380,NECMİ SEVER,MEYDAN,GÖBEL,07:44,-,07:44,17:00,07:44,7.5,1.5,7.5,7.5,0.0,0.0,7.5,ÇIKIŞ_YOK_SABAH,True,"Giriş: 07:44 | Çıkış Basılmadı (Tam Gün 7,5s yazıldı)"
28.09.2026,28,Pazartesi,21991561554,00930,00930,NECMİYE ÜÜLKER,BALIK TEMİZLEME,GÜVEN MUSTAFAKEMALPAŞA,08:02,-,08:02,17:00,08:02,7.5,1.5,7.5,7.5,0.0,0.0,7.5,ÇIKIŞ_YOK_SABAH,True,"Giriş: 08:02 | Çıkış Basılmadı (Tam Gün 7,5s yazıldı)"
28.09.2026,28,Pazartesi,54874132756,00974,00974,NECİFE BAĞ,BALIK TEMİZLEME,KARACABEY,07:46,-,07:46,17:00,07:46,7.5,1.5,7.5,7.5,0.0,0.0,7.5,ÇIKIŞ_YOK_SABAH,True,"Giriş: 07:46 | Çıkış Basılmadı (Tam Gün 7,5s yazıldı)"
28.09.2026,28,Pazartesi,14452686422,00371,00371,NESRİN GÜZEL,BALIK TEMİZLEME,BALIKESİR,07:57,-,07:57,17:00,07:57,7.5,1.5,7.5,7.5,0.0,0.0,7.5,ÇIKIŞ_YOK_SABAH,True,"Giriş: 07:57 | Çıkış Basılmadı (Tam Gün 7,5s yazıldı)"
28.09.2026,28,Pazartesi,17902565544,00128,00128,NURAY AVCI,YEMEKHANE,BALIKESİR,07:57,-,07:57,17:00,07:57,7.5,1.5,7.5,7.5,0.0,0.0,7.5,ÇIKIŞ_YOK_SABAH,True,"Giriş: 07:57 | Çıkış Basılmadı (Tam Gün 7,5s yazıldı)"
28.09.2026,28,Pazartesi,25970637896,00129,00129,NURAY ELİSÇIKIŞ,AMBAR,BALIKESİR,07:57,-,07:57,17:00,07:57,7.5,1.5,7.5,7.5,0.0,0.0,7.5,ÇIKIŞ_YOK_SABAH,True,"Giriş: 07:57 | Çıkış Basılmadı (Tam Gün 7,5s yazıldı)"
28.09.2026,28,Pazartesi,22186447318,00137,00137,NURTEN CAN,ÜRETİM,SUSURLUK TUR-REŞAT,07:44,-,07:44,17:00,07:44,7.5,1.5,7.5,7.5,0.0,0.0,7.5,ÇIKIŞ_YOK_SABAH,True,"Giriş: 07:44 | Çıkış Basılmadı (Tam Gün 7,5s yazıldı)"
28.09.2026,28,Pazartesi,27289383990,00931,00931,NURTEN ERDEM,BALIK TEMİZLEME,GÜVEN MUSTAFAKEMALPAŞA,08:03,-,08:03,17:00,08:03,7.5,1.5,7.5,7.5,0.0,0.0,7.5,ÇIKIŞ_YOK_SABAH,True,"Giriş: 08:03 | Çıkış Basılmadı (Tam Gün 7,5s yazıldı)"
28.09.2026,28,Pazartesi,13420739290,00003,00003,NURİ GÜLSER,KAPI GÖREVLİSİ,GÖBEL,07:44,-,07:44,17:00,07:44,7.5,1.5,7.5,7.5,0.0,0.0,7.5,ÇIKIŞ_YOK_SABAH,True,"Giriş: 07:44 | Çıkış Basılmadı (Tam Gün 7,5s yazıldı)"
28.09.2026,28,Pazartesi,52996654668,00237,00237,NURİYE AKKUŞ,BALIK TEMİZLEME,BANDIRMA,07:44,-,07:44,17:00,07:44,7.5,1.5,7.5,7.5,0.0,0.0,7.5,ÇIKIŞ_YOK_SABAH,True,"Giriş: 07:44 | Çıkış Basılmadı (Tam Gün 7,5s yazıldı)"
28.09.2026,28,Pazartesi,29677146866,00238,00238,RABİYE ÇENECİOĞLU,BALIK TEMİZLEME,BALIKESİR,07:56,-,07:56,17:00,07:56,7.5,1.5,7.5,7.5,0.0,0.0,7.5,ÇIKIŞ_YOK_SABAH,True,"Giriş: 07:56 | Çıkış Basılmadı (Tam Gün 7,5s yazıldı)"
28.09.2026,28,Pazartesi,24022385860,01316,01316,RECEP İÇÖZ,MEYDAN,GÖBEL,07:44,-,07:44,17:00,07:44,7.5,1.5,7.5,7.5,0.0,0.0,7.5,ÇIKIŞ_YOK_SABAH,True,"Giriş: 07:44 | Çıkış Basılmadı (Tam Gün 7,5s yazıldı)"
28.09.2026,28,Pazartesi,16561742068,00842,00842,RUKİYE UZUN,BALIK TEMİZLEME,GÜVEN TURİZM,07:37,-,07:37,17:00,07:37,7.5,1.5,7.5,7.5,0.0,0.0,7.5,ÇIKIŞ_YOK_SABAH,True,"Giriş: 07:37 | Çıkış Basılmadı (Tam Gün 7,5s yazıldı)"
28.09.2026,28,Pazartesi,17335367982,01021,01021,SABİHA AKIN,ÜRETİM,HALİL DİĞRENCİ,08:05,-,08:05,17:00,08:05,7.5,1.5,7.5,7.5,0.0,0.0,7.5,ÇIKIŞ_YOK_SABAH,True,"Giriş: 08:05 | Çıkış Basılmadı (Tam Gün 7,5s yazıldı)"
28.09.2026,28,Pazartesi,31027151864,00147,00147,SABİHA GİRGİN,ÜRETİM,SUSURLUK TUR-REŞAT,07:44,-,07:44,17:00,07:44,7.5,1.5,7.5,7.5,0.0,0.0,7.5,ÇIKIŞ_YOK_SABAH,True,"Giriş: 07:44 | Çıkış Basılmadı (Tam Gün 7,5s yazıldı)"
28.09.2026,28,Pazartesi,30373124058,00149,00149,SANİYE CEYLAN,AMBAR,BİGADİÇ,08:01,-,08:01,17:00,08:01,7.5,1.5,7.5,7.5,0.0,0.0,7.5,ÇIKIŞ_YOK_SABAH,True,"Giriş: 08:01 | Çıkış Basılmadı (Tam Gün 7,5s yazıldı)"
28.09.2026,28,Pazartesi,14164714154,00150,00150,SARA EROĞLU,AMBAR,BALIKESİR,07:55,-,07:55,17:00,07:55,7.5,1.5,7.5,7.5,0.0,0.0,7.5,ÇIKIŞ_YOK_SABAH,True,"Giriş: 07:55 | Çıkış Basılmadı (Tam Gün 7,5s yazıldı)"
28.09.2026,28,Pazartesi,24178356332,00153,00153,SEHER ÖZDEN,YEMEKHANE,BALIKESİR,07:56,-,07:56,17:00,07:56,7.5,1.5,7.5,7.5,0.0,0.0,7.5,ÇIKIŞ_YOK_SABAH,True,"Giriş: 07:56 | Çıkış Basılmadı (Tam Gün 7,5s yazıldı)"
28.09.2026,28,Pazartesi,11248811624,00009,00009,SELAHATTİN SÖĞÜT,ŞÖFÖR,GÖBEL,07:48,-,07:48,17:00,07:48,7.5,1.5,7.5,7.5,0.0,0.0,7.5,ÇIKIŞ_YOK_SABAH,True,"Giriş: 07:48 | Çıkış Basılmadı (Tam Gün 7,5s yazıldı)"
28.09.2026,28,Pazartesi,49369567458,00559,00559,SELMA TUNÇ,BALIK TEMİZLEME,BALIKESİR,07:55,-,07:55,17:00,07:55,7.5,1.5,7.5,7.5,0.0,0.0,7.5,ÇIKIŞ_YOK_SABAH,True,"Giriş: 07:55 | Çıkış Basılmadı (Tam Gün 7,5s yazıldı)"
28.09.2026,28,Pazartesi,13696829374,01361,01361,SERPİL İİPEK,,HALİL DİĞRENCİ,08:06,-,08:06,17:00,08:06,7.5,1.5,7.5,7.5,0.0,0.0,7.5,ÇIKIŞ_YOK_SABAH,True,"Giriş: 08:06 | Çıkış Basılmadı (Tam Gün 7,5s yazıldı)"
28.09.2026,28,Pazartesi,17611699134,00884,00884,SEVİLAY DÖNMEZ,BALIK TEMİZLEME,GÜVEN TURİZM,07:37,-,07:37,17:00,07:37,7.5,1.5,7.5,7.5,0.0,0.0,7.5,ÇIKIŞ_YOK_SABAH,True,"Giriş: 07:37 | Çıkış Basılmadı (Tam Gün 7,5s yazıldı)"
28.09.2026,28,Pazartesi,15250777510,01063,01063,SEZAİ ÇELİK,BALIK,HALİL DİĞRENCİ,08:07,-,08:07,17:00,08:07,7.5,1.5,7.5,7.5,0.0,0.0,7.5,ÇIKIŞ_YOK_SABAH,True,"Giriş: 08:07 | Çıkış Basılmadı (Tam Gün 7,5s yazıldı)"
28.09.2026,28,Pazartesi,55963096430,00240,00240,SULTAN BAĞ,BALIK TEMİZLEME,KARACABEY,07:46,-,07:46,17:00,07:46,7.5,1.5,7.5,7.5,0.0,0.0,7.5,ÇIKIŞ_YOK_SABAH,True,"Giriş: 07:46 | Çıkış Basılmadı (Tam Gün 7,5s yazıldı)"
28.09.2026,28,Pazartesi,20374606288,01047,01047,TANER BEYİRKEN,ÜRETİM,HALİL DİĞRENCİ,08:06,-,08:06,17:00,08:06,7.5,1.5,7.5,7.5,0.0,0.0,7.5,ÇIKIŞ_YOK_SABAH,True,"Giriş: 08:06 | Çıkış Basılmadı (Tam Gün 7,5s yazıldı)"
28.09.2026,28,Pazartesi,10705928394,00976,00976,TAYFUN GÜNCÜ,BALIK TEMİZLEME,HALİL DİĞRENCİ,08:07,-,08:07,17:00,08:07,7.5,1.5,7.5,7.5,0.0,0.0,7.5,ÇIKIŞ_YOK_SABAH,True,"Giriş: 08:07 | Çıkış Basılmadı (Tam Gün 7,5s yazıldı)"
28.09.2026,28,Pazartesi,13252843738,00243,00243,TAYFUN TIĞRAK,FORMEN,KARACABEY,07:50,-,07:50,17:00,07:50,7.5,1.5,7.5,7.5,0.0,0.0,7.5,ÇIKIŞ_YOK_SABAH,True,"Giriş: 07:50 | Çıkış Basılmadı (Tam Gün 7,5s yazıldı)"
28.09.2026,28,Pazartesi,14701796544,00582,00582,YUSUF SAMAR,MUHASEBE,KARACABEY,07:46,-,07:46,17:00,07:46,7.5,1.5,7.5,7.5,0.0,0.0,7.5,ÇIKIŞ_YOK_SABAH,True,"Giriş: 07:46 | Çıkış Basılmadı (Tam Gün 7,5s yazıldı)"
28.09.2026,28,Pazartesi,10528936408,01364,01364,YUSUF ÇETİN,,HALİL DİĞRENCİ,08:08,-,08:08,17:00,08:08,7.5,1.5,7.5,7.5,0.0,0.0,7.5,ÇIKIŞ_YOK_SABAH,True,"Giriş: 08:08 | Çıkış Basılmadı (Tam Gün 7,5s yazıldı)"
28.09.2026,28,Pazartesi,31861120316,00191,00191,ZAHİDE GÜRBÜZ,BALIK TEMİZLEME,BALIKESİR,07:57,-,07:57,17:00,07:57,7.5,1.5,7.5,7.5,0.0,0.0,7.5,ÇIKIŞ_YOK_SABAH,True,"Giriş: 07:57 | Çıkış Basılmadı (Tam Gün 7,5s yazıldı)"
28.09.2026,28,Pazartesi,27560597764,01048,01048,ZAHİDE HAĞİ,BALIK TEMİZLEME,HALİL DİĞRENCİ,08:03,-,08:03,17:00,08:03,7.5,1.5,7.5,7.5,0.0,0.0,7.5,ÇIKIŞ_YOK_SABAH,True,"Giriş: 08:03 | Çıkış Basılmadı (Tam Gün 7,5s yazıldı)"
28.09.2026,28,Pazartesi,31552110794,00935,00935,ZAHİDE KALDEMİR,BALIK TEMİZLEME,GÜVEN MUSTAFAKEMALPAŞA,08:03,-,08:03,17:00,08:03,7.5,1.5,7.5,7.5,0.0,0.0,7.5,ÇIKIŞ_YOK_SABAH,True,"Giriş: 08:03 | Çıkış Basılmadı (Tam Gün 7,5s yazıldı)"
28.09.2026,28,Pazartesi,22249543988,00192,00192,ZAHİDE NEDİRLİ,KALİTE,KARACABEY,07:45,-,07:45,17:00,07:45,7.5,1.5,7.5,7.5,0.0,0.0,7.5,ÇIKIŞ_YOK_SABAH,True,"Giriş: 07:45 | Çıkış Basılmadı (Tam Gün 7,5s yazıldı)"
28.09.2026,28,Pazartesi,10820807680,01097,01097,ZEHRA ONUK,ÜRETİM,HALİL DİĞRENCİ,08:06,-,08:06,17:00,08:06,7.5,1.5,7.5,7.5,0.0,0.0,7.5,ÇIKIŞ_YOK_SABAH,True,"Giriş: 08:06 | Çıkış Basılmadı (Tam Gün 7,5s yazıldı)"
28.09.2026,28,Pazartesi,23782492962,01049,01049,ZEKİYE ŞEKER,BALIK TEMİZLEME,HALİL DİĞRENCİ,08:04,-,08:04,17:00,08:04,7.5,1.5,7.5,7.5,0.0,0.0,7.5,ÇIKIŞ_YOK_SABAH,True,"Giriş: 08:04 | Çıkış Basılmadı (Tam Gün 7,5s yazıldı)"
28.09.2026,28,Pazartesi,14047825472,00937,00937,ZELİHA ORUÇ,BALIK TEMİZLEME,GÜVEN MUSTAFAKEMALPAŞA,08:01,-,08:01,17:00,08:01,7.5,1.5,7.5,7.5,0.0,0.0,7.5,ÇIKIŞ_YOK_SABAH,True,"Giriş: 08:01 | Çıkış Basılmadı (Tam Gün 7,5s yazıldı)"
28.09.2026,28,Pazartesi,24289352612,00244,00244,ZEYNEP KARAMAN,BALIK TEMİZLEME,BALIKESİR,07:56,-,07:56,17:00,07:56,7.5,1.5,7.5,7.5,0.0,0.0,7.5,ÇIKIŞ_YOK_SABAH,True,"Giriş: 07:56 | Çıkış Basılmadı (Tam Gün 7,5s yazıldı)"
28.09.2026,28,Pazartesi,22498412394,00765,00765,ZEYNEP ONBAŞI,YEMEKHANE,BALIKESİR,07:56,-,07:56,17:00,07:56,7.5,1.5,7.5,7.5,0.0,0.0,7.5,ÇIKIŞ_YOK_SABAH,True,"Giriş: 07:56 | Çıkış Basılmadı (Tam Gün 7,5s yazıldı)"
28.09.2026,28,Pazartesi,22319750032,00782,00782,ÇİDEM FİDAN,BALIK TEMİZLEME,BANDIRMA,07:44,-,07:44,17:00,07:44,7.5,1.5,7.5,7.5,0.0,0.0,7.5,ÇIKIŞ_YOK_SABAH,True,"Giriş: 07:44 | Çıkış Basılmadı (Tam Gün 7,5s yazıldı)"
28.09.2026,28,Pazartesi,33037193346,01349,01349,ÖMÜR SEPETÇİ,ÜRETİM,GÜVEN MUSTAFAKEMALPAŞA,08:04,-,08:04,17:00,08:04,7.5,1.5,7.5,7.5,0.0,0.0,7.5,ÇIKIŞ_YOK_SABAH,True,"Giriş: 08:04 | Çıkış Basılmadı (Tam Gün 7,5s yazıldı)"
28.09.2026,28,Pazartesi,27235386938,00139,00139,ÖMÜRLÜ FERİK,KAZAN,MKP,07:45,-,07:45,17:00,07:45,7.5,1.5,7.5,7.5,0.0,0.0,7.5,ÇIKIŞ_YOK_SABAH,True,"Giriş: 07:45 | Çıkış Basılmadı (Tam Gün 7,5s yazıldı)"
28.09.2026,28,Pazartesi,12268777280,00185,00185,ÜMMÜ AYDOĞAN,ÜRETİM,SUSURLUK TUR-REŞAT,07:44,-,07:44,17:00,07:44,7.5,1.5,7.5,7.5,0.0,0.0,7.5,ÇIKIŞ_YOK_SABAH,True,"Giriş: 07:44 | Çıkış Basılmadı (Tam Gün 7,5s yazıldı)"
28.09.2026,28,Pazartesi,37075059770,01350,01350,ÜVEYS SEPETÇİ,ÜRETİM,GÜVEN MUSTAFAKEMALPAŞA,08:04,-,08:04,17:00,08:04,7.5,1.5,7.5,7.5,0.0,0.0,7.5,ÇIKIŞ_YOK_SABAH,True,"Giriş: 08:04 | Çıkış Basılmadı (Tam Gün 7,5s yazıldı)"
28.09.2026,28,Pazartesi,29515203096,00092,00092,İBÜŞRAHİM YILDIRIM,MEYDAN,MKP,07:45,-,07:45,17:00,07:45,7.5,1.5,7.5,7.5,0.0,0.0,7.5,ÇIKIŞ_YOK_SABAH,True,"Giriş: 07:45 | Çıkış Basılmadı (Tam Gün 7,5s yazıldı)"
28.09.2026,28,Pazartesi,42844787082,00783,00783,İSMAİL BARAK,BALIK KESİM,HALİL DİĞRENCİ,08:05,-,08:05,17:00,08:05,7.5,1.5,7.5,7.5,2.0,2.0,9.5,BÖLÜM_PRİMLİ,True,"Giriş: 08:05 | Çıkış Basılmadı (Tam Gün 7,5s yazıldı) | Balık Dolum ve Kesim Primi: Fiili 7,5s -> Bonuslu 9,5s (+2,0s Prim)"
28.09.2026,28,Pazartesi,25060351046,00230,00230,İSMAİL İMİR,OTOKLAV OPERATÖRÜ,SUSURLUK,07:44,-,07:44,17:00,07:44,7.5,1.5,7.5,7.5,0.0,0.0,7.5,ÇIKIŞ_YOK_SABAH,True,"Giriş: 07:44 | Çıkış Basılmadı (Tam Gün 7,5s yazıldı)"
28.09.2026,28,Pazartesi,37276043530,00426,00426,İİLKNUR KURDEŞ,BALIK TEMİZLEME,HALİL DİĞRENCİ,08:08,-,08:08,17:00,08:08,7.5,1.5,7.5,7.5,0.0,0.0,7.5,ÇIKIŞ_YOK_SABAH,True,"Giriş: 08:08 | Çıkış Basılmadı (Tam Gün 7,5s yazıldı)"
28.09.2026,28,Pazartesi,13720827796,00176,00176,ŞADİ BAŞARICI,BAKIM,KARACABEY,07:50,-,07:50,17:00,07:50,7.5,1.5,7.5,7.5,0.0,0.0,7.5,ÇIKIŞ_YOK_SABAH,True,"Giriş: 07:50 | Çıkış Basılmadı (Tam Gün 7,5s yazıldı)"
28.09.2026,28,Pazartesi,38233180558,00178,00178,ŞAKİR KARAKAŞ,AMBAR,BANDIRMA,07:46,-,07:46,17:00,07:46,7.5,1.5,7.5,7.5,0.0,0.0,7.5,ÇIKIŞ_YOK_SABAH,True,"Giriş: 07:46 | Çıkış Basılmadı (Tam Gün 7,5s yazıldı)"
28.09.2026,28,Pazartesi,25192322242,00179,00179,ŞAYİKA KOPARAN,AMBAR,BİGADİÇ,08:02,-,08:02,17:00,08:02,7.5,1.5,7.5,7.5,0.0,0.0,7.5,ÇIKIŞ_YOK_SABAH,True,"Giriş: 08:02 | Çıkış Basılmadı (Tam Gün 7,5s yazıldı)"
28.09.2026,28,Pazartesi,10255820520,00242,00242,ŞERBANE SARAN,BALIK TEMİZLEME,BALIKESİR,07:56,-,07:56,17:00,07:56,7.5,1.5,7.5,7.5,0.0,0.0,7.5,ÇIKIŞ_YOK_SABAH,True,"Giriş: 07:56 | Çıkış Basılmadı (Tam Gün 7,5s yazıldı)"
